-- phpMyAdmin SQL Dump
-- version 5.2.1
-- https://www.phpmyadmin.net/
--
-- Servidor: 127.0.0.1
-- Tiempo de generación: 10-07-2023 a las 00:12:59
-- Versión del servidor: 10.4.28-MariaDB
-- Versión de PHP: 8.0.28

SET SQL_MODE = "NO_AUTO_VALUE_ON_ZERO";
START TRANSACTION;
SET time_zone = "+00:00";


/*!40101 SET @OLD_CHARACTER_SET_CLIENT=@@CHARACTER_SET_CLIENT */;
/*!40101 SET @OLD_CHARACTER_SET_RESULTS=@@CHARACTER_SET_RESULTS */;
/*!40101 SET @OLD_COLLATION_CONNECTION=@@COLLATION_CONNECTION */;
/*!40101 SET NAMES utf8mb4 */;

--
-- Base de datos: `uefbc`
--

-- --------------------------------------------------------

--
-- Estructura de tabla para la tabla `anio_lectivo`
--

CREATE TABLE `anio_lectivo` (
  `AL_ID` int(11) NOT NULL,
  `AL_INI` date NOT NULL,
  `AL_FIN` date NOT NULL,
  `AL_PRD` int(11) NOT NULL,
  `AL_SUB_PRD` int(11) NOT NULL,
  `AL_EXM` int(11) NOT NULL,
  `AL_EXT` int(11) NOT NULL,
  `AL_POR_PRD` int(11) NOT NULL,
  `AL_POR_EXM` int(11) NOT NULL,
  `AL_ESTADO` char(1) NOT NULL CHECK (`AL_ESTADO` in ('A','I')),
  `USR_CREADOR_ID` int(11) NOT NULL,
  `FECHA_CREACION` datetime NOT NULL DEFAULT current_timestamp()
) ENGINE=InnoDB DEFAULT CHARSET=utf8mb4 COLLATE=utf8mb4_general_ci;

--
-- Volcado de datos para la tabla `anio_lectivo`
--

INSERT INTO `anio_lectivo` (`AL_ID`, `AL_INI`, `AL_FIN`, `AL_PRD`, `AL_SUB_PRD`, `AL_EXM`, `AL_EXT`, `AL_POR_PRD`, `AL_POR_EXM`, `AL_ESTADO`, `USR_CREADOR_ID`, `FECHA_CREACION`) VALUES
(1, '2014-12-09', '2015-02-09', 3, 3, 0, 0, 0, 0, 'I', 16, '2023-07-02 16:25:32'),
(2, '2020-11-04', '2021-01-04', 2, 3, 0, 0, 0, 0, 'I', 11, '2023-07-02 16:25:32'),
(3, '2013-03-16', '2013-05-16', 3, 3, 0, 0, 0, 0, 'I', 32, '2023-07-02 16:25:32'),
(4, '2013-07-01', '2013-09-01', 3, 3, 0, 0, 0, 0, 'I', 22, '2023-07-02 16:25:32'),
(5, '2019-09-22', '2019-11-22', 2, 4, 0, 0, 0, 0, 'I', 36, '2023-07-02 16:25:32'),
(6, '2023-05-15', '2023-07-15', 3, 3, 0, 0, 0, 0, 'A', 23, '2023-07-02 16:25:32'),
(7, '2011-10-07', '2011-12-07', 2, 4, 0, 0, 0, 0, 'I', 26, '2023-07-02 16:25:32'),
(8, '2005-05-21', '2005-07-21', 2, 4, 0, 0, 0, 0, 'I', 12, '2023-07-02 16:25:32'),
(9, '2009-08-27', '2009-10-27', 2, 3, 0, 0, 0, 0, 'I', 32, '2023-07-02 16:25:32'),
(10, '2005-11-14', '2006-01-14', 3, 3, 0, 0, 0, 0, 'I', 23, '2023-07-02 16:25:32'),
(11, '2012-05-08', '2012-07-08', 2, 3, 0, 0, 0, 0, 'I', 38, '2023-07-02 16:25:32'),
(12, '2017-11-14', '2018-01-14', 2, 3, 0, 0, 0, 0, 'I', 9, '2023-07-02 16:25:32'),
(13, '2021-01-27', '2021-03-27', 3, 3, 0, 0, 0, 0, 'I', 37, '2023-07-02 16:25:32'),
(14, '2022-07-31', '2022-09-30', 3, 4, 0, 0, 0, 0, 'I', 20, '2023-07-02 16:25:32'),
(15, '2006-09-10', '2006-11-10', 3, 3, 0, 0, 0, 0, 'I', 35, '2023-07-02 16:25:32'),
(16, '2012-05-03', '2012-07-03', 2, 3, 0, 0, 0, 0, 'I', 36, '2023-07-02 16:25:32'),
(17, '2022-03-12', '2022-05-12', 2, 3, 0, 0, 0, 0, 'I', 19, '2023-07-02 16:25:32'),
(18, '2008-06-12', '2008-08-12', 3, 3, 0, 0, 0, 0, 'I', 48, '2023-07-02 16:25:32');

-- --------------------------------------------------------

--
-- Estructura de tabla para la tabla `asg_prll_prf`
--

CREATE TABLE `asg_prll_prf` (
  `ASG_PRLL_PRF_ID` int(11) NOT NULL,
  `ASG_PRLL_PRF_ESTADO` char(1) NOT NULL,
  `ASG_ID` int(11) NOT NULL,
  `PRF_ID` int(11) NOT NULL,
  `PRLL_ID` int(11) NOT NULL,
  `USR_CREADOR_ID` int(11) NOT NULL,
  `FECHA_CREACION` datetime NOT NULL DEFAULT current_timestamp()
) ENGINE=InnoDB DEFAULT CHARSET=utf8mb4 COLLATE=utf8mb4_general_ci;

--
-- Volcado de datos para la tabla `asg_prll_prf`
--

INSERT INTO `asg_prll_prf` (`ASG_PRLL_PRF_ID`, `ASG_PRLL_PRF_ESTADO`, `ASG_ID`, `PRF_ID`, `PRLL_ID`, `USR_CREADOR_ID`, `FECHA_CREACION`) VALUES
(1, 'A', 8, 29, 34, 21, '2023-07-02 16:54:21'),
(2, 'A', 11, 70, 218, 24, '2023-07-02 16:54:21'),
(3, 'A', 4, 80, 72, 8, '2023-07-02 16:54:21'),
(4, 'A', 2, 68, 120, 19, '2023-07-02 16:54:21'),
(5, 'A', 7, 37, 156, 3, '2023-07-02 16:54:21'),
(6, 'A', 2, 62, 175, 15, '2023-07-02 16:54:21'),
(7, 'A', 5, 71, 124, 1, '2023-07-02 16:54:21'),
(8, 'A', 7, 16, 138, 39, '2023-07-02 16:54:21'),
(9, 'A', 4, 56, 20, 40, '2023-07-02 16:54:21'),
(10, 'A', 3, 70, 124, 10, '2023-07-02 16:54:21'),
(11, 'A', 5, 93, 218, 11, '2023-07-02 16:54:21'),
(12, 'A', 4, 45, 169, 28, '2023-07-02 16:54:21'),
(13, 'A', 9, 31, 145, 47, '2023-07-02 16:54:21'),
(14, 'A', 13, 31, 123, 43, '2023-07-02 16:54:21'),
(15, 'A', 1, 81, 175, 9, '2023-07-02 16:54:21'),
(16, 'A', 1, 48, 134, 46, '2023-07-02 16:54:21'),
(17, 'A', 3, 30, 109, 41, '2023-07-02 16:54:21'),
(18, 'A', 12, 15, 155, 7, '2023-07-02 16:54:21'),
(19, 'A', 12, 10, 92, 2, '2023-07-02 16:54:21'),
(20, 'A', 10, 12, 104, 1, '2023-07-02 16:54:21'),
(21, 'A', 14, 82, 36, 4, '2023-07-02 16:54:21'),
(22, 'A', 8, 45, 45, 25, '2023-07-02 16:54:21'),
(23, 'A', 12, 49, 47, 4, '2023-07-02 16:54:21'),
(24, 'A', 9, 83, 161, 42, '2023-07-02 16:54:21'),
(25, 'A', 11, 19, 20, 11, '2023-07-02 16:54:21'),
(26, 'A', 14, 12, 125, 31, '2023-07-02 16:54:21'),
(27, 'A', 14, 53, 227, 30, '2023-07-02 16:54:21'),
(28, 'A', 5, 68, 161, 8, '2023-07-02 16:54:21'),
(29, 'A', 10, 72, 149, 34, '2023-07-02 16:54:21'),
(30, 'A', 14, 30, 105, 43, '2023-07-02 16:54:21'),
(31, 'A', 7, 4, 145, 34, '2023-07-02 16:54:21'),
(32, 'A', 1, 25, 65, 32, '2023-07-02 16:54:21'),
(33, 'A', 6, 76, 66, 21, '2023-07-02 16:54:21'),
(34, 'A', 15, 4, 108, 41, '2023-07-02 16:54:21'),
(35, 'A', 2, 31, 130, 47, '2023-07-02 16:54:21'),
(36, 'A', 5, 55, 40, 18, '2023-07-02 16:54:21'),
(37, 'A', 8, 51, 171, 39, '2023-07-02 16:54:21'),
(38, 'A', 15, 97, 166, 2, '2023-07-02 16:54:21'),
(39, 'A', 6, 13, 184, 24, '2023-07-02 16:54:21'),
(40, 'A', 3, 28, 40, 24, '2023-07-02 16:54:21'),
(41, 'A', 9, 32, 204, 23, '2023-07-02 16:54:21'),
(42, 'A', 10, 5, 133, 39, '2023-07-02 16:54:21'),
(43, 'A', 9, 15, 177, 46, '2023-07-02 16:54:21'),
(44, 'A', 3, 70, 134, 9, '2023-07-02 16:54:21'),
(45, 'A', 2, 11, 39, 23, '2023-07-02 16:54:21'),
(46, 'A', 8, 26, 192, 19, '2023-07-02 16:54:21'),
(47, 'A', 10, 75, 112, 3, '2023-07-02 16:54:21'),
(48, 'A', 9, 16, 173, 40, '2023-07-02 16:54:21'),
(49, 'A', 6, 41, 25, 39, '2023-07-02 16:54:21'),
(50, 'A', 7, 21, 13, 10, '2023-07-02 16:54:21'),
(51, 'A', 3, 93, 82, 33, '2023-07-02 16:54:21'),
(52, 'A', 12, 74, 229, 44, '2023-07-02 16:54:21'),
(53, 'A', 5, 90, 212, 28, '2023-07-02 16:54:21'),
(54, 'A', 15, 46, 91, 7, '2023-07-02 16:54:21'),
(55, 'A', 3, 44, 109, 2, '2023-07-02 16:54:21'),
(56, 'A', 12, 51, 6, 1, '2023-07-02 16:54:21'),
(57, 'A', 7, 50, 138, 48, '2023-07-02 16:54:21'),
(58, 'A', 1, 26, 23, 12, '2023-07-02 16:54:21'),
(59, 'A', 13, 18, 50, 47, '2023-07-02 16:54:21'),
(60, 'A', 10, 6, 41, 23, '2023-07-02 16:54:21'),
(61, 'A', 2, 75, 161, 48, '2023-07-02 16:54:21'),
(62, 'A', 11, 27, 76, 32, '2023-07-02 16:54:21'),
(63, 'A', 5, 65, 144, 44, '2023-07-02 16:54:21'),
(64, 'A', 13, 7, 47, 29, '2023-07-02 16:54:21'),
(65, 'A', 1, 83, 57, 29, '2023-07-02 16:54:21'),
(66, 'A', 8, 19, 228, 1, '2023-07-02 16:54:21'),
(67, 'A', 2, 96, 135, 20, '2023-07-02 16:54:21'),
(68, 'A', 1, 83, 216, 32, '2023-07-02 16:54:21'),
(69, 'A', 7, 67, 217, 6, '2023-07-02 16:54:21'),
(70, 'A', 10, 2, 37, 2, '2023-07-02 16:54:21'),
(71, 'A', 10, 45, 3, 18, '2023-07-02 16:54:21'),
(72, 'A', 1, 43, 198, 43, '2023-07-02 16:54:21'),
(73, 'A', 12, 67, 183, 36, '2023-07-02 16:54:21'),
(74, 'A', 11, 80, 76, 6, '2023-07-02 16:54:21'),
(75, 'A', 11, 98, 225, 13, '2023-07-02 16:54:21'),
(76, 'A', 6, 83, 233, 28, '2023-07-02 16:54:21'),
(77, 'A', 13, 40, 230, 20, '2023-07-02 16:54:21'),
(78, 'A', 7, 37, 171, 6, '2023-07-02 16:54:21'),
(79, 'A', 4, 25, 194, 23, '2023-07-02 16:54:21'),
(80, 'A', 12, 45, 32, 9, '2023-07-02 16:54:21'),
(81, 'A', 10, 55, 121, 20, '2023-07-02 16:54:21'),
(82, 'A', 8, 63, 15, 28, '2023-07-02 16:54:21'),
(83, 'A', 8, 88, 2, 6, '2023-07-02 16:54:21'),
(84, 'A', 3, 47, 113, 20, '2023-07-02 16:54:21'),
(85, 'A', 12, 92, 147, 25, '2023-07-02 16:54:21'),
(86, 'A', 13, 1, 71, 27, '2023-07-02 16:54:21'),
(87, 'A', 5, 23, 196, 48, '2023-07-02 16:54:21'),
(88, 'A', 5, 61, 221, 34, '2023-07-02 16:54:21'),
(89, 'A', 9, 57, 72, 46, '2023-07-02 16:54:21'),
(90, 'A', 10, 65, 31, 13, '2023-07-02 16:54:21'),
(91, 'A', 1, 1, 104, 32, '2023-07-02 16:54:21'),
(92, 'A', 1, 19, 97, 18, '2023-07-02 16:54:21'),
(93, 'A', 8, 28, 55, 8, '2023-07-02 16:54:21'),
(94, 'A', 13, 47, 149, 2, '2023-07-02 16:54:21'),
(95, 'A', 15, 7, 60, 4, '2023-07-02 16:54:21'),
(96, 'A', 9, 22, 65, 28, '2023-07-02 16:54:21'),
(97, 'A', 2, 31, 80, 45, '2023-07-02 16:54:21'),
(98, 'A', 6, 37, 41, 46, '2023-07-02 16:54:21'),
(99, 'A', 6, 16, 24, 12, '2023-07-02 16:54:21'),
(100, 'A', 6, 24, 179, 35, '2023-07-02 16:54:21'),
(101, 'A', 9, 31, 93, 4, '2023-07-02 16:54:21'),
(102, 'A', 11, 40, 194, 23, '2023-07-02 16:54:21'),
(103, 'A', 5, 92, 14, 4, '2023-07-02 16:54:21'),
(104, 'A', 12, 98, 47, 43, '2023-07-02 16:54:21'),
(105, 'A', 6, 48, 187, 36, '2023-07-02 16:54:21'),
(106, 'A', 9, 17, 64, 41, '2023-07-02 16:54:21'),
(107, 'A', 15, 53, 214, 1, '2023-07-02 16:54:21'),
(108, 'A', 12, 90, 103, 2, '2023-07-02 16:54:21'),
(109, 'A', 2, 15, 92, 33, '2023-07-02 16:54:21'),
(110, 'A', 3, 88, 162, 42, '2023-07-02 16:54:21'),
(111, 'A', 11, 76, 159, 19, '2023-07-02 16:54:21'),
(112, 'A', 11, 5, 15, 33, '2023-07-02 16:54:21'),
(113, 'A', 4, 35, 62, 16, '2023-07-02 16:54:21'),
(114, 'A', 14, 78, 26, 1, '2023-07-02 16:54:21'),
(115, 'A', 7, 9, 142, 16, '2023-07-02 16:54:21'),
(116, 'A', 3, 94, 126, 40, '2023-07-02 16:54:21'),
(117, 'A', 11, 47, 214, 15, '2023-07-02 16:54:21'),
(118, 'A', 13, 84, 128, 6, '2023-07-02 16:54:21'),
(119, 'A', 10, 47, 174, 31, '2023-07-02 16:54:21'),
(120, 'A', 10, 20, 117, 15, '2023-07-02 16:54:21'),
(121, 'A', 9, 52, 49, 38, '2023-07-02 16:54:21'),
(122, 'A', 9, 88, 55, 10, '2023-07-02 16:54:21'),
(123, 'A', 6, 48, 91, 14, '2023-07-02 16:54:21'),
(124, 'A', 8, 31, 26, 26, '2023-07-02 16:54:21'),
(125, 'A', 10, 39, 149, 43, '2023-07-02 16:54:21'),
(126, 'A', 2, 61, 52, 32, '2023-07-02 16:54:21'),
(127, 'A', 11, 57, 145, 45, '2023-07-02 16:54:21'),
(128, 'A', 13, 90, 74, 6, '2023-07-02 16:54:21'),
(129, 'A', 6, 79, 34, 34, '2023-07-02 16:54:21'),
(130, 'A', 8, 34, 182, 16, '2023-07-02 16:54:21'),
(131, 'A', 4, 70, 78, 43, '2023-07-02 16:54:21'),
(132, 'A', 3, 11, 46, 43, '2023-07-02 16:54:21'),
(133, 'A', 4, 47, 186, 22, '2023-07-02 16:54:21'),
(134, 'A', 9, 37, 18, 39, '2023-07-02 16:54:21'),
(135, 'A', 6, 100, 170, 4, '2023-07-02 16:54:21'),
(136, 'A', 5, 67, 103, 41, '2023-07-02 16:54:21'),
(137, 'A', 9, 91, 57, 6, '2023-07-02 16:54:21'),
(138, 'A', 10, 9, 214, 42, '2023-07-02 16:54:21'),
(139, 'A', 2, 15, 25, 32, '2023-07-02 16:54:21'),
(140, 'A', 10, 78, 228, 20, '2023-07-02 16:54:21'),
(141, 'A', 6, 16, 74, 14, '2023-07-02 16:54:21'),
(142, 'A', 4, 77, 233, 6, '2023-07-02 16:54:21'),
(143, 'A', 3, 62, 183, 4, '2023-07-02 16:54:21'),
(144, 'A', 4, 55, 53, 20, '2023-07-02 16:54:21'),
(145, 'A', 5, 43, 154, 43, '2023-07-02 16:54:21'),
(146, 'A', 8, 22, 69, 5, '2023-07-02 16:54:21'),
(147, 'A', 13, 54, 203, 39, '2023-07-02 16:54:21'),
(148, 'A', 2, 89, 59, 5, '2023-07-02 16:54:21'),
(149, 'A', 15, 40, 182, 25, '2023-07-02 16:54:21'),
(150, 'A', 4, 48, 11, 31, '2023-07-02 16:54:21'),
(151, 'A', 14, 47, 1, 44, '2023-07-02 16:54:21'),
(152, 'A', 4, 83, 221, 31, '2023-07-02 16:54:21'),
(153, 'A', 15, 90, 127, 3, '2023-07-02 16:54:21'),
(154, 'A', 15, 56, 59, 24, '2023-07-02 16:54:21'),
(155, 'A', 8, 67, 228, 41, '2023-07-02 16:54:21'),
(156, 'A', 4, 60, 53, 46, '2023-07-02 16:54:21'),
(157, 'A', 4, 2, 65, 19, '2023-07-02 16:54:21'),
(158, 'A', 3, 33, 23, 15, '2023-07-02 16:54:21'),
(159, 'A', 7, 82, 196, 39, '2023-07-02 16:54:21'),
(160, 'A', 2, 29, 194, 43, '2023-07-02 16:54:21'),
(161, 'A', 14, 88, 91, 2, '2023-07-02 16:54:21'),
(162, 'A', 9, 38, 149, 8, '2023-07-02 16:54:21'),
(163, 'A', 9, 17, 128, 9, '2023-07-02 16:54:21'),
(164, 'A', 9, 6, 149, 17, '2023-07-02 16:54:21'),
(165, 'A', 3, 14, 27, 44, '2023-07-02 16:54:21'),
(166, 'A', 14, 55, 193, 41, '2023-07-02 16:54:21'),
(167, 'A', 8, 30, 84, 18, '2023-07-02 16:54:21'),
(168, 'A', 12, 47, 103, 4, '2023-07-02 16:54:21'),
(169, 'A', 14, 7, 196, 34, '2023-07-02 16:54:21'),
(170, 'A', 1, 90, 113, 36, '2023-07-02 16:54:21'),
(171, 'A', 15, 32, 172, 34, '2023-07-02 16:54:21'),
(172, 'A', 15, 69, 137, 26, '2023-07-02 16:54:21'),
(173, 'A', 6, 72, 111, 48, '2023-07-02 16:54:21'),
(174, 'A', 3, 18, 94, 23, '2023-07-02 16:54:21'),
(175, 'A', 9, 74, 39, 5, '2023-07-02 16:54:21'),
(176, 'A', 3, 56, 179, 13, '2023-07-02 16:54:21'),
(177, 'A', 2, 18, 209, 41, '2023-07-02 16:54:21'),
(178, 'A', 11, 94, 194, 40, '2023-07-02 16:54:21'),
(179, 'A', 2, 31, 109, 3, '2023-07-02 16:54:21'),
(180, 'A', 11, 72, 62, 2, '2023-07-02 16:54:21'),
(181, 'A', 8, 79, 82, 4, '2023-07-02 16:54:21'),
(182, 'A', 8, 70, 149, 43, '2023-07-02 16:54:21'),
(183, 'A', 2, 65, 120, 5, '2023-07-02 16:54:21'),
(184, 'A', 8, 23, 25, 29, '2023-07-02 16:54:21'),
(185, 'A', 15, 65, 110, 40, '2023-07-02 16:54:21'),
(186, 'A', 3, 42, 93, 6, '2023-07-02 16:54:21'),
(187, 'A', 4, 71, 225, 44, '2023-07-02 16:54:21'),
(188, 'A', 6, 40, 172, 39, '2023-07-02 16:54:21'),
(189, 'A', 6, 58, 217, 9, '2023-07-02 16:54:21'),
(190, 'A', 2, 76, 64, 10, '2023-07-02 16:54:21'),
(191, 'A', 8, 50, 153, 19, '2023-07-02 16:54:21'),
(192, 'A', 10, 23, 108, 45, '2023-07-02 16:54:21'),
(193, 'A', 7, 47, 11, 17, '2023-07-02 16:54:21'),
(194, 'A', 5, 73, 10, 5, '2023-07-02 16:54:21'),
(195, 'A', 2, 74, 205, 35, '2023-07-02 16:54:21'),
(196, 'A', 9, 4, 109, 44, '2023-07-02 16:54:21'),
(197, 'A', 2, 93, 126, 3, '2023-07-02 16:54:21'),
(198, 'A', 12, 57, 59, 39, '2023-07-02 16:54:21'),
(199, 'A', 9, 58, 52, 38, '2023-07-02 16:54:21'),
(200, 'A', 8, 34, 121, 36, '2023-07-02 16:54:21'),
(201, 'A', 10, 77, 99, 35, '2023-07-02 16:54:21'),
(202, 'A', 4, 44, 169, 24, '2023-07-02 16:54:21'),
(203, 'A', 15, 78, 140, 40, '2023-07-02 16:54:21'),
(204, 'A', 3, 8, 194, 20, '2023-07-02 16:54:21'),
(205, 'A', 7, 70, 8, 3, '2023-07-02 16:54:21'),
(206, 'A', 8, 7, 50, 42, '2023-07-02 16:54:21'),
(207, 'A', 11, 64, 60, 16, '2023-07-02 16:54:21'),
(208, 'A', 2, 94, 38, 11, '2023-07-02 16:54:21'),
(209, 'A', 13, 60, 179, 27, '2023-07-02 16:54:21'),
(210, 'A', 13, 68, 226, 12, '2023-07-02 16:54:21'),
(211, 'A', 14, 17, 10, 25, '2023-07-02 16:54:21'),
(212, 'A', 13, 21, 181, 22, '2023-07-02 16:54:21'),
(213, 'A', 9, 42, 83, 11, '2023-07-02 16:54:21'),
(214, 'A', 12, 100, 212, 3, '2023-07-02 16:54:21'),
(215, 'A', 9, 2, 78, 37, '2023-07-02 16:54:21'),
(216, 'A', 7, 62, 42, 4, '2023-07-02 16:54:21'),
(217, 'A', 7, 100, 163, 10, '2023-07-02 16:54:21'),
(218, 'A', 1, 100, 199, 20, '2023-07-02 16:54:21'),
(219, 'A', 14, 60, 202, 5, '2023-07-02 16:54:21'),
(220, 'A', 5, 43, 219, 11, '2023-07-02 16:54:21'),
(221, 'A', 9, 46, 112, 34, '2023-07-02 16:54:21'),
(222, 'A', 5, 1, 78, 21, '2023-07-02 16:54:21'),
(223, 'A', 6, 68, 80, 22, '2023-07-02 16:54:21'),
(224, 'A', 8, 28, 120, 42, '2023-07-02 16:54:21'),
(225, 'A', 9, 51, 174, 48, '2023-07-02 16:54:21'),
(226, 'A', 6, 21, 33, 17, '2023-07-02 16:54:21'),
(227, 'A', 3, 82, 142, 21, '2023-07-02 16:54:21'),
(228, 'A', 10, 6, 134, 21, '2023-07-02 16:54:21'),
(229, 'A', 4, 76, 2, 33, '2023-07-02 16:54:21'),
(230, 'A', 14, 18, 151, 38, '2023-07-02 16:54:21'),
(231, 'A', 9, 81, 130, 47, '2023-07-02 16:54:21'),
(232, 'A', 1, 11, 69, 38, '2023-07-02 16:54:21'),
(233, 'A', 7, 64, 65, 4, '2023-07-02 16:54:21'),
(234, 'A', 4, 45, 5, 46, '2023-07-02 16:54:21'),
(235, 'A', 8, 43, 51, 32, '2023-07-02 16:54:21'),
(236, 'A', 12, 72, 105, 15, '2023-07-02 16:54:21'),
(237, 'A', 2, 17, 234, 10, '2023-07-02 16:54:21'),
(238, 'A', 7, 71, 5, 33, '2023-07-02 16:54:21'),
(239, 'A', 13, 66, 98, 5, '2023-07-02 16:54:21'),
(240, 'A', 13, 19, 60, 47, '2023-07-02 16:54:21'),
(241, 'A', 12, 27, 39, 12, '2023-07-02 16:54:21'),
(242, 'A', 15, 82, 123, 44, '2023-07-02 16:54:21'),
(243, 'A', 1, 3, 37, 41, '2023-07-02 16:54:21'),
(244, 'A', 11, 60, 174, 37, '2023-07-02 16:54:21'),
(245, 'A', 7, 94, 61, 25, '2023-07-02 16:54:21'),
(246, 'A', 8, 99, 67, 18, '2023-07-02 16:54:21'),
(247, 'A', 7, 99, 160, 21, '2023-07-02 16:54:21'),
(248, 'A', 9, 39, 200, 23, '2023-07-02 16:54:21'),
(249, 'A', 15, 82, 211, 12, '2023-07-02 16:54:21'),
(250, 'A', 4, 13, 218, 39, '2023-07-02 16:54:21'),
(251, 'A', 11, 48, 195, 29, '2023-07-02 16:54:21'),
(252, 'A', 10, 14, 197, 23, '2023-07-02 16:54:21'),
(253, 'A', 3, 81, 79, 2, '2023-07-02 16:54:21'),
(254, 'A', 2, 30, 99, 24, '2023-07-02 16:54:21'),
(255, 'A', 11, 23, 27, 31, '2023-07-02 16:54:21'),
(256, 'A', 11, 22, 180, 16, '2023-07-02 16:54:21'),
(257, 'A', 14, 91, 178, 10, '2023-07-02 16:54:21'),
(258, 'A', 5, 46, 232, 36, '2023-07-02 16:54:21'),
(259, 'A', 4, 63, 92, 40, '2023-07-02 16:54:21'),
(260, 'A', 2, 56, 16, 27, '2023-07-02 16:54:21'),
(261, 'A', 8, 98, 62, 2, '2023-07-02 16:54:21'),
(262, 'A', 11, 100, 166, 4, '2023-07-02 16:54:21'),
(263, 'A', 4, 63, 115, 48, '2023-07-02 16:54:21'),
(264, 'A', 11, 40, 5, 12, '2023-07-02 16:54:21'),
(265, 'A', 11, 82, 185, 12, '2023-07-02 16:54:21'),
(266, 'A', 8, 66, 45, 20, '2023-07-02 16:54:21'),
(267, 'A', 4, 66, 151, 10, '2023-07-02 16:54:21'),
(268, 'A', 8, 61, 126, 39, '2023-07-02 16:54:21'),
(269, 'A', 10, 92, 147, 48, '2023-07-02 16:54:21'),
(270, 'A', 9, 97, 22, 37, '2023-07-02 16:54:21'),
(271, 'A', 2, 42, 154, 7, '2023-07-02 16:54:21'),
(272, 'A', 7, 53, 57, 38, '2023-07-02 16:54:21'),
(273, 'A', 13, 1, 75, 11, '2023-07-02 16:54:21'),
(274, 'A', 12, 37, 155, 22, '2023-07-02 16:54:21'),
(275, 'A', 1, 36, 159, 2, '2023-07-02 16:54:21'),
(276, 'A', 6, 62, 184, 8, '2023-07-02 16:54:21'),
(277, 'A', 1, 85, 121, 26, '2023-07-02 16:54:21'),
(278, 'A', 2, 17, 31, 48, '2023-07-02 16:54:21'),
(279, 'A', 9, 44, 125, 37, '2023-07-02 16:54:21'),
(280, 'A', 4, 25, 4, 10, '2023-07-02 16:54:21'),
(281, 'A', 7, 27, 176, 45, '2023-07-02 16:54:21'),
(282, 'A', 5, 64, 162, 17, '2023-07-02 16:54:21'),
(283, 'A', 6, 52, 112, 27, '2023-07-02 16:54:21'),
(284, 'A', 5, 64, 136, 6, '2023-07-02 16:54:21'),
(285, 'A', 3, 49, 93, 42, '2023-07-02 16:54:21'),
(286, 'A', 8, 2, 199, 44, '2023-07-02 16:54:21'),
(287, 'A', 8, 98, 59, 32, '2023-07-02 16:54:21'),
(288, 'A', 10, 20, 175, 39, '2023-07-02 16:54:21'),
(289, 'A', 9, 71, 91, 18, '2023-07-02 16:54:21'),
(290, 'A', 6, 2, 10, 27, '2023-07-02 16:54:21'),
(291, 'A', 13, 25, 69, 41, '2023-07-02 16:54:21'),
(292, 'A', 13, 74, 33, 40, '2023-07-02 16:54:21'),
(293, 'A', 4, 53, 223, 9, '2023-07-02 16:54:21'),
(294, 'A', 1, 91, 205, 42, '2023-07-02 16:54:21'),
(295, 'A', 10, 37, 77, 41, '2023-07-02 16:54:21'),
(296, 'A', 8, 91, 112, 42, '2023-07-02 16:54:21'),
(297, 'A', 3, 77, 38, 23, '2023-07-02 16:54:21'),
(298, 'A', 4, 11, 102, 45, '2023-07-02 16:54:21'),
(299, 'A', 9, 75, 231, 12, '2023-07-02 16:54:21'),
(300, 'A', 3, 49, 4, 36, '2023-07-02 16:54:21'),
(301, 'A', 4, 38, 213, 21, '2023-07-02 16:54:21'),
(302, 'A', 6, 29, 206, 4, '2023-07-02 16:54:21'),
(303, 'A', 8, 47, 142, 25, '2023-07-02 16:54:21'),
(304, 'A', 6, 27, 219, 35, '2023-07-02 16:54:21'),
(305, 'A', 4, 72, 8, 25, '2023-07-02 16:54:21'),
(306, 'A', 2, 1, 99, 26, '2023-07-02 16:54:21'),
(307, 'A', 2, 7, 146, 25, '2023-07-02 16:54:21'),
(308, 'A', 14, 46, 127, 47, '2023-07-02 16:54:21'),
(309, 'A', 2, 74, 125, 28, '2023-07-02 16:54:21'),
(310, 'A', 15, 81, 218, 18, '2023-07-02 16:54:21'),
(311, 'A', 1, 31, 128, 42, '2023-07-02 16:54:21'),
(312, 'A', 4, 72, 139, 4, '2023-07-02 16:54:21'),
(313, 'A', 11, 2, 127, 35, '2023-07-02 16:54:21'),
(314, 'A', 13, 75, 145, 31, '2023-07-02 16:54:21'),
(315, 'A', 3, 84, 105, 4, '2023-07-02 16:54:21'),
(316, 'A', 15, 24, 15, 22, '2023-07-02 16:54:21'),
(317, 'A', 15, 40, 176, 35, '2023-07-02 16:54:21'),
(318, 'A', 2, 36, 26, 23, '2023-07-02 16:54:21'),
(319, 'A', 2, 65, 13, 14, '2023-07-02 16:54:21'),
(320, 'A', 5, 86, 113, 46, '2023-07-02 16:54:21'),
(321, 'A', 12, 39, 11, 37, '2023-07-02 16:54:21'),
(322, 'A', 6, 59, 3, 23, '2023-07-02 16:54:21'),
(323, 'A', 5, 22, 227, 40, '2023-07-02 16:54:21'),
(324, 'A', 10, 34, 96, 38, '2023-07-02 16:54:21'),
(325, 'A', 10, 20, 21, 21, '2023-07-02 16:54:21'),
(326, 'A', 1, 85, 186, 18, '2023-07-02 16:54:21'),
(327, 'A', 8, 7, 214, 10, '2023-07-02 16:54:21'),
(328, 'A', 3, 94, 224, 22, '2023-07-02 16:54:21'),
(329, 'A', 15, 15, 126, 4, '2023-07-02 16:54:21'),
(330, 'A', 10, 5, 179, 2, '2023-07-02 16:54:21'),
(331, 'A', 14, 94, 73, 25, '2023-07-02 16:54:21'),
(332, 'A', 4, 91, 77, 27, '2023-07-02 16:54:21'),
(333, 'A', 7, 39, 136, 41, '2023-07-02 16:54:21'),
(334, 'A', 2, 11, 158, 20, '2023-07-02 16:54:21'),
(335, 'A', 5, 83, 34, 39, '2023-07-02 16:54:21'),
(336, 'A', 13, 88, 49, 18, '2023-07-02 16:54:21'),
(337, 'A', 15, 30, 214, 3, '2023-07-02 16:54:21'),
(338, 'A', 7, 98, 57, 27, '2023-07-02 16:54:21'),
(339, 'A', 15, 40, 81, 41, '2023-07-02 16:54:21'),
(340, 'A', 2, 13, 9, 33, '2023-07-02 16:54:21'),
(341, 'A', 15, 28, 116, 19, '2023-07-02 16:54:21'),
(342, 'A', 4, 12, 155, 13, '2023-07-02 16:54:21'),
(343, 'A', 9, 11, 192, 7, '2023-07-02 16:54:21'),
(344, 'A', 3, 3, 182, 29, '2023-07-02 16:54:21'),
(345, 'A', 14, 43, 128, 33, '2023-07-02 16:54:21'),
(346, 'A', 13, 35, 64, 5, '2023-07-02 16:54:21'),
(347, 'A', 15, 24, 104, 7, '2023-07-02 16:54:21'),
(348, 'A', 15, 99, 180, 30, '2023-07-02 16:54:21'),
(349, 'A', 1, 24, 181, 32, '2023-07-02 16:54:21'),
(350, 'A', 15, 64, 47, 7, '2023-07-02 16:54:21'),
(351, 'A', 1, 80, 183, 19, '2023-07-02 16:54:21'),
(352, 'A', 10, 26, 194, 15, '2023-07-02 16:54:21'),
(353, 'A', 10, 93, 31, 31, '2023-07-02 16:54:21'),
(354, 'A', 10, 95, 34, 22, '2023-07-02 16:54:21'),
(355, 'A', 8, 92, 101, 11, '2023-07-02 16:54:21'),
(356, 'A', 10, 42, 32, 33, '2023-07-02 16:54:21'),
(357, 'A', 10, 88, 88, 23, '2023-07-02 16:54:21'),
(358, 'A', 10, 82, 23, 29, '2023-07-02 16:54:21'),
(359, 'A', 1, 29, 36, 1, '2023-07-02 16:54:21'),
(360, 'A', 5, 79, 188, 36, '2023-07-02 16:54:21'),
(361, 'A', 11, 32, 183, 5, '2023-07-02 16:54:21'),
(362, 'A', 1, 8, 37, 7, '2023-07-02 16:54:22'),
(363, 'A', 2, 69, 135, 48, '2023-07-02 16:54:22'),
(364, 'A', 14, 24, 207, 24, '2023-07-02 16:54:22'),
(365, 'A', 4, 25, 9, 43, '2023-07-02 16:54:22'),
(366, 'A', 15, 97, 212, 17, '2023-07-02 16:54:22'),
(367, 'A', 10, 2, 189, 31, '2023-07-02 16:54:22'),
(368, 'A', 14, 55, 100, 38, '2023-07-02 16:54:22'),
(369, 'A', 7, 27, 145, 8, '2023-07-02 16:54:22'),
(370, 'A', 7, 34, 121, 47, '2023-07-02 16:54:22'),
(371, 'A', 13, 45, 125, 4, '2023-07-02 16:54:22'),
(372, 'A', 11, 50, 111, 8, '2023-07-02 16:54:22'),
(373, 'A', 11, 8, 70, 26, '2023-07-02 16:54:22'),
(374, 'A', 2, 11, 227, 21, '2023-07-02 16:54:22'),
(375, 'A', 7, 35, 229, 19, '2023-07-02 16:54:22'),
(376, 'A', 1, 2, 49, 16, '2023-07-02 16:54:22'),
(377, 'A', 1, 56, 10, 48, '2023-07-02 16:54:22'),
(378, 'A', 5, 87, 98, 12, '2023-07-02 16:54:22'),
(379, 'A', 12, 62, 97, 11, '2023-07-02 16:54:22'),
(380, 'A', 10, 24, 160, 5, '2023-07-02 16:54:22'),
(381, 'A', 2, 82, 46, 5, '2023-07-02 16:54:22'),
(382, 'A', 5, 6, 1, 17, '2023-07-02 16:54:22'),
(383, 'A', 3, 73, 105, 8, '2023-07-02 16:54:22'),
(384, 'A', 10, 38, 80, 36, '2023-07-02 16:54:22'),
(385, 'A', 6, 31, 64, 11, '2023-07-02 16:54:22'),
(386, 'A', 6, 67, 24, 3, '2023-07-02 16:54:22'),
(387, 'A', 7, 54, 46, 3, '2023-07-02 16:54:22'),
(388, 'A', 9, 56, 45, 3, '2023-07-02 16:54:22'),
(389, 'A', 4, 15, 18, 39, '2023-07-02 16:54:22'),
(390, 'A', 1, 32, 8, 33, '2023-07-02 16:54:22'),
(391, 'A', 7, 40, 115, 48, '2023-07-02 16:54:22'),
(392, 'A', 11, 97, 23, 13, '2023-07-02 16:54:22'),
(393, 'A', 3, 77, 134, 25, '2023-07-02 16:54:22'),
(394, 'A', 13, 57, 128, 33, '2023-07-02 16:54:22'),
(395, 'A', 6, 54, 46, 38, '2023-07-02 16:54:22'),
(396, 'A', 5, 62, 150, 5, '2023-07-02 16:54:22'),
(397, 'A', 7, 82, 134, 39, '2023-07-02 16:54:22'),
(398, 'A', 7, 1, 113, 37, '2023-07-02 16:54:22'),
(399, 'A', 15, 72, 199, 6, '2023-07-02 16:54:22'),
(400, 'A', 9, 69, 82, 28, '2023-07-02 16:54:22'),
(401, 'A', 13, 63, 207, 25, '2023-07-02 16:54:22'),
(402, 'A', 6, 35, 206, 14, '2023-07-02 16:54:22'),
(403, 'A', 10, 46, 186, 34, '2023-07-02 16:54:22'),
(404, 'A', 5, 59, 129, 21, '2023-07-02 16:54:22'),
(405, 'A', 15, 62, 9, 19, '2023-07-02 16:54:22'),
(406, 'A', 15, 27, 45, 35, '2023-07-02 16:54:22'),
(407, 'A', 7, 39, 115, 5, '2023-07-02 16:54:22'),
(408, 'A', 2, 13, 105, 17, '2023-07-02 16:54:22'),
(409, 'A', 14, 7, 216, 8, '2023-07-02 16:54:22'),
(410, 'A', 6, 97, 141, 9, '2023-07-02 16:54:22'),
(411, 'A', 4, 72, 160, 33, '2023-07-02 16:54:22'),
(412, 'A', 8, 88, 78, 34, '2023-07-02 16:54:22'),
(413, 'A', 4, 68, 215, 46, '2023-07-02 16:54:22'),
(414, 'A', 5, 99, 65, 3, '2023-07-02 16:54:22'),
(415, 'A', 11, 3, 27, 16, '2023-07-02 16:54:22'),
(416, 'A', 1, 81, 117, 3, '2023-07-02 16:54:22'),
(417, 'A', 5, 67, 177, 27, '2023-07-02 16:54:22'),
(418, 'A', 5, 82, 37, 8, '2023-07-02 16:54:22'),
(419, 'A', 4, 35, 172, 13, '2023-07-02 16:54:22'),
(420, 'A', 9, 83, 163, 3, '2023-07-02 16:54:22'),
(421, 'A', 4, 25, 190, 3, '2023-07-02 16:54:22'),
(422, 'A', 2, 70, 35, 45, '2023-07-02 16:54:22'),
(423, 'A', 2, 57, 113, 6, '2023-07-02 16:54:22'),
(424, 'A', 15, 6, 180, 30, '2023-07-02 16:54:22'),
(425, 'A', 14, 32, 155, 36, '2023-07-02 16:54:22'),
(426, 'A', 13, 10, 104, 19, '2023-07-02 16:54:22'),
(427, 'A', 3, 35, 105, 35, '2023-07-02 16:54:22'),
(428, 'A', 2, 83, 115, 43, '2023-07-02 16:54:22'),
(429, 'A', 6, 93, 63, 10, '2023-07-02 16:54:22'),
(430, 'A', 1, 59, 150, 46, '2023-07-02 16:54:22'),
(431, 'A', 7, 5, 39, 32, '2023-07-02 16:54:22'),
(432, 'A', 12, 91, 212, 11, '2023-07-02 16:54:22'),
(433, 'A', 14, 26, 71, 12, '2023-07-02 16:54:22'),
(434, 'A', 1, 92, 180, 41, '2023-07-02 16:54:22'),
(435, 'A', 7, 93, 113, 11, '2023-07-02 16:54:22'),
(436, 'A', 11, 94, 159, 45, '2023-07-02 16:54:22'),
(437, 'A', 5, 40, 35, 17, '2023-07-02 16:54:22'),
(438, 'A', 15, 26, 234, 7, '2023-07-02 16:54:22'),
(439, 'A', 7, 25, 229, 15, '2023-07-02 16:54:22'),
(440, 'A', 3, 46, 131, 24, '2023-07-02 16:54:22'),
(441, 'A', 5, 18, 1, 40, '2023-07-02 16:54:22'),
(442, 'A', 2, 67, 164, 24, '2023-07-02 16:54:22'),
(443, 'A', 15, 48, 101, 17, '2023-07-02 16:54:22'),
(444, 'A', 15, 77, 50, 2, '2023-07-02 16:54:22'),
(445, 'A', 9, 4, 211, 22, '2023-07-02 16:54:22'),
(446, 'A', 2, 58, 152, 17, '2023-07-02 16:54:22'),
(447, 'A', 13, 18, 134, 11, '2023-07-02 16:54:22'),
(448, 'A', 12, 46, 176, 35, '2023-07-02 16:54:22'),
(449, 'A', 9, 71, 144, 38, '2023-07-02 16:54:22'),
(450, 'A', 1, 70, 202, 27, '2023-07-02 16:54:22'),
(451, 'A', 5, 99, 137, 13, '2023-07-02 16:54:22'),
(452, 'A', 13, 99, 160, 25, '2023-07-02 16:54:22'),
(453, 'A', 5, 6, 213, 43, '2023-07-02 16:54:22'),
(454, 'A', 15, 96, 180, 40, '2023-07-02 16:54:22'),
(455, 'A', 10, 69, 223, 4, '2023-07-02 16:54:22'),
(456, 'A', 10, 74, 99, 41, '2023-07-02 16:54:22'),
(457, 'A', 11, 37, 114, 29, '2023-07-02 16:54:22'),
(458, 'A', 1, 26, 15, 35, '2023-07-02 16:54:22'),
(459, 'A', 10, 91, 38, 16, '2023-07-02 16:54:22'),
(460, 'A', 3, 56, 7, 3, '2023-07-02 16:54:22'),
(461, 'A', 10, 60, 43, 29, '2023-07-02 16:54:22'),
(462, 'A', 2, 93, 44, 31, '2023-07-02 16:54:22'),
(463, 'A', 13, 87, 206, 3, '2023-07-02 16:54:22'),
(464, 'A', 14, 18, 24, 9, '2023-07-02 16:54:22'),
(465, 'A', 8, 63, 116, 23, '2023-07-02 16:54:22'),
(466, 'A', 9, 8, 2, 37, '2023-07-02 16:54:22'),
(467, 'A', 15, 21, 8, 30, '2023-07-02 16:54:22'),
(468, 'A', 8, 18, 129, 20, '2023-07-02 16:54:22'),
(469, 'A', 8, 13, 107, 41, '2023-07-02 16:54:22'),
(470, 'A', 7, 52, 145, 5, '2023-07-02 16:54:22'),
(471, 'A', 1, 5, 199, 39, '2023-07-02 16:54:22'),
(472, 'A', 4, 17, 75, 34, '2023-07-02 16:54:22'),
(473, 'A', 11, 93, 12, 32, '2023-07-02 16:54:22'),
(474, 'A', 10, 8, 160, 38, '2023-07-02 16:54:22'),
(475, 'A', 1, 81, 4, 16, '2023-07-02 16:54:22'),
(476, 'A', 13, 69, 225, 32, '2023-07-02 16:54:22'),
(477, 'A', 1, 67, 95, 34, '2023-07-02 16:54:22'),
(478, 'A', 7, 58, 138, 41, '2023-07-02 16:54:22'),
(479, 'A', 9, 85, 32, 35, '2023-07-02 16:54:22'),
(480, 'A', 13, 24, 200, 48, '2023-07-02 16:54:22'),
(481, 'A', 5, 64, 59, 11, '2023-07-02 16:54:22'),
(482, 'A', 12, 22, 140, 26, '2023-07-02 16:54:22'),
(483, 'A', 9, 91, 81, 29, '2023-07-02 16:54:22'),
(484, 'A', 12, 83, 161, 15, '2023-07-02 16:54:22'),
(485, 'A', 11, 20, 39, 21, '2023-07-02 16:54:22'),
(486, 'A', 13, 6, 153, 2, '2023-07-02 16:54:22'),
(487, 'A', 12, 31, 14, 4, '2023-07-02 16:54:22'),
(488, 'A', 12, 88, 7, 3, '2023-07-02 16:54:22'),
(489, 'A', 10, 100, 207, 14, '2023-07-02 16:54:22'),
(490, 'A', 13, 81, 201, 1, '2023-07-02 16:54:22'),
(491, 'A', 12, 21, 22, 24, '2023-07-02 16:54:22'),
(492, 'A', 9, 23, 61, 10, '2023-07-02 16:54:22'),
(493, 'A', 11, 28, 145, 31, '2023-07-02 16:54:22'),
(494, 'A', 7, 27, 228, 3, '2023-07-02 16:54:22'),
(495, 'A', 7, 95, 105, 4, '2023-07-02 16:54:22'),
(496, 'A', 2, 18, 103, 15, '2023-07-02 16:54:22'),
(497, 'A', 7, 36, 190, 22, '2023-07-02 16:54:22'),
(498, 'A', 10, 79, 40, 14, '2023-07-02 16:54:22'),
(499, 'A', 14, 71, 52, 6, '2023-07-02 16:54:22'),
(500, 'A', 4, 8, 5, 48, '2023-07-02 16:54:22'),
(501, 'A', 1, 45, 146, 16, '2023-07-02 16:54:22'),
(502, 'A', 14, 67, 223, 13, '2023-07-02 16:54:22'),
(503, 'A', 13, 22, 188, 28, '2023-07-02 16:54:22'),
(504, 'A', 8, 69, 208, 20, '2023-07-02 16:54:22'),
(505, 'A', 15, 52, 180, 37, '2023-07-02 16:54:22'),
(506, 'A', 10, 40, 136, 38, '2023-07-02 16:54:22'),
(507, 'A', 3, 75, 188, 11, '2023-07-02 16:54:22'),
(508, 'A', 13, 99, 51, 40, '2023-07-02 16:54:22'),
(509, 'A', 7, 62, 80, 1, '2023-07-02 16:54:22'),
(510, 'A', 14, 90, 12, 43, '2023-07-02 16:54:22'),
(511, 'A', 13, 64, 129, 2, '2023-07-02 16:54:22'),
(512, 'A', 1, 41, 178, 39, '2023-07-02 16:54:22'),
(513, 'A', 10, 20, 86, 14, '2023-07-02 16:54:22'),
(514, 'A', 5, 30, 224, 23, '2023-07-02 16:54:22'),
(515, 'A', 3, 44, 208, 37, '2023-07-02 16:54:22'),
(516, 'A', 2, 69, 3, 41, '2023-07-02 16:54:22'),
(517, 'A', 13, 33, 96, 4, '2023-07-02 16:54:22'),
(518, 'A', 14, 29, 171, 2, '2023-07-02 16:54:22'),
(519, 'A', 14, 79, 156, 1, '2023-07-02 16:54:22'),
(520, 'A', 13, 98, 109, 20, '2023-07-02 16:54:22'),
(521, 'A', 7, 38, 158, 20, '2023-07-02 16:54:22'),
(522, 'A', 1, 35, 17, 24, '2023-07-02 16:54:22'),
(523, 'A', 10, 79, 181, 16, '2023-07-02 16:54:22'),
(524, 'A', 13, 20, 103, 11, '2023-07-02 16:54:22'),
(525, 'A', 11, 43, 6, 3, '2023-07-02 16:54:22'),
(526, 'A', 3, 48, 3, 20, '2023-07-02 16:54:22'),
(527, 'A', 5, 79, 139, 35, '2023-07-02 16:54:22'),
(528, 'A', 13, 92, 115, 9, '2023-07-02 16:54:22'),
(529, 'A', 13, 11, 194, 16, '2023-07-02 16:54:22'),
(530, 'A', 7, 14, 171, 5, '2023-07-02 16:54:22'),
(531, 'A', 3, 26, 5, 3, '2023-07-02 16:54:22'),
(532, 'A', 8, 49, 152, 14, '2023-07-02 16:54:22'),
(533, 'A', 12, 63, 165, 2, '2023-07-02 16:54:22'),
(534, 'A', 3, 54, 118, 32, '2023-07-02 16:54:22'),
(535, 'A', 5, 89, 111, 12, '2023-07-02 16:54:22'),
(536, 'A', 4, 28, 14, 10, '2023-07-02 16:54:22'),
(537, 'A', 9, 97, 207, 23, '2023-07-02 16:54:22'),
(538, 'A', 8, 59, 61, 40, '2023-07-02 16:54:22'),
(539, 'A', 5, 59, 39, 37, '2023-07-02 16:54:22'),
(540, 'A', 3, 85, 116, 20, '2023-07-02 16:54:22'),
(541, 'A', 4, 42, 76, 23, '2023-07-02 16:54:22'),
(542, 'A', 14, 36, 156, 13, '2023-07-02 16:54:22'),
(543, 'A', 5, 59, 16, 22, '2023-07-02 16:54:22'),
(544, 'A', 11, 60, 220, 27, '2023-07-02 16:54:22'),
(545, 'A', 15, 55, 3, 4, '2023-07-02 16:54:22'),
(546, 'A', 15, 94, 217, 23, '2023-07-02 16:54:22'),
(547, 'A', 2, 79, 103, 48, '2023-07-02 16:54:22'),
(548, 'A', 2, 24, 20, 8, '2023-07-02 16:54:22'),
(549, 'A', 15, 41, 202, 31, '2023-07-02 16:54:22'),
(550, 'A', 2, 5, 159, 21, '2023-07-02 16:54:22'),
(551, 'A', 10, 89, 147, 20, '2023-07-02 16:54:22'),
(552, 'A', 5, 72, 64, 18, '2023-07-02 16:54:22'),
(553, 'A', 10, 70, 150, 38, '2023-07-02 16:54:22'),
(554, 'A', 12, 31, 10, 46, '2023-07-02 16:54:22'),
(555, 'A', 5, 63, 138, 41, '2023-07-02 16:54:22'),
(556, 'A', 10, 3, 196, 15, '2023-07-02 16:54:22'),
(557, 'A', 12, 26, 13, 38, '2023-07-02 16:54:22'),
(558, 'A', 7, 44, 133, 8, '2023-07-02 16:54:22'),
(559, 'A', 2, 65, 56, 24, '2023-07-02 16:54:22'),
(560, 'A', 6, 21, 107, 16, '2023-07-02 16:54:22'),
(561, 'A', 2, 76, 153, 42, '2023-07-02 16:54:22'),
(562, 'A', 3, 86, 72, 28, '2023-07-02 16:54:22'),
(563, 'A', 13, 10, 232, 39, '2023-07-02 16:54:22'),
(564, 'A', 4, 33, 205, 27, '2023-07-02 16:54:22'),
(565, 'A', 8, 1, 24, 35, '2023-07-02 16:54:22'),
(566, 'A', 6, 33, 163, 26, '2023-07-02 16:54:22'),
(567, 'A', 2, 47, 72, 7, '2023-07-02 16:54:22'),
(568, 'A', 15, 11, 98, 10, '2023-07-02 16:54:22'),
(569, 'A', 12, 81, 162, 29, '2023-07-02 16:54:22'),
(570, 'A', 13, 77, 79, 39, '2023-07-02 16:54:22'),
(571, 'A', 1, 11, 103, 11, '2023-07-02 16:54:22'),
(572, 'A', 8, 24, 146, 17, '2023-07-02 16:54:22'),
(573, 'A', 15, 1, 129, 32, '2023-07-02 16:54:22'),
(574, 'A', 5, 99, 146, 25, '2023-07-02 16:54:22'),
(575, 'A', 1, 4, 2, 8, '2023-07-02 16:54:22'),
(576, 'A', 4, 27, 190, 11, '2023-07-02 16:54:22'),
(577, 'A', 3, 74, 143, 3, '2023-07-02 16:54:22'),
(578, 'A', 11, 36, 42, 26, '2023-07-02 16:54:22'),
(579, 'A', 2, 58, 43, 29, '2023-07-02 16:54:22'),
(580, 'A', 1, 55, 137, 22, '2023-07-02 16:54:22'),
(581, 'A', 12, 23, 139, 39, '2023-07-02 16:54:22'),
(582, 'A', 14, 42, 223, 36, '2023-07-02 16:54:22'),
(583, 'A', 5, 46, 139, 30, '2023-07-02 16:54:22'),
(584, 'A', 9, 79, 110, 20, '2023-07-02 16:54:22'),
(585, 'A', 15, 93, 52, 39, '2023-07-02 16:54:22'),
(586, 'A', 11, 20, 32, 2, '2023-07-02 16:54:22'),
(587, 'A', 7, 27, 169, 18, '2023-07-02 16:54:22'),
(588, 'A', 11, 22, 71, 40, '2023-07-02 16:54:22'),
(589, 'A', 13, 88, 9, 21, '2023-07-02 16:54:22'),
(590, 'A', 5, 42, 20, 46, '2023-07-02 16:54:22'),
(591, 'A', 4, 41, 199, 43, '2023-07-02 16:54:22'),
(592, 'A', 7, 31, 65, 39, '2023-07-02 16:54:22'),
(593, 'A', 12, 4, 210, 2, '2023-07-02 16:54:22'),
(594, 'A', 9, 53, 183, 20, '2023-07-02 16:54:22'),
(595, 'A', 4, 20, 210, 4, '2023-07-02 16:54:22'),
(596, 'A', 13, 37, 71, 22, '2023-07-02 16:54:22'),
(597, 'A', 9, 66, 72, 46, '2023-07-02 16:54:22'),
(598, 'A', 13, 52, 11, 45, '2023-07-02 16:54:22'),
(599, 'A', 14, 92, 105, 34, '2023-07-02 16:54:22'),
(600, 'A', 9, 50, 142, 24, '2023-07-02 16:54:22'),
(601, 'A', 3, 70, 141, 26, '2023-07-02 16:54:22'),
(602, 'A', 9, 25, 200, 43, '2023-07-02 16:54:22'),
(603, 'A', 11, 74, 200, 20, '2023-07-02 16:54:22'),
(604, 'A', 5, 63, 88, 30, '2023-07-02 16:54:22'),
(605, 'A', 9, 63, 233, 45, '2023-07-02 16:54:22'),
(606, 'A', 14, 96, 225, 12, '2023-07-02 16:54:22'),
(607, 'A', 8, 100, 162, 8, '2023-07-02 16:54:22'),
(608, 'A', 1, 36, 185, 8, '2023-07-02 16:54:22'),
(609, 'A', 4, 16, 71, 19, '2023-07-02 16:54:22'),
(610, 'A', 8, 37, 57, 39, '2023-07-02 16:54:22'),
(611, 'A', 8, 16, 149, 11, '2023-07-02 16:54:22'),
(612, 'A', 7, 34, 81, 16, '2023-07-02 16:54:22'),
(613, 'A', 7, 82, 118, 20, '2023-07-02 16:54:22'),
(614, 'A', 14, 43, 9, 39, '2023-07-02 16:54:22'),
(615, 'A', 3, 92, 23, 23, '2023-07-02 16:54:22'),
(616, 'A', 12, 64, 185, 12, '2023-07-02 16:54:22'),
(617, 'A', 10, 49, 127, 1, '2023-07-02 16:54:22'),
(618, 'A', 4, 60, 181, 21, '2023-07-02 16:54:22'),
(619, 'A', 10, 70, 67, 5, '2023-07-02 16:54:22'),
(620, 'A', 13, 66, 170, 21, '2023-07-02 16:54:22'),
(621, 'A', 5, 73, 69, 37, '2023-07-02 16:54:22'),
(622, 'A', 5, 29, 98, 11, '2023-07-02 16:54:22'),
(623, 'A', 4, 73, 98, 23, '2023-07-02 16:54:22'),
(624, 'A', 12, 68, 102, 27, '2023-07-02 16:54:22'),
(625, 'A', 6, 100, 70, 5, '2023-07-02 16:54:22'),
(626, 'A', 2, 82, 16, 3, '2023-07-02 16:54:22'),
(627, 'A', 14, 61, 40, 1, '2023-07-02 16:54:22'),
(628, 'A', 4, 91, 127, 19, '2023-07-02 16:54:22'),
(629, 'A', 15, 28, 18, 19, '2023-07-02 16:54:22'),
(630, 'A', 9, 6, 3, 37, '2023-07-02 16:54:22'),
(631, 'A', 3, 29, 213, 18, '2023-07-02 16:54:22'),
(632, 'A', 5, 69, 158, 44, '2023-07-02 16:54:22'),
(633, 'A', 15, 43, 88, 38, '2023-07-02 16:54:22'),
(634, 'A', 7, 9, 157, 26, '2023-07-02 16:54:22'),
(635, 'A', 9, 38, 31, 25, '2023-07-02 16:54:22'),
(636, 'A', 11, 21, 162, 28, '2023-07-02 16:54:22'),
(637, 'A', 7, 63, 183, 43, '2023-07-02 16:54:22'),
(638, 'A', 8, 94, 11, 27, '2023-07-02 16:54:22'),
(639, 'A', 4, 80, 216, 27, '2023-07-02 16:54:22'),
(640, 'A', 2, 96, 52, 29, '2023-07-02 16:54:22'),
(641, 'A', 12, 21, 190, 44, '2023-07-02 16:54:22'),
(642, 'A', 4, 58, 69, 1, '2023-07-02 16:54:22'),
(643, 'A', 1, 34, 1, 35, '2023-07-02 16:54:22'),
(644, 'A', 10, 71, 230, 18, '2023-07-02 16:54:22'),
(645, 'A', 3, 58, 222, 6, '2023-07-02 16:54:22'),
(646, 'A', 7, 6, 157, 45, '2023-07-02 16:54:22'),
(647, 'A', 6, 32, 8, 25, '2023-07-02 16:54:22'),
(648, 'A', 6, 91, 20, 42, '2023-07-02 16:54:22'),
(649, 'A', 12, 27, 48, 25, '2023-07-02 16:54:22'),
(650, 'A', 13, 33, 4, 10, '2023-07-02 16:54:22'),
(651, 'A', 8, 99, 67, 9, '2023-07-02 16:54:22'),
(652, 'A', 10, 81, 54, 17, '2023-07-02 16:54:22'),
(653, 'A', 14, 35, 7, 41, '2023-07-02 16:54:22'),
(654, 'A', 10, 49, 16, 1, '2023-07-02 16:54:22'),
(655, 'A', 2, 33, 149, 34, '2023-07-02 16:54:22'),
(656, 'A', 7, 94, 73, 39, '2023-07-02 16:54:22'),
(657, 'A', 9, 34, 178, 45, '2023-07-02 16:54:22'),
(658, 'A', 9, 27, 117, 11, '2023-07-02 16:54:22'),
(659, 'A', 13, 54, 118, 30, '2023-07-02 16:54:22'),
(660, 'A', 11, 39, 189, 12, '2023-07-02 16:54:22'),
(661, 'A', 2, 75, 128, 47, '2023-07-02 16:54:22'),
(662, 'A', 9, 89, 12, 14, '2023-07-02 16:54:22'),
(663, 'A', 6, 39, 40, 27, '2023-07-02 16:54:22'),
(664, 'A', 4, 20, 34, 43, '2023-07-02 16:54:22'),
(665, 'A', 2, 34, 130, 29, '2023-07-02 16:54:22'),
(666, 'A', 7, 96, 31, 5, '2023-07-02 16:54:22'),
(667, 'A', 9, 63, 32, 4, '2023-07-02 16:54:22'),
(668, 'A', 4, 96, 224, 16, '2023-07-02 16:54:22'),
(669, 'A', 4, 13, 122, 11, '2023-07-02 16:54:22'),
(670, 'A', 15, 2, 222, 46, '2023-07-02 16:54:22'),
(671, 'A', 13, 10, 125, 8, '2023-07-02 16:54:22'),
(672, 'A', 8, 50, 112, 36, '2023-07-02 16:54:22'),
(673, 'A', 6, 70, 3, 28, '2023-07-02 16:54:22'),
(674, 'A', 7, 22, 185, 45, '2023-07-02 16:54:22'),
(675, 'A', 12, 37, 205, 46, '2023-07-02 16:54:22'),
(676, 'A', 5, 64, 135, 6, '2023-07-02 16:54:22'),
(677, 'A', 13, 91, 183, 7, '2023-07-02 16:54:22'),
(678, 'A', 8, 40, 63, 38, '2023-07-02 16:54:22'),
(679, 'A', 9, 79, 24, 16, '2023-07-02 16:54:22'),
(680, 'A', 6, 90, 104, 36, '2023-07-02 16:54:22'),
(681, 'A', 1, 91, 73, 30, '2023-07-02 16:54:22'),
(682, 'A', 1, 93, 217, 12, '2023-07-02 16:54:22'),
(683, 'A', 9, 53, 90, 7, '2023-07-02 16:54:22'),
(684, 'A', 4, 55, 226, 23, '2023-07-02 16:54:22'),
(685, 'A', 8, 69, 192, 10, '2023-07-02 16:54:22'),
(686, 'A', 12, 37, 119, 35, '2023-07-02 16:54:22'),
(687, 'A', 9, 53, 216, 27, '2023-07-02 16:54:22'),
(688, 'A', 5, 99, 102, 4, '2023-07-02 16:54:22'),
(689, 'A', 5, 15, 109, 48, '2023-07-02 16:54:22'),
(690, 'A', 8, 77, 192, 31, '2023-07-02 16:54:22'),
(691, 'A', 5, 58, 183, 32, '2023-07-02 16:54:22'),
(692, 'A', 7, 50, 212, 37, '2023-07-02 16:54:22'),
(693, 'A', 13, 28, 29, 27, '2023-07-02 16:54:22'),
(694, 'A', 4, 4, 5, 32, '2023-07-02 16:54:22'),
(695, 'A', 3, 80, 57, 40, '2023-07-02 16:54:22'),
(696, 'A', 6, 92, 189, 33, '2023-07-02 16:54:22'),
(697, 'A', 6, 40, 125, 47, '2023-07-02 16:54:22'),
(698, 'A', 6, 53, 106, 38, '2023-07-02 16:54:22'),
(699, 'A', 1, 77, 60, 20, '2023-07-02 16:54:22'),
(700, 'A', 13, 59, 119, 10, '2023-07-02 16:54:22'),
(701, 'A', 5, 37, 138, 2, '2023-07-02 16:54:22'),
(702, 'A', 11, 45, 114, 19, '2023-07-02 16:54:22'),
(703, 'A', 2, 12, 190, 24, '2023-07-02 16:54:22'),
(704, 'A', 5, 41, 220, 44, '2023-07-02 16:54:22'),
(705, 'A', 15, 48, 200, 21, '2023-07-02 16:54:22'),
(706, 'A', 14, 72, 104, 38, '2023-07-02 16:54:22'),
(707, 'A', 12, 4, 227, 42, '2023-07-02 16:54:22'),
(708, 'A', 15, 48, 35, 34, '2023-07-02 16:54:22'),
(709, 'A', 11, 84, 3, 6, '2023-07-02 16:54:22'),
(710, 'A', 9, 50, 208, 23, '2023-07-02 16:54:22'),
(711, 'A', 13, 80, 38, 23, '2023-07-02 16:54:22'),
(712, 'A', 12, 53, 72, 12, '2023-07-02 16:54:22'),
(713, 'A', 8, 30, 56, 3, '2023-07-02 16:54:22'),
(714, 'A', 1, 87, 77, 29, '2023-07-02 16:54:22'),
(715, 'A', 3, 6, 47, 26, '2023-07-02 16:54:22'),
(716, 'A', 12, 9, 172, 41, '2023-07-02 16:54:22'),
(717, 'A', 7, 34, 57, 1, '2023-07-02 16:54:22'),
(718, 'A', 3, 53, 36, 31, '2023-07-02 16:54:22'),
(719, 'A', 11, 89, 28, 31, '2023-07-02 16:54:22'),
(720, 'A', 13, 42, 140, 25, '2023-07-02 16:54:22'),
(721, 'A', 12, 57, 199, 27, '2023-07-02 16:54:22'),
(722, 'A', 9, 47, 219, 44, '2023-07-02 16:54:22'),
(723, 'A', 14, 65, 113, 14, '2023-07-02 16:54:22'),
(724, 'A', 4, 36, 95, 27, '2023-07-02 16:54:22'),
(725, 'A', 1, 43, 28, 16, '2023-07-02 16:54:22'),
(726, 'A', 10, 75, 110, 9, '2023-07-02 16:54:22'),
(727, 'A', 5, 52, 144, 45, '2023-07-02 16:54:22'),
(728, 'A', 13, 68, 113, 31, '2023-07-02 16:54:22'),
(729, 'A', 13, 30, 197, 3, '2023-07-02 16:54:22'),
(730, 'A', 3, 45, 144, 15, '2023-07-02 16:54:22'),
(731, 'A', 8, 79, 126, 29, '2023-07-02 16:54:22'),
(732, 'A', 15, 24, 224, 43, '2023-07-02 16:54:22'),
(733, 'A', 7, 16, 73, 34, '2023-07-02 16:54:22'),
(734, 'A', 15, 2, 200, 29, '2023-07-02 16:54:22'),
(735, 'A', 10, 90, 58, 26, '2023-07-02 16:54:22'),
(736, 'A', 8, 99, 99, 32, '2023-07-02 16:54:22'),
(737, 'A', 14, 30, 6, 25, '2023-07-02 16:54:22'),
(738, 'A', 11, 75, 49, 32, '2023-07-02 16:54:22'),
(739, 'A', 8, 73, 192, 19, '2023-07-02 16:54:22'),
(740, 'A', 8, 41, 110, 45, '2023-07-02 16:54:22'),
(741, 'A', 12, 34, 127, 48, '2023-07-02 16:54:22'),
(742, 'A', 9, 53, 150, 44, '2023-07-02 16:54:22'),
(743, 'A', 1, 16, 118, 11, '2023-07-02 16:54:22'),
(744, 'A', 5, 85, 38, 37, '2023-07-02 16:54:22'),
(745, 'A', 3, 15, 223, 34, '2023-07-02 16:54:22'),
(746, 'A', 11, 85, 41, 34, '2023-07-02 16:54:22'),
(747, 'A', 3, 17, 78, 22, '2023-07-02 16:54:22'),
(748, 'A', 13, 35, 39, 6, '2023-07-02 16:54:22'),
(749, 'A', 13, 64, 184, 18, '2023-07-02 16:54:22'),
(750, 'A', 1, 25, 21, 17, '2023-07-02 16:54:22'),
(751, 'A', 8, 34, 225, 24, '2023-07-02 16:54:22'),
(752, 'A', 7, 19, 74, 27, '2023-07-02 16:54:22'),
(753, 'A', 4, 61, 200, 28, '2023-07-02 16:54:22'),
(754, 'A', 2, 28, 53, 48, '2023-07-02 16:54:22'),
(755, 'A', 2, 56, 161, 1, '2023-07-02 16:54:22'),
(756, 'A', 12, 25, 230, 40, '2023-07-02 16:54:22'),
(757, 'A', 1, 94, 150, 14, '2023-07-02 16:54:22'),
(758, 'A', 11, 65, 9, 23, '2023-07-02 16:54:22'),
(759, 'A', 4, 83, 229, 6, '2023-07-02 16:54:22'),
(760, 'A', 13, 51, 196, 25, '2023-07-02 16:54:22'),
(761, 'A', 11, 91, 196, 33, '2023-07-02 16:54:22'),
(762, 'A', 9, 51, 228, 2, '2023-07-02 16:54:22'),
(763, 'A', 2, 24, 146, 46, '2023-07-02 16:54:22'),
(764, 'A', 5, 22, 1, 33, '2023-07-02 16:54:22'),
(765, 'A', 2, 11, 24, 5, '2023-07-02 16:54:22'),
(766, 'A', 10, 16, 51, 26, '2023-07-02 16:54:22'),
(767, 'A', 3, 85, 216, 12, '2023-07-02 16:54:22'),
(768, 'A', 8, 41, 199, 45, '2023-07-02 16:54:22'),
(769, 'A', 1, 85, 111, 14, '2023-07-02 16:54:22'),
(770, 'A', 11, 91, 113, 40, '2023-07-02 16:54:22'),
(771, 'A', 3, 25, 115, 42, '2023-07-02 16:54:22'),
(772, 'A', 5, 91, 157, 16, '2023-07-02 16:54:22'),
(773, 'A', 1, 19, 82, 22, '2023-07-02 16:54:22'),
(774, 'A', 9, 26, 223, 14, '2023-07-02 16:54:22'),
(775, 'A', 11, 35, 49, 32, '2023-07-02 16:54:22'),
(776, 'A', 14, 86, 18, 14, '2023-07-02 16:54:22'),
(777, 'A', 13, 29, 211, 20, '2023-07-02 16:54:22'),
(778, 'A', 8, 51, 47, 12, '2023-07-02 16:54:22'),
(779, 'A', 14, 48, 39, 24, '2023-07-02 16:54:22'),
(780, 'A', 1, 98, 91, 37, '2023-07-02 16:54:22'),
(781, 'A', 3, 27, 97, 43, '2023-07-02 16:54:22'),
(782, 'A', 12, 68, 81, 4, '2023-07-02 16:54:22'),
(783, 'A', 15, 92, 203, 5, '2023-07-02 16:54:22'),
(784, 'A', 8, 70, 188, 43, '2023-07-02 16:54:22'),
(785, 'A', 3, 83, 118, 11, '2023-07-02 16:54:22'),
(786, 'A', 3, 13, 221, 35, '2023-07-02 16:54:22'),
(787, 'A', 5, 22, 136, 23, '2023-07-02 16:54:22'),
(788, 'A', 8, 30, 187, 25, '2023-07-02 16:54:22'),
(789, 'A', 7, 51, 137, 24, '2023-07-02 16:54:22'),
(790, 'A', 11, 56, 83, 30, '2023-07-02 16:54:22'),
(791, 'A', 13, 14, 105, 35, '2023-07-02 16:54:22'),
(792, 'A', 6, 77, 138, 17, '2023-07-02 16:54:22'),
(793, 'A', 12, 3, 19, 41, '2023-07-02 16:54:22'),
(794, 'A', 14, 48, 10, 47, '2023-07-02 16:54:22'),
(795, 'A', 14, 32, 55, 26, '2023-07-02 16:54:22'),
(796, 'A', 10, 53, 230, 13, '2023-07-02 16:54:22'),
(797, 'A', 5, 31, 9, 30, '2023-07-02 16:54:22'),
(798, 'A', 1, 11, 19, 5, '2023-07-02 16:54:22'),
(799, 'A', 15, 83, 217, 14, '2023-07-02 16:54:22'),
(800, 'A', 11, 88, 216, 17, '2023-07-02 16:54:22'),
(801, 'A', 13, 53, 214, 31, '2023-07-02 16:54:22'),
(802, 'A', 13, 97, 120, 40, '2023-07-02 16:54:22'),
(803, 'A', 1, 67, 73, 36, '2023-07-02 16:54:22'),
(804, 'A', 4, 52, 116, 24, '2023-07-02 16:54:23'),
(805, 'A', 3, 48, 194, 26, '2023-07-02 16:54:23'),
(806, 'A', 8, 56, 9, 6, '2023-07-02 16:54:23'),
(807, 'A', 11, 69, 36, 36, '2023-07-02 16:54:23'),
(808, 'A', 2, 32, 131, 47, '2023-07-02 16:54:23'),
(809, 'A', 4, 24, 234, 30, '2023-07-02 16:54:23'),
(810, 'A', 9, 97, 193, 44, '2023-07-02 16:54:23'),
(811, 'A', 9, 28, 122, 6, '2023-07-02 16:54:23'),
(812, 'A', 15, 60, 207, 11, '2023-07-02 16:54:23'),
(813, 'A', 1, 65, 14, 9, '2023-07-02 16:54:23'),
(814, 'A', 8, 96, 110, 24, '2023-07-02 16:54:23'),
(815, 'A', 14, 20, 17, 43, '2023-07-02 16:54:23'),
(816, 'A', 10, 36, 214, 10, '2023-07-02 16:54:23'),
(817, 'A', 10, 50, 167, 22, '2023-07-02 16:54:23'),
(818, 'A', 11, 53, 192, 7, '2023-07-02 16:54:23'),
(819, 'A', 11, 65, 202, 27, '2023-07-02 16:54:23'),
(820, 'A', 7, 80, 201, 1, '2023-07-02 16:54:23'),
(821, 'A', 1, 75, 139, 31, '2023-07-02 16:54:23'),
(822, 'A', 13, 84, 170, 30, '2023-07-02 16:54:23'),
(823, 'A', 12, 5, 200, 8, '2023-07-02 16:54:23'),
(824, 'A', 14, 99, 181, 18, '2023-07-02 16:54:23'),
(825, 'A', 10, 82, 22, 37, '2023-07-02 16:54:23'),
(826, 'A', 8, 49, 215, 32, '2023-07-02 16:54:23'),
(827, 'A', 8, 40, 52, 8, '2023-07-02 16:54:23'),
(828, 'A', 3, 31, 50, 19, '2023-07-02 16:54:23'),
(829, 'A', 4, 81, 229, 18, '2023-07-02 16:54:23'),
(830, 'A', 8, 1, 215, 32, '2023-07-02 16:54:23'),
(831, 'A', 3, 38, 125, 23, '2023-07-02 16:54:23'),
(832, 'A', 5, 7, 207, 35, '2023-07-02 16:54:23'),
(833, 'A', 7, 45, 210, 2, '2023-07-02 16:54:23'),
(834, 'A', 11, 81, 70, 13, '2023-07-02 16:54:23'),
(835, 'A', 13, 84, 128, 1, '2023-07-02 16:54:23'),
(836, 'A', 10, 49, 89, 22, '2023-07-02 16:54:23'),
(837, 'A', 3, 53, 164, 17, '2023-07-02 16:54:23'),
(838, 'A', 7, 37, 33, 35, '2023-07-02 16:54:23'),
(839, 'A', 15, 24, 147, 34, '2023-07-02 16:54:23'),
(840, 'A', 6, 20, 2, 12, '2023-07-02 16:54:23'),
(841, 'A', 3, 12, 133, 27, '2023-07-02 16:54:23'),
(842, 'A', 9, 9, 175, 47, '2023-07-02 16:54:23'),
(843, 'A', 7, 32, 139, 23, '2023-07-02 16:54:23'),
(844, 'A', 2, 82, 80, 7, '2023-07-02 16:54:23'),
(845, 'A', 5, 11, 46, 11, '2023-07-02 16:54:23'),
(846, 'A', 15, 24, 134, 29, '2023-07-02 16:54:23'),
(847, 'A', 6, 70, 192, 36, '2023-07-02 16:54:23'),
(848, 'A', 11, 19, 136, 37, '2023-07-02 16:54:23'),
(849, 'A', 3, 1, 202, 35, '2023-07-02 16:54:23'),
(850, 'A', 4, 64, 233, 38, '2023-07-02 16:54:23'),
(851, 'A', 5, 86, 113, 26, '2023-07-02 16:54:23'),
(852, 'A', 12, 69, 173, 5, '2023-07-02 16:54:23'),
(853, 'A', 2, 72, 52, 20, '2023-07-02 16:54:23'),
(854, 'A', 12, 1, 201, 28, '2023-07-02 16:54:23'),
(855, 'A', 11, 17, 203, 5, '2023-07-02 16:54:23'),
(856, 'A', 11, 37, 45, 3, '2023-07-02 16:54:23'),
(857, 'A', 2, 92, 77, 30, '2023-07-02 16:54:23'),
(858, 'A', 2, 22, 65, 1, '2023-07-02 16:54:23'),
(859, 'A', 2, 30, 35, 25, '2023-07-02 16:54:23'),
(860, 'A', 12, 99, 111, 9, '2023-07-02 16:54:23'),
(861, 'A', 2, 97, 220, 47, '2023-07-02 16:54:23'),
(862, 'A', 10, 74, 108, 21, '2023-07-02 16:54:23'),
(863, 'A', 9, 45, 189, 16, '2023-07-02 16:54:23'),
(864, 'A', 15, 39, 72, 45, '2023-07-02 16:54:23'),
(865, 'A', 7, 26, 127, 28, '2023-07-02 16:54:23'),
(866, 'A', 11, 48, 34, 5, '2023-07-02 16:54:23'),
(867, 'A', 1, 24, 121, 24, '2023-07-02 16:54:23'),
(868, 'A', 12, 82, 147, 10, '2023-07-02 16:54:23'),
(869, 'A', 12, 99, 133, 13, '2023-07-02 16:54:23'),
(870, 'A', 3, 23, 39, 32, '2023-07-02 16:54:23'),
(871, 'A', 11, 7, 228, 39, '2023-07-02 16:54:23'),
(872, 'A', 10, 63, 49, 22, '2023-07-02 16:54:23'),
(873, 'A', 4, 78, 120, 48, '2023-07-02 16:54:23'),
(874, 'A', 15, 76, 51, 16, '2023-07-02 16:54:23'),
(875, 'A', 1, 5, 169, 13, '2023-07-02 16:54:23'),
(876, 'A', 10, 18, 207, 27, '2023-07-02 16:54:23'),
(877, 'A', 11, 18, 173, 2, '2023-07-02 16:54:23'),
(878, 'A', 13, 90, 122, 34, '2023-07-02 16:54:23'),
(879, 'A', 14, 70, 59, 8, '2023-07-02 16:54:23'),
(880, 'A', 5, 31, 144, 43, '2023-07-02 16:54:23'),
(881, 'A', 2, 18, 210, 17, '2023-07-02 16:54:23'),
(882, 'A', 14, 50, 200, 7, '2023-07-02 16:54:23'),
(883, 'A', 12, 52, 203, 26, '2023-07-02 16:54:23'),
(884, 'A', 7, 28, 39, 29, '2023-07-02 16:54:23'),
(885, 'A', 3, 67, 53, 9, '2023-07-02 16:54:23'),
(886, 'A', 5, 2, 155, 19, '2023-07-02 16:54:23'),
(887, 'A', 9, 67, 155, 33, '2023-07-02 16:54:23'),
(888, 'A', 12, 21, 54, 1, '2023-07-02 16:54:23'),
(889, 'A', 2, 27, 139, 37, '2023-07-02 16:54:23'),
(890, 'A', 6, 58, 167, 29, '2023-07-02 16:54:23'),
(891, 'A', 13, 90, 185, 7, '2023-07-02 16:54:23'),
(892, 'A', 8, 9, 2, 10, '2023-07-02 16:54:23'),
(893, 'A', 2, 62, 198, 5, '2023-07-02 16:54:23'),
(894, 'A', 7, 51, 71, 45, '2023-07-02 16:54:23'),
(895, 'A', 8, 13, 141, 21, '2023-07-02 16:54:23'),
(896, 'A', 6, 51, 32, 24, '2023-07-02 16:54:23'),
(897, 'A', 7, 31, 12, 28, '2023-07-02 16:54:23'),
(898, 'A', 6, 15, 59, 21, '2023-07-02 16:54:23'),
(899, 'A', 13, 82, 60, 48, '2023-07-02 16:54:23'),
(900, 'A', 12, 49, 192, 15, '2023-07-02 16:54:23'),
(901, 'A', 5, 45, 20, 28, '2023-07-02 16:54:23'),
(902, 'A', 11, 17, 16, 28, '2023-07-02 16:54:23'),
(903, 'A', 7, 61, 138, 45, '2023-07-02 16:54:23'),
(904, 'A', 7, 14, 157, 4, '2023-07-02 16:54:23'),
(905, 'A', 6, 72, 113, 13, '2023-07-02 16:54:23'),
(906, 'A', 1, 77, 126, 19, '2023-07-02 16:54:23'),
(907, 'A', 15, 37, 92, 7, '2023-07-02 16:54:23'),
(908, 'A', 3, 60, 71, 20, '2023-07-02 16:54:23'),
(909, 'A', 8, 35, 53, 25, '2023-07-02 16:54:23'),
(910, 'A', 12, 70, 151, 36, '2023-07-02 16:54:23'),
(911, 'A', 7, 39, 30, 32, '2023-07-02 16:54:23'),
(912, 'A', 7, 26, 125, 18, '2023-07-02 16:54:23'),
(913, 'A', 12, 50, 164, 20, '2023-07-02 16:54:23'),
(914, 'A', 12, 42, 167, 34, '2023-07-02 16:54:23'),
(915, 'A', 10, 26, 127, 18, '2023-07-02 16:54:23'),
(916, 'A', 3, 63, 231, 48, '2023-07-02 16:54:23'),
(917, 'A', 14, 46, 196, 22, '2023-07-02 16:54:23'),
(918, 'A', 12, 22, 11, 9, '2023-07-02 16:54:23'),
(919, 'A', 15, 60, 184, 4, '2023-07-02 16:54:23'),
(920, 'A', 8, 41, 100, 41, '2023-07-02 16:54:23'),
(921, 'A', 9, 97, 218, 13, '2023-07-02 16:54:23'),
(922, 'A', 12, 82, 234, 22, '2023-07-02 16:54:23'),
(923, 'A', 5, 100, 115, 38, '2023-07-02 16:54:23'),
(924, 'A', 8, 91, 144, 45, '2023-07-02 16:54:23'),
(925, 'A', 7, 84, 221, 15, '2023-07-02 16:54:23'),
(926, 'A', 14, 1, 65, 41, '2023-07-02 16:54:23'),
(927, 'A', 4, 6, 165, 17, '2023-07-02 16:54:23'),
(928, 'A', 10, 86, 74, 22, '2023-07-02 16:54:23'),
(929, 'A', 10, 89, 83, 6, '2023-07-02 16:54:23'),
(930, 'A', 9, 63, 6, 13, '2023-07-02 16:54:23'),
(931, 'A', 9, 43, 99, 41, '2023-07-02 16:54:23'),
(932, 'A', 6, 73, 17, 48, '2023-07-02 16:54:23'),
(933, 'A', 11, 38, 178, 39, '2023-07-02 16:54:23'),
(934, 'A', 5, 35, 28, 34, '2023-07-02 16:54:23'),
(935, 'A', 3, 12, 220, 24, '2023-07-02 16:54:23'),
(936, 'A', 8, 67, 59, 45, '2023-07-02 16:54:23'),
(937, 'A', 13, 17, 115, 3, '2023-07-02 16:54:23'),
(938, 'A', 7, 46, 107, 26, '2023-07-02 16:54:23'),
(939, 'A', 14, 12, 164, 8, '2023-07-02 16:54:23'),
(940, 'A', 2, 81, 231, 6, '2023-07-02 16:54:23'),
(941, 'A', 8, 29, 11, 21, '2023-07-02 16:54:23'),
(942, 'A', 11, 49, 9, 42, '2023-07-02 16:54:23'),
(943, 'A', 5, 33, 188, 5, '2023-07-02 16:54:23'),
(944, 'A', 9, 49, 213, 27, '2023-07-02 16:54:23'),
(945, 'A', 11, 4, 156, 47, '2023-07-02 16:54:23'),
(946, 'A', 3, 52, 113, 3, '2023-07-02 16:54:23'),
(947, 'A', 2, 44, 105, 9, '2023-07-02 16:54:23'),
(948, 'A', 13, 4, 96, 26, '2023-07-02 16:54:23'),
(949, 'A', 4, 66, 21, 20, '2023-07-02 16:54:23'),
(950, 'A', 4, 86, 10, 48, '2023-07-02 16:54:23'),
(951, 'A', 9, 28, 34, 22, '2023-07-02 16:54:23'),
(952, 'A', 4, 39, 35, 36, '2023-07-02 16:54:23'),
(953, 'A', 6, 33, 139, 7, '2023-07-02 16:54:23'),
(954, 'A', 7, 34, 119, 30, '2023-07-02 16:54:23'),
(955, 'A', 1, 5, 12, 19, '2023-07-02 16:54:23'),
(956, 'A', 7, 83, 151, 1, '2023-07-02 16:54:23'),
(957, 'A', 9, 59, 112, 28, '2023-07-02 16:54:23'),
(958, 'A', 5, 45, 104, 42, '2023-07-02 16:54:23'),
(959, 'A', 10, 68, 172, 5, '2023-07-02 16:54:23'),
(960, 'A', 3, 78, 87, 42, '2023-07-02 16:54:23'),
(961, 'A', 7, 35, 234, 31, '2023-07-02 16:54:23'),
(962, 'A', 12, 59, 136, 40, '2023-07-02 16:54:23'),
(963, 'A', 4, 28, 219, 25, '2023-07-02 16:54:23'),
(964, 'A', 10, 46, 29, 38, '2023-07-02 16:54:23'),
(965, 'A', 5, 64, 102, 10, '2023-07-02 16:54:23'),
(966, 'A', 9, 44, 42, 22, '2023-07-02 16:54:23'),
(967, 'A', 6, 61, 59, 15, '2023-07-02 16:54:23'),
(968, 'A', 5, 13, 160, 6, '2023-07-02 16:54:23'),
(969, 'A', 4, 8, 213, 45, '2023-07-02 16:54:23'),
(970, 'A', 13, 8, 93, 2, '2023-07-02 16:54:23'),
(971, 'A', 12, 99, 3, 37, '2023-07-02 16:54:23'),
(972, 'A', 11, 20, 56, 27, '2023-07-02 16:54:23'),
(973, 'A', 1, 48, 35, 25, '2023-07-02 16:54:23'),
(974, 'A', 9, 76, 168, 16, '2023-07-02 16:54:23'),
(975, 'A', 2, 1, 9, 13, '2023-07-02 16:54:23'),
(976, 'A', 8, 76, 149, 44, '2023-07-02 16:54:23'),
(977, 'A', 8, 97, 47, 11, '2023-07-02 16:54:23'),
(978, 'A', 15, 33, 131, 24, '2023-07-02 16:54:23'),
(979, 'A', 6, 22, 70, 1, '2023-07-02 16:54:23'),
(980, 'A', 3, 17, 21, 16, '2023-07-02 16:54:23'),
(981, 'A', 15, 73, 221, 47, '2023-07-02 16:54:23'),
(982, 'A', 11, 53, 27, 45, '2023-07-02 16:54:23'),
(983, 'A', 4, 75, 166, 33, '2023-07-02 16:54:23'),
(984, 'A', 10, 88, 31, 11, '2023-07-02 16:54:23'),
(985, 'A', 15, 90, 162, 20, '2023-07-02 16:54:23'),
(986, 'A', 12, 76, 94, 10, '2023-07-02 16:54:23'),
(987, 'A', 12, 15, 75, 13, '2023-07-02 16:54:23'),
(988, 'A', 13, 50, 57, 3, '2023-07-02 16:54:23'),
(989, 'A', 11, 64, 4, 41, '2023-07-02 16:54:23'),
(990, 'A', 2, 45, 115, 32, '2023-07-02 16:54:23'),
(991, 'A', 4, 76, 232, 5, '2023-07-02 16:54:23'),
(992, 'A', 1, 71, 152, 44, '2023-07-02 16:54:23'),
(993, 'A', 11, 71, 47, 11, '2023-07-02 16:54:23'),
(994, 'A', 8, 24, 47, 36, '2023-07-02 16:54:23'),
(995, 'A', 6, 80, 84, 30, '2023-07-02 16:54:23'),
(996, 'A', 15, 44, 22, 48, '2023-07-02 16:54:23'),
(997, 'A', 10, 94, 87, 47, '2023-07-02 16:54:23'),
(998, 'A', 7, 86, 187, 22, '2023-07-02 16:54:23'),
(999, 'A', 2, 3, 225, 23, '2023-07-02 16:54:23'),
(1000, 'A', 2, 79, 140, 46, '2023-07-02 16:54:23');

-- --------------------------------------------------------

--
-- Estructura de tabla para la tabla `asignatura`
--

CREATE TABLE `asignatura` (
  `ASG_ID` int(11) NOT NULL,
  `ASG_NOM` varchar(100) NOT NULL,
  `ASG_TIP` char(2) NOT NULL CHECK (`ASG_TIP` in ('CU','CL')),
  `ASG_ESTADO` char(1) NOT NULL CHECK (`ASG_ESTADO` in ('A','I')),
  `USR_CREADOR_ID` int(11) NOT NULL,
  `FECHA_CREACION` datetime NOT NULL DEFAULT current_timestamp()
) ENGINE=InnoDB DEFAULT CHARSET=utf8mb4 COLLATE=utf8mb4_general_ci;

--
-- Volcado de datos para la tabla `asignatura`
--

INSERT INTO `asignatura` (`ASG_ID`, `ASG_NOM`, `ASG_TIP`, `ASG_ESTADO`, `USR_CREADOR_ID`, `FECHA_CREACION`) VALUES
(1, 'matematicas', 'CL', 'A', 1, '2023-07-02 16:27:10'),
(2, 'ciencias', 'CU', 'A', 10, '2023-07-02 16:27:10'),
(3, 'historia', 'CL', 'A', 12, '2023-07-02 16:27:10'),
(4, 'artistica', 'CU', 'A', 27, '2023-07-02 16:27:10'),
(5, 'economia', 'CU', 'A', 12, '2023-07-02 16:27:10'),
(6, 'robotica', 'CU', 'A', 13, '2023-07-02 16:27:10'),
(7, 'electronica', 'CL', 'A', 30, '2023-07-02 16:27:11'),
(8, 'computacion', 'CL', 'A', 19, '2023-07-02 16:27:11'),
(9, 'sistemas', 'CU', 'A', 5, '2023-07-02 16:27:11'),
(10, 'religion', 'CU', 'A', 17, '2023-07-02 16:27:11'),
(11, 'quimica', 'CU', 'A', 39, '2023-07-02 16:27:11'),
(12, 'fisica', 'CU', 'A', 8, '2023-07-02 16:27:11'),
(13, 'artes', 'CL', 'A', 33, '2023-07-02 16:27:11'),
(14, 'emprendimiento', 'CL', 'A', 33, '2023-07-02 16:27:11'),
(15, 'DISCIPLINA', 'CL', 'A', 33, '2023-07-02 16:27:11');

-- --------------------------------------------------------

--
-- Estructura de tabla para la tabla `calificacion`
--

CREATE TABLE `calificacion` (
  `CLF_ID` int(11) NOT NULL,
  `CLF_PRD` varchar(10) NOT NULL,
  `CLF_SPRD` varchar(10) NOT NULL,
  `CLF_NOTA` float NOT NULL,
  `CLF_ESTADO` char(1) NOT NULL CHECK (`CLF_ESTADO` in ('A','I')),
  `MTRC_ID` int(11) NOT NULL,
  `ASG_PRLL_PRF_ID` int(11) NOT NULL,
  `USR_CREADOR_ID` int(11) NOT NULL,
  `FECHA_CREACION` datetime NOT NULL DEFAULT current_timestamp()
) ENGINE=InnoDB DEFAULT CHARSET=utf8mb4 COLLATE=utf8mb4_general_ci;

--
-- Volcado de datos para la tabla `calificacion`
--

INSERT INTO `calificacion` (`CLF_ID`, `CLF_PRD`, `CLF_SPRD`, `CLF_NOTA`, `CLF_ESTADO`, `MTRC_ID`, `ASG_PRLL_PRF_ID`, `USR_CREADOR_ID`, `FECHA_CREACION`) VALUES
(1, '1', '1', 0, 'a', 1000, 1000, 1, '2023-07-02 17:07:54'),
(2, '1', '2', 0, 'a', 1000, 1000, 1, '2023-07-02 17:21:02');

-- --------------------------------------------------------

--
-- Estructura de tabla para la tabla `curso`
--

CREATE TABLE `curso` (
  `CRS_ID` int(11) NOT NULL,
  `CRS_NOM` int(11) NOT NULL,
  `CRS_TIP` varchar(15) NOT NULL,
  `CRS_ESTADO` char(1) NOT NULL CHECK (`CRS_ESTADO` in ('A','I')),
  `USR_CREADOR_ID` int(11) NOT NULL,
  `FECHA_CREACION` datetime NOT NULL DEFAULT current_timestamp()
) ENGINE=InnoDB DEFAULT CHARSET=utf8mb4 COLLATE=utf8mb4_general_ci;

--
-- Volcado de datos para la tabla `curso`
--

INSERT INTO `curso` (`CRS_ID`, `CRS_NOM`, `CRS_TIP`, `CRS_ESTADO`, `USR_CREADOR_ID`, `FECHA_CREACION`) VALUES
(1, 1, 'EGB', 'A', 1, '2023-07-02 16:25:49'),
(2, 2, 'EGB', 'A', 17, '2023-07-02 16:25:49'),
(3, 3, 'EGB', 'A', 38, '2023-07-02 16:25:49'),
(4, 4, 'EGB', 'A', 42, '2023-07-02 16:25:49'),
(5, 5, 'EGB', 'A', 19, '2023-07-02 16:25:49'),
(6, 6, 'EGB', 'A', 27, '2023-07-02 16:25:49'),
(7, 7, 'EGB', 'A', 33, '2023-07-02 16:25:49'),
(8, 8, 'EGB', 'A', 35, '2023-07-02 16:25:49'),
(9, 9, 'EGB', 'A', 28, '2023-07-02 16:25:49'),
(10, 10, 'EGB', 'A', 30, '2023-07-02 16:25:49'),
(11, 1, 'BACHILLERATO', 'A', 10, '2023-07-02 16:25:49'),
(12, 2, 'BACHILLERATO', 'A', 46, '2023-07-02 16:25:49'),
(13, 3, 'BACHILLERATO', 'A', 17, '2023-07-02 16:25:49');

-- --------------------------------------------------------

--
-- Estructura de tabla para la tabla `estudiante`
--

CREATE TABLE `estudiante` (
  `EST_ID` int(11) NOT NULL,
  `EST_DNI` varchar(10) NOT NULL,
  `EST_NOM` varchar(100) NOT NULL,
  `EST_NOM2` varchar(100) NOT NULL,
  `EST_APE` varchar(100) NOT NULL,
  `EST_APE2` varchar(100) NOT NULL,
  `EST_FECH_NAC` date NOT NULL,
  `EST_GEN` char(1) NOT NULL,
  `EST_ESTADO` char(1) NOT NULL CHECK (`EST_ESTADO` in ('A','I')),
  `REP_ID` int(11) NOT NULL,
  `USR_CREADOR_ID` int(11) NOT NULL,
  `FECHA_CREACION` datetime NOT NULL DEFAULT current_timestamp()
) ENGINE=InnoDB DEFAULT CHARSET=utf8mb4 COLLATE=utf8mb4_general_ci;

--
-- Volcado de datos para la tabla `estudiante`
--

INSERT INTO `estudiante` (`EST_ID`, `EST_DNI`, `EST_NOM`, `EST_NOM2`, `EST_APE`, `EST_APE2`, `EST_FECH_NAC`, `EST_GEN`, `EST_ESTADO`, `REP_ID`, `USR_CREADOR_ID`, `FECHA_CREACION`) VALUES
(1, '1865427519', 'Elvira', 'Zhì', 'Goodbody', '厍', '2003-08-30', 'F', 'A', 863, 44, '2023-07-02 16:26:15'),
(2, '4628993025', 'Emogene', 'Laïla', 'Cusack', '晏', '1991-01-20', 'F', 'A', 327, 46, '2023-07-02 16:26:15'),
(3, '5864632422', 'Ardella', 'Alizée', 'Footer', '卜', '1998-10-21', 'F', 'A', 116, 42, '2023-07-02 16:26:15'),
(4, '8475695507', 'Ivonne', 'Pål', 'Antoni', '越', '2002-02-01', 'F', 'A', 295, 33, '2023-07-02 16:26:15'),
(5, '1953006604', 'Joseito', 'Annotée', 'Rudram', '咸', '1993-08-02', 'M', 'A', 392, 5, '2023-07-02 16:26:15'),
(6, '8755681123', 'Melisa', 'Simplifiés', 'Silvermann', '东', '2005-01-29', 'F', 'A', 380, 10, '2023-07-02 16:26:15'),
(7, '2077244631', 'Harwell', 'Stévina', 'Sherebrooke', '怀', '1999-10-01', 'M', 'A', 528, 40, '2023-07-02 16:26:15'),
(8, '0482481056', 'Joshia', 'Uò', 'Edgcumbe', '艾', '1995-08-14', 'M', 'A', 296, 2, '2023-07-02 16:26:15'),
(9, '6364012760', 'Aurel', 'Desirée', 'Rennix', '广', '1991-06-12', 'F', 'A', 270, 18, '2023-07-02 16:26:15'),
(10, '0178045829', 'Lila', 'Sélène', 'Lenglet', '蒋', '1998-02-26', 'F', 'A', 339, 19, '2023-07-02 16:26:15'),
(11, '9844475678', 'Noach', 'Lucrèce', 'Josupeit', '褚', '1996-07-23', 'M', 'A', 165, 3, '2023-07-02 16:26:15'),
(12, '1121129897', 'Orelee', 'Desirée', 'Sholl', '费', '1995-04-30', 'F', 'A', 142, 1, '2023-07-02 16:26:15'),
(13, '1081042397', 'Wit', 'Måns', 'Streetfield', '耿', '1997-09-05', 'M', 'A', 384, 44, '2023-07-02 16:26:15'),
(14, '2714059023', 'Cullin', 'Maëly', 'Blench', '宋', '2003-04-12', 'M', 'A', 105, 12, '2023-07-02 16:26:15'),
(15, '4125746834', 'Anneliese', 'Céline', 'Playle', '汪', '2001-05-05', 'F', 'A', 507, 47, '2023-07-02 16:26:15'),
(16, '5701683354', 'Moises', 'Agnès', 'Bealton', '蔚', '1993-09-09', 'M', 'A', 803, 16, '2023-07-02 16:26:15'),
(17, '2801610682', 'Ingram', 'Styrbjörn', 'Gateman', '卫', '2001-03-05', 'M', 'A', 466, 48, '2023-07-02 16:26:15'),
(18, '1424123364', 'Andonis', 'Gaïa', 'Hoy', '舒', '2000-07-13', 'M', 'A', 318, 32, '2023-07-02 16:26:15'),
(19, '4900036676', 'Nadya', 'Zoé', 'Trill', '张', '2004-11-23', 'F', 'A', 579, 1, '2023-07-02 16:26:15'),
(20, '5964385133', 'Davon', 'Görel', 'Janczak', '封', '1990-12-07', 'M', 'A', 777, 5, '2023-07-02 16:26:15'),
(21, '5977648030', 'Byram', 'Stéphanie', 'Sandars', '羊', '1993-05-08', 'M', 'A', 722, 44, '2023-07-02 16:26:15'),
(22, '6148644606', 'Doyle', 'Zoé', 'Lamcken', '丁', '1992-10-07', 'M', 'A', 625, 3, '2023-07-02 16:26:15'),
(23, '9056901559', 'Eal', 'Pélagie', 'Reims', '花', '1994-12-27', 'M', 'A', 36, 27, '2023-07-02 16:26:15'),
(24, '1321201230', 'Torry', 'Sélène', 'Tuffey', '乌', '1999-02-24', 'M', 'A', 11, 24, '2023-07-02 16:26:15'),
(25, '3224179821', 'Zebulen', 'Erwéi', 'Cord', '秋', '2000-05-26', 'M', 'A', 600, 10, '2023-07-02 16:26:15'),
(26, '4519900115', 'Davey', 'Illustrée', 'Coultard', '杜', '1992-10-25', 'M', 'A', 513, 5, '2023-07-02 16:26:15'),
(27, '6604731707', 'Elsi', 'Léonie', 'Jane', '慎', '1992-02-11', 'F', 'A', 49, 16, '2023-07-02 16:26:15'),
(28, '6101898008', 'Gaile', 'Wá', 'McKmurrie', '康', '1990-02-06', 'M', 'A', 79, 19, '2023-07-02 16:26:15'),
(29, '8101948724', 'Cari', 'Ruì', 'O\'Neal', '仰', '1992-01-16', 'F', 'A', 175, 36, '2023-07-02 16:26:15'),
(30, '4476067328', 'Sandro', 'Cinéma', 'Bere', '禹', '2002-02-15', 'M', 'A', 421, 23, '2023-07-02 16:26:15'),
(31, '0006984622', 'Yoko', 'Néhémie', 'Pegram', '廖', '1993-04-20', 'F', 'A', 285, 36, '2023-07-02 16:26:15'),
(32, '6573250338', 'Ruthe', 'Félicie', 'Matieu', '平', '1999-02-17', 'F', 'A', 188, 43, '2023-07-02 16:26:15'),
(33, '4672236323', 'Sissie', 'Renée', 'Toyne', '怀', '2003-04-30', 'F', 'A', 626, 30, '2023-07-02 16:26:15'),
(34, '8371458924', 'Cherianne', 'Lèi', 'Pedden', '桓', '1992-05-03', 'F', 'A', 835, 24, '2023-07-02 16:26:15'),
(35, '8162708634', 'Darrelle', 'Réservés', 'Giffkins', '莘', '1991-06-03', 'F', 'A', 16, 15, '2023-07-02 16:26:15'),
(36, '0595493130', 'Ileana', 'Lén', 'Gwillym', '充', '1990-08-14', 'F', 'A', 955, 20, '2023-07-02 16:26:15'),
(37, '2460036043', 'Gordy', 'Inès', 'Aleveque', '傅', '1995-11-03', 'M', 'A', 952, 27, '2023-07-02 16:26:15'),
(38, '9392977794', 'Baily', 'Clémence', 'Timoney', '项', '1990-05-26', 'M', 'A', 200, 42, '2023-07-02 16:26:15'),
(39, '0940853531', 'Eadmund', 'Maëly', 'Coverdill', '邴', '1995-05-30', 'M', 'A', 493, 17, '2023-07-02 16:26:15'),
(40, '4000371312', 'Rasia', 'Réservés', 'Sangster', '金', '1990-06-17', 'F', 'A', 480, 45, '2023-07-02 16:26:15'),
(41, '0674462262', 'Iormina', 'Mégane', 'Frowd', '丁', '2002-04-27', 'F', 'A', 43, 36, '2023-07-02 16:26:15'),
(42, '5485120512', 'Goldie', 'Mélina', 'Jewis', '臧', '1996-10-22', 'F', 'A', 416, 38, '2023-07-02 16:26:15'),
(43, '3425500104', 'Micki', 'Magdalène', 'Moore', '桑', '1996-07-09', 'F', 'A', 623, 40, '2023-07-02 16:26:15'),
(44, '5476733280', 'Kipp', 'Cécilia', 'Clack', '皮', '2002-02-07', 'M', 'A', 472, 39, '2023-07-02 16:26:15'),
(45, '6307591056', 'Nikolas', 'Dafnée', 'Dubique', '须', '2001-05-20', 'M', 'A', 110, 2, '2023-07-02 16:26:15'),
(46, '1797274104', 'Torin', 'Yú', 'Engelbrecht', '祖', '2004-01-27', 'M', 'A', 793, 2, '2023-07-02 16:26:15'),
(47, '4669296809', 'Silva', 'Lorène', 'Eskriet', '胡', '1993-01-14', 'F', 'A', 196, 13, '2023-07-02 16:26:15'),
(48, '6676501597', 'Louie', 'Hélèna', 'Wharf', '巢', '1991-01-06', 'M', 'A', 130, 24, '2023-07-02 16:26:15'),
(49, '8850317018', 'Winnifred', 'Gösta', 'Scampion', '乐', '2001-12-15', 'F', 'A', 725, 35, '2023-07-02 16:26:15'),
(50, '2023053196', 'Colly', 'Annotée', 'Taggett', '后', '1992-06-04', 'F', 'A', 306, 17, '2023-07-02 16:26:15'),
(51, '2358298999', 'Brody', 'Cécile', 'Ochterlonie', '丰', '2001-01-18', 'M', 'A', 439, 38, '2023-07-02 16:26:15'),
(52, '4190412384', 'Katinka', 'Anaëlle', 'Delue', '池', '1997-01-25', 'F', 'A', 142, 30, '2023-07-02 16:26:15'),
(53, '5310422625', 'Currey', 'Gaïa', 'Conant', '邰', '1991-11-27', 'M', 'A', 412, 30, '2023-07-02 16:26:15'),
(54, '4751978519', 'Alfy', 'Gaïa', 'Blaxlande', '程', '1999-08-07', 'F', 'A', 919, 22, '2023-07-02 16:26:15'),
(55, '8275623782', 'Wynne', 'Mélina', 'Awde', '麻', '1996-04-19', 'F', 'A', 251, 17, '2023-07-02 16:26:15'),
(56, '5772248391', 'Casar', 'Joséphine', 'Maitland', '盛', '2001-02-26', 'M', 'A', 401, 47, '2023-07-02 16:26:15'),
(57, '5730410336', 'Lucina', 'Léane', 'Goeff', '连', '1998-12-03', 'F', 'A', 114, 7, '2023-07-02 16:26:15'),
(58, '1294956965', 'Nettie', 'Laurène', 'Bricham', '宫', '2004-10-18', 'F', 'A', 320, 4, '2023-07-02 16:26:15'),
(59, '3435373687', 'Ruperto', 'Bérangère', 'Bazley', '顾', '1994-04-16', 'M', 'A', 666, 44, '2023-07-02 16:26:15'),
(60, '6427013726', 'Averell', 'Annotée', 'Benez', '瞿', '2004-04-16', 'M', 'A', 866, 29, '2023-07-02 16:26:15'),
(61, '3251001914', 'Kamillah', 'Loïca', 'Laurence', '郝', '2004-02-04', 'F', 'A', 261, 1, '2023-07-02 16:26:15'),
(62, '7666210280', 'Timmi', 'Crééz', 'Khosa', '鲍', '1995-03-08', 'F', 'A', 942, 33, '2023-07-02 16:26:15'),
(63, '6178018916', 'Shara', 'Táng', 'Cohalan', '沃', '2002-01-15', 'F', 'A', 733, 1, '2023-07-02 16:26:15'),
(64, '7585874596', 'Wilmer', 'Maëlle', 'Cable', '庾', '2004-01-30', 'M', 'A', 875, 21, '2023-07-02 16:26:15'),
(65, '6525068126', 'Cloe', 'Yóu', 'O\'Dyvoy', '宰', '1995-01-28', 'F', 'A', 316, 38, '2023-07-02 16:26:15'),
(66, '5417114839', 'Keith', 'Marylène', 'Thrush', '莘', '1993-11-28', 'M', 'A', 218, 31, '2023-07-02 16:26:15'),
(67, '2322242098', 'Anett', 'Cloé', 'Tyre', '甘', '1999-05-24', 'F', 'A', 614, 48, '2023-07-02 16:26:15'),
(68, '9018242020', 'Zacherie', 'Noémie', 'Hayzer', '池', '1992-01-01', 'M', 'A', 13, 10, '2023-07-02 16:26:15'),
(69, '4186613753', 'Harmonia', 'Simplifiés', 'Mardlin', '魏', '2004-08-14', 'F', 'A', 206, 45, '2023-07-02 16:26:15'),
(70, '9094999935', 'Susanetta', 'Edmée', 'Stockau', '谈', '1992-06-13', 'F', 'A', 496, 23, '2023-07-02 16:26:15'),
(71, '2153285585', 'Eirena', 'Irène', 'Lovelock', '彭', '2000-06-11', 'F', 'A', 114, 15, '2023-07-02 16:26:15'),
(72, '7145039818', 'Abner', 'Agnès', 'Ensten', '康', '1997-04-25', 'M', 'A', 764, 26, '2023-07-02 16:26:15'),
(73, '2985421136', 'Florella', 'Tú', 'Hatry', '石', '2004-12-27', 'F', 'A', 11, 42, '2023-07-02 16:26:15'),
(74, '0558849865', 'Trish', 'Andréa', 'Jakeman', '弓', '1999-05-24', 'F', 'A', 936, 14, '2023-07-02 16:26:15'),
(75, '6336415244', 'Antone', 'Stéphanie', 'Realff', '祝', '1997-12-24', 'M', 'A', 754, 17, '2023-07-02 16:26:15'),
(76, '3332977148', 'Dennis', 'Cunégonde', 'Yukhnov', '房', '2002-09-06', 'M', 'A', 434, 38, '2023-07-02 16:26:15'),
(77, '5375199807', 'Westbrooke', 'Amélie', 'Bainbrigge', '阳', '1991-06-13', 'M', 'A', 145, 41, '2023-07-02 16:26:15'),
(78, '5228485643', 'Sara-ann', 'Åke', 'Ben', '王', '1998-12-30', 'F', 'A', 705, 10, '2023-07-02 16:26:15'),
(79, '0759946086', 'Rivi', 'Céline', 'D\'Agostino', '管', '1995-11-27', 'F', 'A', 45, 43, '2023-07-02 16:26:15'),
(80, '7373827543', 'Pascal', 'Méng', 'Saunter', '岑', '1992-07-07', 'M', 'A', 278, 7, '2023-07-02 16:26:15'),
(81, '8207374357', 'Dwayne', 'Léane', 'Conkie', '唐', '2001-11-03', 'M', 'A', 931, 2, '2023-07-02 16:26:15'),
(82, '2623864411', 'Zane', 'Uò', 'Cordie', '平', '2005-05-19', 'M', 'A', 541, 3, '2023-07-02 16:26:15'),
(83, '0902157574', 'Merell', 'Anaïs', 'Mattiuzzi', '桓', '1998-08-12', 'M', 'A', 390, 42, '2023-07-02 16:26:15'),
(84, '0069775435', 'Ernaline', 'Léandre', 'Drohane', '贡', '1995-05-17', 'F', 'A', 575, 42, '2023-07-02 16:26:15'),
(85, '0184197481', 'Jake', 'Mélissandre', 'MacFaell', '衡', '1992-10-17', 'M', 'A', 467, 48, '2023-07-02 16:26:15'),
(86, '1146141580', 'Fiorenze', 'Maïté', 'Osborn', '昝', '1990-04-01', 'F', 'A', 874, 29, '2023-07-02 16:26:15'),
(87, '5216001271', 'Ward', 'Michèle', 'Huburn', '董', '2000-01-11', 'M', 'A', 940, 7, '2023-07-02 16:26:15'),
(88, '8436050614', 'Leigh', 'Mårten', 'Beedle', '邬', '2002-02-24', 'M', 'A', 358, 39, '2023-07-02 16:26:15'),
(89, '9754993343', 'Flory', 'Maëline', 'McConnachie', '勾', '2004-01-25', 'M', 'A', 813, 28, '2023-07-02 16:26:15'),
(90, '1281724580', 'Christel', 'Océanne', 'Gibbin', '史', '2005-02-17', 'F', 'A', 96, 17, '2023-07-02 16:26:15'),
(91, '4763163558', 'Tildie', 'Cloé', 'Joynes', '高', '1991-01-08', 'F', 'A', 521, 21, '2023-07-02 16:26:15'),
(92, '5380667651', 'Neville', 'Mélina', 'Casajuana', '弓', '2004-11-24', 'M', 'A', 116, 41, '2023-07-02 16:26:15'),
(93, '9447663699', 'Armando', 'Måns', 'Folland', '巴', '1996-04-20', 'M', 'A', 449, 14, '2023-07-02 16:26:15'),
(94, '5172331018', 'Ax', 'Yè', 'Bloodworthe', '冷', '1999-07-10', 'M', 'A', 298, 42, '2023-07-02 16:26:15'),
(95, '3716377007', 'Quintana', 'Göran', 'McCready', '侯', '1993-01-20', 'F', 'A', 336, 34, '2023-07-02 16:26:15'),
(96, '9471869099', 'Jehu', 'Daphnée', 'McClurg', '蔚', '1995-10-10', 'M', 'A', 217, 45, '2023-07-02 16:26:15'),
(97, '8672062035', 'Mala', 'Maëline', 'Udie', '蓝', '1999-10-01', 'F', 'A', 170, 35, '2023-07-02 16:26:15'),
(98, '1668675676', 'Murry', 'Håkan', 'Iveagh', '骆', '1999-01-03', 'M', 'A', 177, 47, '2023-07-02 16:26:15'),
(99, '8677395849', 'Jarib', 'Lèi', 'Pensom', '牧', '1990-10-24', 'M', 'A', 439, 26, '2023-07-02 16:26:15'),
(100, '1502964104', 'Bradney', 'Irène', 'Tranter', '古', '2002-03-02', 'M', 'A', 116, 47, '2023-07-02 16:26:15'),
(101, '6111112368', 'Danya', 'Angèle', 'Rosenhaus', '骆', '2001-12-24', 'M', 'A', 505, 24, '2023-07-02 16:26:15'),
(102, '4995494766', 'Carissa', 'Vénus', 'Kingwell', '邴', '2004-01-10', 'F', 'A', 641, 29, '2023-07-02 16:26:15'),
(103, '2794375709', 'Bethanne', 'Félicie', 'Placide', '莘', '1990-02-20', 'F', 'A', 117, 17, '2023-07-02 16:26:15'),
(104, '8172296207', 'Marylin', 'Lén', 'Arlett', '敖', '1999-05-15', 'F', 'A', 378, 21, '2023-07-02 16:26:15'),
(105, '7010179719', 'Gerik', 'Noémie', 'Bourthouloume', '宋', '2000-11-15', 'M', 'A', 563, 29, '2023-07-02 16:26:15'),
(106, '5620599841', 'Slade', 'Danièle', 'Kowalski', '樊', '2003-09-16', 'M', 'A', 175, 19, '2023-07-02 16:26:15'),
(107, '0320371840', 'Oneida', 'Marie-ève', 'Oxtoby', '邓', '2000-05-15', 'F', 'A', 904, 12, '2023-07-02 16:26:15'),
(108, '8276866530', 'Moses', 'Léana', 'Phibb', '蓟', '2003-01-14', 'M', 'A', 392, 20, '2023-07-02 16:26:15'),
(109, '2336292467', 'Dori', 'Sòng', 'Horbath', '褚', '2002-10-05', 'F', 'A', 938, 2, '2023-07-02 16:26:15'),
(110, '5966380392', 'Allie', 'Dorothée', 'Gratrix', '蔚', '2001-06-11', 'M', 'A', 763, 32, '2023-07-02 16:26:15'),
(111, '1989047416', 'Jacintha', 'Léa', 'Yanne', '皮', '2000-07-22', 'F', 'A', 912, 27, '2023-07-02 16:26:15'),
(112, '3734669057', 'Alejandrina', 'Lucrèce', 'Sheach', '扶', '1996-02-09', 'F', 'A', 685, 46, '2023-07-02 16:26:15'),
(113, '5155162157', 'Symon', 'Maëlys', 'Balsellie', '邵', '2002-12-13', 'M', 'A', 117, 2, '2023-07-02 16:26:15'),
(114, '7473119931', 'Brietta', 'Léonore', 'Sharp', '元', '1993-01-22', 'F', 'A', 482, 30, '2023-07-02 16:26:15'),
(115, '3619612935', 'Boyce', 'Noëlla', 'Cardoso', '毛', '1993-01-13', 'M', 'A', 162, 22, '2023-07-02 16:26:15'),
(116, '5861293716', 'Johannes', 'Anaïs', 'Jaram', '蒲', '2005-06-11', 'M', 'A', 905, 48, '2023-07-02 16:26:15'),
(117, '6800884340', 'Leon', 'Mégane', 'Chesman', '花', '1992-09-14', 'M', 'A', 470, 14, '2023-07-02 16:26:15'),
(118, '0493592512', 'Chalmers', 'Maïwenn', 'Dye', '黄', '1995-05-28', 'M', 'A', 558, 29, '2023-07-02 16:26:15'),
(119, '5367918999', 'Vincenz', 'Océane', 'Cluckie', '许', '1994-09-15', 'M', 'A', 313, 44, '2023-07-02 16:26:15'),
(120, '8275924820', 'Devan', 'Edmée', 'Fiske', '丰', '1994-01-27', 'F', 'A', 586, 28, '2023-07-02 16:26:15'),
(121, '4386669000', 'Hall', 'Stévina', 'McRitchie', '萧', '1993-07-11', 'M', 'A', 896, 38, '2023-07-02 16:26:15'),
(122, '2563739969', 'Filide', 'Laïla', 'Gillon', '卓', '2003-09-28', 'F', 'A', 409, 9, '2023-07-02 16:26:15'),
(123, '4014340058', 'Nadiya', 'Dù', 'Fike', '席', '1994-11-03', 'F', 'A', 594, 30, '2023-07-02 16:26:15'),
(124, '6926967245', 'Robers', 'Laurélie', 'Buckam', '鄂', '1992-05-11', 'M', 'A', 668, 41, '2023-07-02 16:26:15'),
(125, '3413298437', 'Archy', 'Maïwenn', 'Conew', '滑', '2000-01-08', 'M', 'A', 87, 40, '2023-07-02 16:26:15'),
(126, '3378125276', 'Vinnie', 'Börje', 'Zorzi', '明', '1999-05-17', 'M', 'A', 400, 45, '2023-07-02 16:26:15'),
(127, '0805738436', 'Lee', 'Kuí', 'Alflat', '强', '1995-01-30', 'M', 'A', 47, 44, '2023-07-02 16:26:15'),
(128, '8459752569', 'Ines', 'Athéna', 'Claughton', '苗', '1997-01-24', 'F', 'A', 839, 6, '2023-07-02 16:26:15'),
(129, '1588629872', 'Philippa', 'Eliès', 'Thackeray', '史', '2003-05-08', 'F', 'A', 401, 48, '2023-07-02 16:26:15'),
(130, '1093566191', 'Zechariah', 'Anaël', 'Lowsely', '冯', '1994-06-03', 'M', 'A', 297, 31, '2023-07-02 16:26:15'),
(131, '4034476710', 'Welby', 'Tú', 'Stroder', '邱', '2003-07-08', 'M', 'A', 806, 7, '2023-07-02 16:26:15'),
(132, '7311899346', 'Em', 'Erwéi', 'Gave', '夏', '1991-06-25', 'M', 'A', 373, 25, '2023-07-02 16:26:15'),
(133, '2691270440', 'Angelico', 'Cunégonde', 'Beastall', '储', '1995-01-08', 'M', 'A', 230, 28, '2023-07-02 16:26:15'),
(134, '6700738288', 'Mycah', 'Lóng', 'Rudgley', '连', '2004-08-03', 'M', 'A', 598, 40, '2023-07-02 16:26:15'),
(135, '2470849314', 'Pennie', 'Almérinda', 'Vankin', '钮', '1990-12-26', 'M', 'A', 711, 47, '2023-07-02 16:26:15'),
(136, '6168203036', 'Moyna', 'Anaé', 'Loveland', '司', '1993-08-05', 'F', 'A', 94, 40, '2023-07-02 16:26:15'),
(137, '3286948101', 'Brittan', 'Ráo', 'Detheridge', '施', '1999-07-20', 'F', 'A', 603, 10, '2023-07-02 16:26:15'),
(138, '7896774178', 'Danica', 'Andréanne', 'Grattage', '汤', '1996-10-23', 'F', 'A', 902, 23, '2023-07-02 16:26:15'),
(139, '6686019208', 'Darryl', 'Eugénie', 'Donalson', '班', '1992-06-08', 'M', 'A', 57, 8, '2023-07-02 16:26:15'),
(140, '7752009199', 'Conny', 'Marie-hélène', 'Lilleycrop', '盛', '2003-03-07', 'F', 'A', 560, 4, '2023-07-02 16:26:15'),
(141, '8384045720', 'Brunhilde', 'Eugénie', 'Kiff', '郁', '1994-06-23', 'F', 'A', 822, 8, '2023-07-02 16:26:15'),
(142, '2028830468', 'Fawnia', 'Gisèle', 'Cammack', '孟', '2001-02-12', 'F', 'A', 784, 17, '2023-07-02 16:26:15'),
(143, '4324143420', 'Benjie', 'Alizée', 'McVity', '蒲', '2004-06-05', 'M', 'A', 334, 22, '2023-07-02 16:26:15'),
(144, '2470434165', 'Kiri', 'Aimée', 'Dello', '江', '1991-10-25', 'F', 'A', 633, 16, '2023-07-02 16:26:15'),
(145, '0893410888', 'Rona', 'Yè', 'Pike', '蒲', '1992-08-19', 'F', 'A', 488, 40, '2023-07-02 16:26:15'),
(146, '5850392998', 'Winnie', 'Naéva', 'Pattlel', '仇', '1991-07-10', 'M', 'A', 79, 32, '2023-07-02 16:26:15'),
(147, '1177641445', 'Jule', 'Daphnée', 'Nalder', '溥', '1995-03-29', 'M', 'A', 493, 32, '2023-07-02 16:26:15'),
(148, '8223611473', 'Elbertina', 'Nuó', 'Dancy', '却', '2003-08-15', 'F', 'A', 300, 40, '2023-07-02 16:26:15'),
(149, '6596643840', 'Margie', 'Ruì', 'Hovard', '暴', '2002-12-23', 'F', 'A', 470, 44, '2023-07-02 16:26:15'),
(150, '7935464073', 'Concordia', 'Véronique', 'Darrigrand', '费', '1999-10-23', 'F', 'A', 208, 14, '2023-07-02 16:26:15'),
(151, '0231698208', 'Iolanthe', 'Kù', 'Eldridge', '孟', '2000-02-29', 'F', 'A', 373, 33, '2023-07-02 16:26:15'),
(152, '6532601071', 'Yank', 'Maïté', 'Szwandt', '慕', '2000-06-22', 'M', 'A', 211, 20, '2023-07-02 16:26:15'),
(153, '0442428618', 'My', 'Athéna', 'Millions', '凌', '1992-08-06', 'M', 'A', 39, 13, '2023-07-02 16:26:15'),
(154, '7148562430', 'Cord', 'Véronique', 'Wetherhead', '蒲', '1997-12-09', 'M', 'A', 980, 42, '2023-07-02 16:26:15'),
(155, '0964044048', 'Janie', 'Crééz', 'Morican', '鱼', '2002-11-09', 'F', 'A', 475, 28, '2023-07-02 16:26:15'),
(156, '7089627616', 'Brittaney', 'Stévina', 'Titterington', '管', '2005-02-02', 'F', 'A', 62, 9, '2023-07-02 16:26:15'),
(157, '1260280721', 'Keene', 'Gaïa', 'Mahon', '红', '1994-02-02', 'M', 'A', 964, 18, '2023-07-02 16:26:15'),
(158, '3569993957', 'Kirby', 'Josée', 'Proven', '仇', '2000-12-10', 'M', 'A', 757, 10, '2023-07-02 16:26:15'),
(159, '2435725523', 'Odie', 'Bénédicte', 'Stabler', '文', '1990-05-20', 'M', 'A', 305, 5, '2023-07-02 16:26:15'),
(160, '0527343900', 'Rafaelia', 'Simplifiés', 'Ledford', '邴', '1994-11-22', 'F', 'A', 772, 13, '2023-07-02 16:26:15'),
(161, '8806186906', 'Onofredo', 'Lóng', 'Burtwhistle', '武', '2003-02-24', 'M', 'A', 767, 25, '2023-07-02 16:26:15'),
(162, '9034328872', 'Evvy', 'Adélaïde', 'O\'Fairy', '韩', '1999-06-01', 'F', 'A', 855, 10, '2023-07-02 16:26:15'),
(163, '1191722562', 'Hazlett', 'Naéva', 'Bolding', '权', '1996-11-22', 'M', 'A', 300, 11, '2023-07-02 16:26:15'),
(164, '7924609164', 'Devina', 'Léane', 'Finnimore', '席', '1997-04-05', 'F', 'A', 269, 5, '2023-07-02 16:26:15'),
(165, '0120017377', 'Barbara', 'Mélia', 'Hutchison', '赖', '1990-12-08', 'F', 'A', 258, 32, '2023-07-02 16:26:15'),
(166, '7996797005', 'Shela', 'Lyséa', 'Waterson', '富', '1993-12-07', 'F', 'A', 935, 19, '2023-07-02 16:26:15'),
(167, '2830024281', 'Allegra', 'Zoé', 'Gramer', '莫', '1990-09-29', 'F', 'A', 509, 6, '2023-07-02 16:26:15'),
(168, '5200387507', 'Merill', 'Desirée', 'Longwood', '于', '2001-12-01', 'M', 'A', 812, 20, '2023-07-02 16:26:15'),
(169, '3038870595', 'Anatol', 'Daphnée', 'McGibbon', '阚', '1992-07-31', 'M', 'A', 671, 32, '2023-07-02 16:26:15'),
(170, '4315878057', 'Claude', 'Marie-noël', 'Mewburn', '糜', '1994-05-04', 'F', 'A', 254, 24, '2023-07-02 16:26:15'),
(171, '7205993911', 'Augustin', 'Béatrice', 'Laidel', '梅', '1995-11-21', 'M', 'A', 195, 35, '2023-07-02 16:26:15'),
(172, '5861026025', 'Riobard', 'Mélina', 'Diggles', '萧', '1997-01-29', 'M', 'A', 411, 9, '2023-07-02 16:26:15'),
(173, '3045717942', 'Marv', 'Maëlyss', 'Stieger', '樊', '2000-02-15', 'M', 'A', 220, 33, '2023-07-02 16:26:15'),
(174, '5647108873', 'Berky', 'Loïca', 'MacTrustie', '许', '2001-07-30', 'M', 'A', 652, 30, '2023-07-02 16:26:15'),
(175, '8553428184', 'Ann-marie', 'Kuí', 'Jouanot', '邬', '1998-02-27', 'F', 'A', 698, 46, '2023-07-02 16:26:15'),
(176, '9018534609', 'Alta', 'Félicie', 'Alfonsetto', '那', '1994-12-10', 'F', 'A', 543, 34, '2023-07-02 16:26:15'),
(177, '9172330759', 'Matelda', 'Irène', 'Ockwell', '束', '2001-10-22', 'F', 'A', 795, 17, '2023-07-02 16:26:15'),
(178, '6595551330', 'Iseabal', 'Nuó', 'Speir', '焦', '1999-03-14', 'F', 'A', 331, 30, '2023-07-02 16:26:15'),
(179, '2168751021', 'Delmar', 'Adélie', 'Buten', '籍', '2000-04-07', 'M', 'A', 943, 23, '2023-07-02 16:26:15'),
(180, '6784162145', 'Jordanna', 'Danièle', 'Oldnall', '僪', '2004-11-29', 'F', 'A', 49, 34, '2023-07-02 16:26:15'),
(181, '8129590468', 'Page', 'Valérie', 'Gindghill', '宋', '1992-01-22', 'F', 'A', 412, 10, '2023-07-02 16:26:15'),
(182, '1783954922', 'Dillon', 'Maéna', 'Dionis', '寿', '2001-02-12', 'M', 'A', 689, 40, '2023-07-02 16:26:15'),
(183, '3306430145', 'Corilla', 'Béatrice', 'Slyvester', '索', '1991-09-02', 'F', 'A', 945, 48, '2023-07-02 16:26:15'),
(184, '1103737171', 'Adel', 'Intéressant', 'Alderwick', '章', '2002-12-14', 'F', 'A', 628, 22, '2023-07-02 16:26:15'),
(185, '6889854888', 'Junette', 'Lóng', 'Bevens', '盍', '1991-11-29', 'F', 'A', 343, 30, '2023-07-02 16:26:15'),
(186, '5566602789', 'Sebastien', 'Maëly', 'MacDunlevy', '祁', '1994-06-18', 'M', 'A', 580, 36, '2023-07-02 16:26:15'),
(187, '6450647558', 'Mellisent', 'Mélodie', 'Malam', '郁', '1992-09-03', 'F', 'A', 84, 30, '2023-07-02 16:26:15'),
(188, '5844061594', 'Caterina', 'Gaïa', 'Donneely', '尤', '2005-02-21', 'F', 'A', 323, 43, '2023-07-02 16:26:15'),
(189, '1587485192', 'Tarrance', 'Noëlla', 'Whiteman', '雍', '1993-04-12', 'M', 'A', 598, 41, '2023-07-02 16:26:15'),
(190, '1009697307', 'Heidie', 'Séréna', 'Antonietti', '邱', '1998-10-19', 'F', 'A', 703, 45, '2023-07-02 16:26:15'),
(191, '1329680146', 'Reta', 'Eloïse', 'Rantoul', '蓬', '1990-06-10', 'F', 'A', 56, 46, '2023-07-02 16:26:15'),
(192, '7373978797', 'Johan', 'Kallisté', 'Hiscoe', '伍', '1997-04-15', 'M', 'A', 263, 20, '2023-07-02 16:26:15'),
(193, '3784682340', 'Garth', 'Gaïa', 'Oakeby', '郜', '2003-12-07', 'M', 'A', 625, 13, '2023-07-02 16:26:15'),
(194, '9123746092', 'Bar', 'Séréna', 'Purcer', '鞠', '1999-12-09', 'M', 'A', 263, 15, '2023-07-02 16:26:15'),
(195, '0231567006', 'Jolyn', 'Aurélie', 'Tschersich', '汪', '1994-07-18', 'F', 'A', 834, 39, '2023-07-02 16:26:15'),
(196, '2776206062', 'Berny', 'Gaïa', 'Cobbin', '尚', '2000-01-04', 'F', 'A', 77, 31, '2023-07-02 16:26:15'),
(197, '7394011607', 'Germana', 'Pélagie', 'Fuller', '公', '1999-07-31', 'F', 'A', 573, 12, '2023-07-02 16:26:15'),
(198, '6893869037', 'Yardley', 'Åsa', 'Birth', '祁', '2005-05-02', 'M', 'A', 755, 36, '2023-07-02 16:26:15'),
(199, '0917520378', 'Kelcy', 'Laïla', 'MacMaykin', '隗', '2003-08-11', 'F', 'A', 799, 26, '2023-07-02 16:26:15'),
(200, '3127580134', 'Maxim', 'Styrbjörn', 'Attawell', '江', '1993-09-11', 'M', 'A', 206, 2, '2023-07-02 16:26:15'),
(201, '9837451165', 'Oswell', 'Vénus', 'Pauletti', '经', '1992-09-15', 'M', 'A', 234, 40, '2023-07-02 16:26:15'),
(202, '6451624039', 'Dick', 'Laurélie', 'Toquet', '葛', '1992-12-20', 'M', 'A', 616, 17, '2023-07-02 16:26:15'),
(203, '7927795686', 'Hamlen', 'Simplifiés', 'Petken', '隗', '1990-06-11', 'M', 'A', 479, 16, '2023-07-02 16:26:15'),
(204, '5454914452', 'Gussie', 'Cécile', 'Wastall', '郎', '1994-02-12', 'F', 'A', 698, 31, '2023-07-02 16:26:15'),
(205, '4686237904', 'Leone', 'Méng', 'Apark', '堵', '1994-10-29', 'F', 'A', 833, 3, '2023-07-02 16:26:15'),
(206, '1512310948', 'Linda', 'Wá', 'Meharry', '容', '1993-06-24', 'F', 'A', 433, 17, '2023-07-02 16:26:15'),
(207, '2014065446', 'Fannie', 'Adélaïde', 'Brownbridge', '余', '2000-04-11', 'F', 'A', 469, 28, '2023-07-02 16:26:15'),
(208, '9570859105', 'Barbabas', 'Loïca', 'Dake', '徐', '1999-04-05', 'M', 'A', 474, 43, '2023-07-02 16:26:15'),
(209, '4294431466', 'Aggi', 'Bérénice', 'Blumsom', '骆', '1993-11-18', 'F', 'A', 947, 45, '2023-07-02 16:26:15'),
(210, '7370982351', 'Rene', 'Stéphanie', 'Derrington', '成', '1999-10-19', 'F', 'A', 876, 40, '2023-07-02 16:26:15'),
(211, '4587166308', 'Dael', 'Célia', 'Porter', '元', '2003-03-21', 'F', 'A', 610, 26, '2023-07-02 16:26:15'),
(212, '2712576004', 'Estrellita', 'Maëlyss', 'Zanicchi', '岑', '1993-03-29', 'F', 'A', 405, 41, '2023-07-02 16:26:15'),
(213, '8317813789', 'Velvet', 'Marlène', 'Wolfit', '宗', '1996-02-20', 'F', 'A', 256, 39, '2023-07-02 16:26:15'),
(214, '7927791338', 'Ailyn', 'Personnalisée', 'Grills', '廉', '2001-05-27', 'F', 'A', 632, 44, '2023-07-02 16:26:15'),
(215, '9250485026', 'Zena', 'Mårten', 'Tuvey', '向', '1994-07-26', 'F', 'A', 309, 10, '2023-07-02 16:26:15'),
(216, '7808296171', 'Jasmina', 'Camélia', 'Speed', '范', '2003-04-16', 'F', 'A', 256, 36, '2023-07-02 16:26:15'),
(217, '5169808836', 'Fin', 'Tú', 'Bavister', '董', '2002-07-05', 'M', 'A', 34, 12, '2023-07-02 16:26:15'),
(218, '5731298203', 'Mikel', 'Angélique', 'Keeler', '养', '2005-01-19', 'M', 'A', 493, 42, '2023-07-02 16:26:15'),
(219, '5666443208', 'Chaunce', 'Erwéi', 'Jouhning', '易', '1994-12-19', 'M', 'A', 599, 17, '2023-07-02 16:26:15'),
(220, '8366574253', 'Krissie', 'Célia', 'Penticost', '沈', '2004-02-27', 'F', 'A', 861, 21, '2023-07-02 16:26:15'),
(221, '6386062574', 'Spencer', 'Örjan', 'Breese', '米', '1993-12-13', 'M', 'A', 821, 2, '2023-07-02 16:26:15'),
(222, '6064658525', 'Ealasaid', 'Yénora', 'Goodhand', '饶', '2002-10-15', 'F', 'A', 393, 18, '2023-07-02 16:26:15'),
(223, '3156191809', 'Linoel', 'Audréanne', 'Del Checolo', '冷', '1997-03-03', 'M', 'A', 913, 18, '2023-07-02 16:26:15'),
(224, '8155719537', 'Tomlin', 'Bérénice', 'Hodgen', '柏', '2000-10-15', 'M', 'A', 200, 45, '2023-07-02 16:26:15'),
(225, '3427885550', 'Wiatt', 'Séréna', 'Camosso', '缪', '1998-04-17', 'M', 'A', 93, 38, '2023-07-02 16:26:15'),
(226, '4333905435', 'Henderson', 'Lorène', 'Lathy', '项', '1991-05-04', 'M', 'A', 528, 24, '2023-07-02 16:26:15'),
(227, '9474360294', 'Harley', 'Kù', 'Chennells', '游', '2003-05-18', 'M', 'A', 641, 45, '2023-07-02 16:26:15'),
(228, '3140794134', 'Shepard', 'Maïly', 'Lingwood', '明', '2005-03-16', 'M', 'A', 665, 13, '2023-07-02 16:26:15'),
(229, '8093713182', 'Darelle', 'Eléa', 'Dubber', '从', '2000-11-28', 'F', 'A', 613, 3, '2023-07-02 16:26:15'),
(230, '9643955664', 'Georgianna', 'Léonie', 'Chrstine', '祝', '1996-02-29', 'F', 'A', 5, 33, '2023-07-02 16:26:15'),
(231, '0543715272', 'Miguela', 'Kù', 'Yushachkov', '逄', '2000-01-30', 'F', 'A', 669, 39, '2023-07-02 16:26:15'),
(232, '4840559759', 'Parrnell', 'Maïly', 'Boylin', '闻', '1995-01-20', 'M', 'A', 373, 15, '2023-07-02 16:26:16'),
(233, '2231848740', 'Sioux', 'Håkan', 'Hurleston', '查', '2002-11-04', 'F', 'A', 615, 33, '2023-07-02 16:26:16'),
(234, '6844355572', 'Tommie', 'Andréa', 'Bawdon', '温', '1998-06-05', 'F', 'A', 713, 39, '2023-07-02 16:26:16'),
(235, '9066675772', 'Chalmers', 'Salomé', 'Gommey', '孔', '2003-12-26', 'M', 'A', 473, 1, '2023-07-02 16:26:16'),
(236, '6250937420', 'Julianne', 'Lauréna', 'Willows', '凤', '1992-07-24', 'F', 'A', 186, 3, '2023-07-02 16:26:16'),
(237, '3174634830', 'Camile', 'Adèle', 'Storrar', '谢', '2001-01-10', 'F', 'A', 92, 6, '2023-07-02 16:26:16'),
(238, '5254195940', 'Meara', 'Bénédicte', 'Scoffins', '融', '1999-10-29', 'F', 'A', 757, 38, '2023-07-02 16:26:16'),
(239, '0872755800', 'Federica', 'Eléa', 'Thwaite', '养', '2001-05-22', 'F', 'A', 555, 9, '2023-07-02 16:26:16'),
(240, '3496447443', 'Bambie', 'Audréanne', 'Mousby', '符', '1995-05-02', 'F', 'A', 23, 20, '2023-07-02 16:26:16'),
(241, '4352935921', 'Yetty', 'Béatrice', 'Gainseford', '时', '1997-11-21', 'F', 'A', 118, 34, '2023-07-02 16:26:16'),
(242, '5690262420', 'Cory', 'Geneviève', 'Mapstone', '宿', '1992-05-01', 'M', 'A', 411, 1, '2023-07-02 16:26:16'),
(243, '0713450061', 'Brita', 'Yè', 'Mc Curlye', '钱', '2000-12-22', 'F', 'A', 255, 19, '2023-07-02 16:26:16'),
(244, '2107469393', 'Bruce', 'Laïla', 'Crone', '融', '1992-09-09', 'M', 'A', 620, 29, '2023-07-02 16:26:16'),
(245, '8558339252', 'Algernon', 'Cloé', 'Prattin', '能', '1994-03-02', 'M', 'A', 16, 17, '2023-07-02 16:26:16'),
(246, '2442141647', 'Waldo', 'Maëlla', 'Bootherstone', '庾', '1990-06-09', 'M', 'A', 979, 9, '2023-07-02 16:26:16'),
(247, '4469782025', 'Irving', 'Ráo', 'Beart', '乔', '2004-06-20', 'M', 'A', 975, 17, '2023-07-02 16:26:16'),
(248, '3768173739', 'Rocky', 'Maëlys', 'Donlon', '简', '1997-02-03', 'M', 'A', 169, 16, '2023-07-02 16:26:16'),
(249, '6181460934', 'Ambrosius', 'Séverine', 'Stapleton', '乔', '1997-03-30', 'M', 'A', 64, 26, '2023-07-02 16:26:16'),
(250, '9516322476', 'Enos', 'Noëlla', 'O\'Heffernan', '羊', '1995-03-16', 'M', 'A', 584, 2, '2023-07-02 16:26:16'),
(251, '6926690073', 'Dana', 'Illustrée', 'Acory', '简', '1991-04-16', 'M', 'A', 52, 22, '2023-07-02 16:26:16'),
(252, '7109868478', 'Romonda', 'Maïlys', 'Van Dalen', '伊', '2004-05-27', 'F', 'A', 214, 31, '2023-07-02 16:26:16'),
(253, '0582568250', 'Melinde', 'Andréa', 'Razoux', '樊', '1990-01-23', 'F', 'A', 119, 13, '2023-07-02 16:26:16'),
(254, '0417790813', 'Reginald', 'Laurène', 'Bagshaw', '芮', '2003-04-17', 'M', 'A', 980, 26, '2023-07-02 16:26:16'),
(255, '5634736374', 'Marleen', 'Béatrice', 'Himpson', '翁', '1994-11-11', 'F', 'A', 866, 22, '2023-07-02 16:26:16'),
(256, '7232034288', 'Dorine', 'Maéna', 'Terrans', '暴', '2005-01-26', 'F', 'A', 608, 31, '2023-07-02 16:26:16'),
(257, '3467288561', 'Isidor', 'Cinéma', 'D\'Arrigo', '居', '1993-09-21', 'M', 'A', 10, 48, '2023-07-02 16:26:16'),
(258, '8953423546', 'Reece', 'Nadège', 'Reboulet', '程', '1994-03-27', 'M', 'A', 808, 47, '2023-07-02 16:26:16'),
(259, '4785556471', 'Beverly', 'Ráo', 'Snuggs', '殳', '1995-11-17', 'F', 'A', 137, 43, '2023-07-02 16:26:16'),
(260, '6445820611', 'Prentice', 'Anaïs', 'Copcutt', '刘', '2002-02-19', 'M', 'A', 262, 44, '2023-07-02 16:26:16'),
(261, '1143761707', 'Flore', 'Marlène', 'Scarf', '单', '1995-01-02', 'F', 'A', 513, 7, '2023-07-02 16:26:16'),
(262, '6293233190', 'Augusta', 'Yóu', 'Bidgood', '后', '1996-07-25', 'F', 'A', 940, 12, '2023-07-02 16:26:16'),
(263, '1954460716', 'Donelle', 'Maïlys', 'Faircley', '昝', '1994-10-30', 'F', 'A', 879, 35, '2023-07-02 16:26:16'),
(264, '1600846858', 'Tania', 'Faîtes', 'Sheirlaw', '白', '2004-08-13', 'F', 'A', 732, 22, '2023-07-02 16:26:16'),
(265, '0193543915', 'Audry', 'Estée', 'Ourry', '颜', '1995-04-29', 'F', 'A', 331, 46, '2023-07-02 16:26:16'),
(266, '3939312010', 'Jennette', 'Séverine', 'Sandell', '汲', '2004-09-04', 'F', 'A', 476, 32, '2023-07-02 16:26:16'),
(267, '3305933704', 'Harrie', 'Néhémie', 'Fronsek', '夔', '1993-01-02', 'F', 'A', 179, 3, '2023-07-02 16:26:16'),
(268, '9725120809', 'Kori', 'Adélie', 'Axe', '郦', '1992-01-07', 'F', 'A', 205, 14, '2023-07-02 16:26:16'),
(269, '0094716161', 'Hiram', 'Torbjörn', 'Shieber', '浦', '2002-01-23', 'M', 'A', 332, 13, '2023-07-02 16:26:16'),
(270, '4700703210', 'Barrett', 'Clémence', 'Milnes', '韦', '2000-07-10', 'M', 'A', 472, 5, '2023-07-02 16:26:16'),
(271, '0016341155', 'Ravi', 'Angèle', 'Caltera', '红', '2001-01-30', 'M', 'A', 808, 6, '2023-07-02 16:26:16'),
(272, '6168250816', 'Reggie', 'Hélèna', 'Sharville', '敖', '2000-12-07', 'F', 'A', 145, 37, '2023-07-02 16:26:16'),
(273, '0917788141', 'Constancia', 'Marie-hélène', 'Delort', '席', '1996-03-05', 'F', 'A', 862, 41, '2023-07-02 16:26:16'),
(274, '7010229449', 'Mirabella', 'Mélodie', 'Marchington', '蒋', '1996-11-22', 'F', 'A', 446, 47, '2023-07-02 16:26:16'),
(275, '3220971679', 'Aharon', 'Gwenaëlle', 'Pendlebury', '和', '1998-11-11', 'M', 'A', 194, 20, '2023-07-02 16:26:16'),
(276, '6525593980', 'Iosep', 'Célestine', 'Horrod', '贡', '2001-11-09', 'M', 'A', 716, 48, '2023-07-02 16:26:16'),
(277, '4846963721', 'Olimpia', 'Bérénice', 'Roggeman', '于', '2001-05-25', 'F', 'A', 211, 4, '2023-07-02 16:26:16'),
(278, '7810019570', 'Christine', 'Maëlann', 'McLise', '焦', '2004-10-16', 'F', 'A', 210, 29, '2023-07-02 16:26:16'),
(279, '6094717872', 'Jarvis', 'Clémentine', 'Potkin', '江', '2002-02-20', 'M', 'A', 77, 4, '2023-07-02 16:26:16'),
(280, '0871469383', 'Neville', 'Lèi', 'Leile', '丰', '1996-04-09', 'M', 'A', 142, 27, '2023-07-02 16:26:16'),
(281, '8904580137', 'Nike', 'Illustrée', 'Purdie', '扶', '1993-04-25', 'F', 'A', 14, 26, '2023-07-02 16:26:16'),
(282, '9396246581', 'Aldous', 'Åslög', 'Astill', '国', '1991-06-22', 'M', 'A', 593, 32, '2023-07-02 16:26:16'),
(283, '2272943691', 'Barbra', 'Chloé', 'Kauble', '虞', '2003-05-24', 'F', 'A', 923, 17, '2023-07-02 16:26:16'),
(284, '1379137780', 'Conrad', 'Mylène', 'Tinton', '锺', '1996-01-07', 'M', 'A', 536, 38, '2023-07-02 16:26:16'),
(285, '0953262200', 'Bernetta', 'Ruì', 'Larking', '尤', '2004-08-01', 'F', 'A', 810, 5, '2023-07-02 16:26:16'),
(286, '2564941508', 'Matias', 'Ruò', 'Greenhalgh', '梁', '1998-09-06', 'M', 'A', 118, 32, '2023-07-02 16:26:16'),
(287, '7526524967', 'Ofelia', 'Intéressant', 'Cool', '惠', '2003-12-15', 'F', 'A', 237, 25, '2023-07-02 16:26:16'),
(288, '6857082707', 'Olive', 'Géraldine', 'Butterfint', '姜', '2002-01-12', 'F', 'A', 341, 35, '2023-07-02 16:26:16'),
(289, '5295219682', 'Stanley', 'Séverine', 'Margetts', '安', '2000-02-21', 'M', 'A', 915, 5, '2023-07-02 16:26:16'),
(290, '4929249856', 'Shelley', 'Dà', 'Unwin', '连', '2001-03-09', 'F', 'A', 484, 28, '2023-07-02 16:26:16'),
(291, '7136084040', 'Aundrea', 'Bérénice', 'Peniello', '汲', '1992-02-10', 'F', 'A', 869, 19, '2023-07-02 16:26:16'),
(292, '3816872956', 'Barbee', 'Örjan', 'Barkes', '乐', '1996-05-28', 'F', 'A', 140, 14, '2023-07-02 16:26:16'),
(293, '7172273699', 'Janeen', 'Illustrée', 'Birkett', '暴', '1996-04-10', 'F', 'A', 935, 4, '2023-07-02 16:26:16'),
(294, '3453019768', 'Zerk', 'Gwenaëlle', 'Downton', '历', '1993-09-13', 'M', 'A', 865, 16, '2023-07-02 16:26:16'),
(295, '8980891466', 'Kristofor', 'Yú', 'Thornham', '扈', '1993-09-07', 'M', 'A', 998, 43, '2023-07-02 16:26:16'),
(296, '4323472188', 'Alameda', 'Kallisté', 'Acklands', '庞', '2001-11-08', 'F', 'A', 265, 21, '2023-07-02 16:26:16'),
(297, '0095986839', 'Alva', 'Adélaïde', 'Diche', '危', '2004-01-07', 'M', 'A', 239, 39, '2023-07-02 16:26:16'),
(298, '6561471431', 'Josy', 'Mélissandre', 'Motten', '费', '1990-04-06', 'F', 'A', 346, 30, '2023-07-02 16:26:16'),
(299, '7398377509', 'Giovanni', 'Séverine', 'Dressell', '贝', '1995-12-21', 'M', 'A', 251, 39, '2023-07-02 16:26:16'),
(300, '2906332968', 'Boot', 'Maëlyss', 'Olufsen', '牧', '2003-12-18', 'M', 'A', 41, 32, '2023-07-02 16:26:16'),
(301, '8496303284', 'Woodman', 'Solène', 'Diviny', '关', '2002-03-08', 'M', 'A', 29, 7, '2023-07-02 16:26:16'),
(302, '0907642675', 'Umberto', 'Annotée', 'Thominga', '白', '1998-10-07', 'M', 'A', 310, 33, '2023-07-02 16:26:16'),
(303, '9031188379', 'Margaux', 'Amélie', 'Zamudio', '慕', '2004-10-14', 'F', 'A', 266, 23, '2023-07-02 16:26:16'),
(304, '5969692220', 'Sibylla', 'Naëlle', 'Rennox', '糜', '2000-12-07', 'F', 'A', 582, 38, '2023-07-02 16:26:16'),
(305, '3170414275', 'Bradney', 'Alizée', 'Jacobsz', '隗', '1999-03-23', 'M', 'A', 857, 34, '2023-07-02 16:26:16'),
(306, '0574953973', 'Ransom', 'Kuí', 'Claypole', '景', '1995-06-28', 'M', 'A', 377, 29, '2023-07-02 16:26:16'),
(307, '3361122333', 'Sheilakathryn', 'Gérald', 'McCrann', '益', '1995-09-12', 'F', 'A', 231, 24, '2023-07-02 16:26:16'),
(308, '3247817417', 'Rebekkah', 'Gaëlle', 'Kernock', '沃', '2003-06-27', 'F', 'A', 336, 48, '2023-07-02 16:26:16'),
(309, '1979106762', 'Ali', 'Simplifiés', 'Flemmich', '唐', '1996-08-26', 'F', 'A', 725, 23, '2023-07-02 16:26:16'),
(310, '7298396641', 'Wendall', 'Hélène', 'Gosenell', '魏', '1995-03-24', 'M', 'A', 948, 30, '2023-07-02 16:26:16'),
(311, '1385807741', 'Trey', 'Maëlyss', 'Duckett', '廉', '1998-12-05', 'M', 'A', 109, 5, '2023-07-02 16:26:16'),
(312, '5244528718', 'Ali', 'Mahélie', 'Ballance', '荆', '1993-06-09', 'M', 'A', 207, 47, '2023-07-02 16:26:16'),
(313, '7053040135', 'Delly', 'Mélodie', 'Bencher', '蒯', '2002-05-10', 'F', 'A', 986, 27, '2023-07-02 16:26:16'),
(314, '2443036154', 'Merle', 'Åsa', 'Flecknell', '沃', '1999-06-01', 'F', 'A', 116, 6, '2023-07-02 16:26:16'),
(315, '7126308736', 'Remington', 'Geneviève', 'Dulany', '高', '2000-10-15', 'M', 'A', 935, 47, '2023-07-02 16:26:16'),
(316, '7539667869', 'Kelly', 'Aurélie', 'Rottger', '蔡', '2002-01-07', 'F', 'A', 493, 27, '2023-07-02 16:26:16'),
(317, '3892780889', 'Ronda', 'Cléopatre', 'Wallbrook', '古', '1991-07-03', 'F', 'A', 570, 33, '2023-07-02 16:26:16'),
(318, '2519934069', 'Fonz', 'Méng', 'Van Der Vlies', '步', '1997-05-12', 'M', 'A', 105, 27, '2023-07-02 16:26:16'),
(319, '4511028532', 'Laurel', 'Lài', 'Blincoe', '祝', '2001-08-31', 'F', 'A', 808, 47, '2023-07-02 16:26:16'),
(320, '8322958072', 'Georgi', 'Valérie', 'Welford', '贾', '1998-02-21', 'M', 'A', 287, 41, '2023-07-02 16:26:16'),
(321, '4233020539', 'Gerhardt', 'Märta', 'Sager', '祝', '1999-10-28', 'M', 'A', 105, 31, '2023-07-02 16:26:16'),
(322, '3727582499', 'Mignonne', 'Françoise', 'Silbert', '强', '1997-08-26', 'F', 'A', 997, 14, '2023-07-02 16:26:16'),
(323, '9054249692', 'Bogey', 'Cunégonde', 'Skarin', '居', '1998-09-29', 'M', 'A', 766, 42, '2023-07-02 16:26:16'),
(324, '7242377080', 'Manya', 'Géraldine', 'De Lacey', '逮', '2003-06-18', 'F', 'A', 114, 5, '2023-07-02 16:26:16'),
(325, '1462239897', 'Rosa', 'Danièle', 'Brantzen', '隗', '2000-08-03', 'F', 'A', 894, 48, '2023-07-02 16:26:16'),
(326, '1987993128', 'Katie', 'Liè', 'Islip', '扶', '2002-09-13', 'F', 'A', 936, 48, '2023-07-02 16:26:16'),
(327, '9809298161', 'Garret', 'Bérénice', 'Elwood', '都', '1994-12-12', 'M', 'A', 222, 11, '2023-07-02 16:26:16'),
(328, '0746937199', 'Emerson', 'Léa', 'Ponsford', '毛', '1990-06-17', 'M', 'A', 348, 43, '2023-07-02 16:26:16'),
(329, '7667835918', 'Valaria', 'Dorothée', 'Hallatt', '张', '1997-07-17', 'F', 'A', 158, 16, '2023-07-02 16:26:16'),
(330, '3187682081', 'Cristen', 'Méng', 'Keningham', '殳', '1996-05-16', 'F', 'A', 429, 33, '2023-07-02 16:26:16'),
(331, '6129137133', 'Thadeus', 'Aimée', 'O\'Longain', '庄', '2005-01-29', 'M', 'A', 891, 22, '2023-07-02 16:26:16'),
(332, '3250790893', 'Kinna', 'Néhémie', 'Onge', '皮', '2003-11-02', 'F', 'A', 925, 33, '2023-07-02 16:26:16'),
(333, '8000817217', 'Duke', 'Aimée', 'Northleigh', '明', '1997-05-08', 'M', 'A', 629, 9, '2023-07-02 16:26:16'),
(334, '7557355121', 'Raffarty', 'Marie-noël', 'Duffell', '车', '2000-06-07', 'M', 'A', 257, 32, '2023-07-02 16:26:16'),
(335, '0598056092', 'Rosina', 'Yú', 'Summerhayes', '羊', '1997-10-30', 'F', 'A', 309, 32, '2023-07-02 16:26:16'),
(336, '5079292075', 'Adelice', 'Eloïse', 'Klimek', '盛', '2004-05-02', 'F', 'A', 262, 29, '2023-07-02 16:26:16'),
(337, '3357794055', 'Delly', 'Célia', 'Peel', '卓', '2002-01-15', 'F', 'A', 712, 27, '2023-07-02 16:26:16'),
(338, '7097688726', 'April', 'Maëlla', 'Streatfeild', '诸', '2001-04-15', 'F', 'A', 237, 16, '2023-07-02 16:26:16'),
(339, '8114766107', 'Shawn', 'Mà', 'Connold', '周', '1994-08-19', 'M', 'A', 386, 34, '2023-07-02 16:26:16'),
(340, '2705267662', 'Karlan', 'Athéna', 'Haddeston', '巴', '1991-02-07', 'M', 'A', 149, 2, '2023-07-02 16:26:16'),
(341, '4790793990', 'Noni', 'Bérénice', 'Tunnadine', '霍', '2004-12-09', 'F', 'A', 187, 35, '2023-07-02 16:26:16'),
(342, '0389084409', 'Clerissa', 'Ruò', 'Derricoat', '樊', '1994-06-23', 'F', 'A', 453, 25, '2023-07-02 16:26:16'),
(343, '7216838270', 'Marje', 'Bécassine', 'Thorsen', '章', '2003-05-20', 'F', 'A', 891, 32, '2023-07-02 16:26:16'),
(344, '7538412026', 'Flynn', 'Publicité', 'Vasyagin', '常', '2000-09-14', 'M', 'A', 74, 25, '2023-07-02 16:26:16'),
(345, '1814487743', 'Pammy', 'Anaïs', 'Rivaland', '盛', '2000-04-07', 'F', 'A', 629, 43, '2023-07-02 16:26:16'),
(346, '4364838373', 'Rik', 'Östen', 'Heymann', '堵', '2005-05-06', 'M', 'A', 400, 40, '2023-07-02 16:26:16'),
(347, '7295517804', 'Joellen', 'Adélaïde', 'Gwyn', '虞', '1994-05-27', 'F', 'A', 763, 41, '2023-07-02 16:26:16'),
(348, '4181399648', 'Sebastian', 'Anaël', 'Vidgen', '葛', '1991-08-28', 'M', 'A', 113, 36, '2023-07-02 16:26:16'),
(349, '4410290908', 'Farah', 'Maïté', 'Seckington', '訾', '1996-02-29', 'F', 'A', 17, 12, '2023-07-02 16:26:16'),
(350, '6829675669', 'Yulma', 'Léone', 'Danilov', '成', '1996-12-10', 'M', 'A', 538, 2, '2023-07-02 16:26:16'),
(351, '0986098922', 'Colby', 'Gaïa', 'O\'Tuohy', '孟', '2004-05-14', 'M', 'A', 25, 37, '2023-07-02 16:26:16'),
(352, '8519468160', 'Myrtia', 'Fèi', 'Farnsworth', '怀', '1997-10-18', 'F', 'A', 295, 36, '2023-07-02 16:26:16'),
(353, '9954715843', 'Calvin', 'Maëlyss', 'Mogridge', '沈', '2000-09-30', 'M', 'A', 815, 19, '2023-07-02 16:26:16'),
(354, '7634104906', 'Christal', 'Lóng', 'Yurchishin', '冉', '2003-01-31', 'F', 'A', 611, 43, '2023-07-02 16:26:16'),
(355, '1369563892', 'Gawain', 'Léana', 'Harrie', '花', '1990-12-20', 'M', 'A', 880, 20, '2023-07-02 16:26:16'),
(356, '6316484763', 'Alon', 'Gwenaëlle', 'Whitebrook', '巴', '2001-12-08', 'M', 'A', 812, 41, '2023-07-02 16:26:16'),
(357, '1659239834', 'Cello', 'Bérénice', 'Shacklady', '蒲', '1994-04-21', 'M', 'A', 682, 35, '2023-07-02 16:26:16'),
(358, '6781087622', 'Dael', 'Gaétane', 'Ranyelld', '寿', '1993-09-13', 'F', 'A', 233, 43, '2023-07-02 16:26:16'),
(359, '3982062063', 'Syd', 'Dà', 'Tilney', '俞', '2005-02-04', 'M', 'A', 493, 10, '2023-07-02 16:26:16'),
(360, '2315988594', 'Tye', 'Judicaël', 'Lester', '钱', '2005-05-29', 'M', 'A', 872, 44, '2023-07-02 16:26:16'),
(361, '7856966327', 'Conant', 'Daphnée', 'Penzer', '毕', '1993-05-23', 'M', 'A', 245, 20, '2023-07-02 16:26:16'),
(362, '4625436591', 'Gaspard', 'Yè', 'Baron', '范', '1992-11-04', 'M', 'A', 930, 12, '2023-07-02 16:26:16'),
(363, '0760218757', 'Creigh', 'Mahélie', 'Vertey', '孟', '1998-03-28', 'M', 'A', 757, 32, '2023-07-02 16:26:16'),
(364, '1115858645', 'Angeline', 'Gaétane', 'Cumesky', '戚', '2004-09-06', 'F', 'A', 85, 33, '2023-07-02 16:26:16'),
(365, '0377315125', 'Starlene', 'Lài', 'Gutridge', '荣', '1994-07-12', 'F', 'A', 870, 21, '2023-07-02 16:26:16'),
(366, '0833737058', 'Kirbee', 'Cinéma', 'Thacke', '从', '1990-07-03', 'F', 'A', 274, 11, '2023-07-02 16:26:16'),
(367, '9088766193', 'Karmen', 'Méryl', 'Pink', '纪', '1990-09-23', 'F', 'A', 352, 5, '2023-07-02 16:26:16'),
(368, '9514491564', 'Cullie', 'Lèi', 'Kremer', '车', '1994-11-14', 'M', 'A', 411, 4, '2023-07-02 16:26:16'),
(369, '4869096889', 'Grady', 'Séréna', 'Bartrap', '宿', '2004-05-18', 'M', 'A', 108, 45, '2023-07-02 16:26:16'),
(370, '5013852277', 'Niles', 'Hélèna', 'Beeze', '荆', '2004-05-08', 'M', 'A', 847, 3, '2023-07-02 16:26:16'),
(371, '6900087698', 'Felizio', 'Åke', 'Albutt', '酆', '1991-01-08', 'M', 'A', 407, 4, '2023-07-02 16:26:16'),
(372, '5613790922', 'Hank', 'Hélèna', 'Wessing', '竺', '2001-05-16', 'M', 'A', 623, 13, '2023-07-02 16:26:16'),
(373, '8106801772', 'Orly', 'Maëlyss', 'Hinder', '昝', '1997-05-13', 'F', 'A', 243, 36, '2023-07-02 16:26:16'),
(374, '4881743481', 'Enrico', 'Léa', 'Garrat', '鞠', '2000-12-24', 'M', 'A', 23, 16, '2023-07-02 16:26:16'),
(375, '0997447907', 'Ursuline', 'Yú', 'MacEveley', '于', '2003-04-11', 'F', 'A', 894, 7, '2023-07-02 16:26:16'),
(376, '9157296804', 'Karol', 'Desirée', 'Mahmood', '曹', '1991-05-03', 'F', 'A', 174, 39, '2023-07-02 16:26:16'),
(377, '8197110778', 'Edy', 'Åslög', 'Haydon', '贺', '2001-08-17', 'F', 'A', 143, 19, '2023-07-02 16:26:16'),
(378, '8930072763', 'Harmonie', 'Amélie', 'Hiom', '盍', '1993-07-21', 'F', 'A', 301, 41, '2023-07-02 16:26:16'),
(379, '8149140433', 'Mozelle', 'Aí', 'Carverhill', '柏', '1991-12-23', 'F', 'A', 834, 17, '2023-07-02 16:26:16'),
(380, '5851626054', 'Kelila', 'Clémence', 'Etchingham', '周', '1992-07-25', 'F', 'A', 2, 31, '2023-07-02 16:26:16'),
(381, '5842842742', 'Arthur', 'Mélina', 'Daughtry', '衡', '2001-02-04', 'M', 'A', 543, 27, '2023-07-02 16:26:16'),
(382, '9304363411', 'Jessalyn', 'Liè', 'Rozsa', '逄', '1990-06-04', 'F', 'A', 810, 38, '2023-07-02 16:26:16'),
(383, '3329976322', 'Jerrold', 'Mélinda', 'Klawi', '杨', '2002-04-20', 'M', 'A', 966, 48, '2023-07-02 16:26:16'),
(384, '8336196447', 'Alessandro', 'Solène', 'O\'Hoey', '蒲', '1991-11-07', 'M', 'A', 85, 5, '2023-07-02 16:26:16'),
(385, '8009135364', 'Wyn', 'Marlène', 'Maddrah', '宰', '2003-11-16', 'M', 'A', 608, 36, '2023-07-02 16:26:16'),
(386, '5207414852', 'Tammara', 'Dorothée', 'Denidge', '步', '1994-05-25', 'F', 'A', 641, 22, '2023-07-02 16:26:16'),
(387, '9332849390', 'Celestia', 'Bérangère', 'Coulthard', '丁', '1992-03-10', 'F', 'A', 590, 17, '2023-07-02 16:26:16'),
(388, '8568537820', 'Filip', 'Lóng', 'Aireton', '丰', '2003-09-08', 'M', 'A', 954, 22, '2023-07-02 16:26:16'),
(389, '5326433575', 'Phylys', 'Marylène', 'Pawle', '何', '2004-05-28', 'F', 'A', 610, 11, '2023-07-02 16:26:16'),
(390, '2298845026', 'Ferrel', 'Andréanne', 'Passie', '郑', '2000-05-09', 'M', 'A', 244, 42, '2023-07-02 16:26:16'),
(391, '5389172507', 'Ashlie', 'Marie-thérèse', 'Daye', '尚', '1996-03-04', 'F', 'A', 25, 39, '2023-07-02 16:26:16'),
(392, '0775156337', 'Biron', 'Maëlla', 'Broadbere', '卓', '1996-06-16', 'M', 'A', 364, 30, '2023-07-02 16:26:16'),
(393, '6120934936', 'Kirbee', 'Simplifiés', 'Marvell', '夏', '1996-11-28', 'F', 'A', 190, 41, '2023-07-02 16:26:16'),
(394, '6710919722', 'Glynis', 'Börje', 'Kingh', '连', '1991-02-10', 'F', 'A', 248, 31, '2023-07-02 16:26:16'),
(395, '8268377763', 'Blinny', 'Maëlle', 'Stanner', '卓', '2005-01-02', 'F', 'A', 968, 34, '2023-07-02 16:26:16'),
(396, '3345524155', 'Lemmy', 'Ráo', 'Izatt', '陶', '1995-04-05', 'M', 'A', 698, 43, '2023-07-02 16:26:16'),
(397, '5339303152', 'Mariska', 'Médiamass', 'Meese', '郦', '1990-03-07', 'F', 'A', 828, 15, '2023-07-02 16:26:16'),
(398, '4880179612', 'Abrahan', 'Séverine', 'Fear', '籍', '2001-02-08', 'M', 'A', 346, 10, '2023-07-02 16:26:16'),
(399, '8357214541', 'Cilka', 'Agnès', 'Jenno', '宿', '2000-06-15', 'F', 'A', 185, 41, '2023-07-02 16:26:16'),
(400, '0086051938', 'Dwain', 'Yáo', 'Hurling', '谭', '1997-03-16', 'M', 'A', 376, 37, '2023-07-02 16:26:16'),
(401, '6485030824', 'Kaine', 'Alizée', 'Kuhnel', '申', '2000-02-16', 'M', 'A', 171, 46, '2023-07-02 16:26:16'),
(402, '8057459840', 'Solomon', 'Rachèle', 'Hurburt', '尚', '1995-04-19', 'M', 'A', 655, 2, '2023-07-02 16:26:16'),
(403, '4191531026', 'Brianne', 'Maïly', 'Halewood', '吴', '1992-07-29', 'F', 'A', 749, 1, '2023-07-02 16:26:16'),
(404, '4366682494', 'Truman', 'Audréanne', 'Coldham', '后', '1992-10-24', 'M', 'A', 472, 33, '2023-07-02 16:26:16'),
(405, '9106319408', 'Eleonore', 'André', 'Marney', '厍', '2003-08-02', 'F', 'A', 641, 1, '2023-07-02 16:26:16'),
(406, '8641949984', 'Lucienne', 'Andréanne', 'Hewins', '饶', '2004-08-06', 'F', 'A', 367, 15, '2023-07-02 16:26:16'),
(407, '1839998822', 'Martelle', 'Danièle', 'Jachimiak', '仰', '1999-04-06', 'F', 'A', 814, 14, '2023-07-02 16:26:16'),
(408, '8690518061', 'Haydon', 'Marie-françoise', 'Youel', '盛', '1992-05-22', 'M', 'A', 538, 16, '2023-07-02 16:26:16'),
(409, '3858225061', 'Geraldine', 'Stéphanie', 'Deverson', '宁', '2004-01-17', 'F', 'A', 40, 33, '2023-07-02 16:26:16'),
(410, '3977534572', 'Hilly', 'Mélissandre', 'Standish', '冯', '1990-12-13', 'M', 'A', 629, 12, '2023-07-02 16:26:16'),
(411, '4151363610', 'Mata', 'Laïla', 'Cardoe', '邱', '1995-10-28', 'M', 'A', 529, 24, '2023-07-02 16:26:16'),
(412, '7457761543', 'Thomasine', 'Bécassine', 'Brane', '韩', '2002-11-10', 'F', 'A', 592, 22, '2023-07-02 16:26:16'),
(413, '1374359599', 'Delmar', 'Cécilia', 'Tordiffe', '禄', '1998-07-08', 'M', 'A', 13, 45, '2023-07-02 16:26:16'),
(414, '9032629514', 'Timmi', 'Andréanne', 'Swanger', '纪', '2000-09-24', 'F', 'A', 215, 12, '2023-07-02 16:26:16'),
(415, '2716183899', 'Faunie', 'Thérèse', 'Latham', '支', '1998-01-23', 'F', 'A', 15, 17, '2023-07-02 16:26:16'),
(416, '8904709776', 'Andrea', 'Nuó', 'Jeal', '鞠', '1995-10-17', 'M', 'A', 409, 27, '2023-07-02 16:26:16'),
(417, '0884994090', 'Bobby', 'Régine', 'Simonite', '满', '1992-11-08', 'M', 'A', 535, 14, '2023-07-02 16:26:16'),
(418, '0861348931', 'Veriee', 'Léana', 'Steanson', '邹', '1990-07-28', 'F', 'A', 487, 15, '2023-07-02 16:26:16'),
(419, '4191460196', 'Steffi', 'Lén', 'Riguard', '李', '2000-04-13', 'F', 'A', 246, 33, '2023-07-02 16:26:16'),
(420, '0202490483', 'Honey', 'Maëly', 'Scryne', '秋', '1992-05-10', 'F', 'A', 289, 20, '2023-07-02 16:26:16'),
(421, '0434315966', 'Reece', 'Maëlla', 'Mackelworth', '云', '2004-06-08', 'M', 'A', 411, 4, '2023-07-02 16:26:16'),
(422, '2330073860', 'Hedvig', 'Magdalène', 'Pheby', '仰', '2004-02-01', 'F', 'A', 124, 11, '2023-07-02 16:26:16'),
(423, '0921817487', 'Allene', 'Maëlle', 'Batchelar', '冀', '2002-05-13', 'F', 'A', 751, 30, '2023-07-02 16:26:16'),
(424, '3201512648', 'Chas', 'Bénédicte', 'Basford', '范', '2004-04-01', 'M', 'A', 26, 5, '2023-07-02 16:26:16'),
(425, '6860059028', 'Edan', 'Magdalène', 'Toler', '芮', '1993-03-17', 'M', 'A', 745, 23, '2023-07-02 16:26:16'),
(426, '8105273055', 'Winn', 'Léonore', 'Andras', '崔', '2002-07-22', 'M', 'A', 469, 33, '2023-07-02 16:26:16'),
(427, '7590885509', 'Selie', 'Ruì', 'Barrabeale', '都', '1999-07-19', 'F', 'A', 66, 10, '2023-07-02 16:26:16'),
(428, '3783813603', 'Antonietta', 'Aurélie', 'Moulds', '叶', '1992-12-08', 'F', 'A', 605, 32, '2023-07-02 16:26:16'),
(429, '5589685346', 'Gottfried', 'Noëlla', 'Fensome', '简', '1991-01-08', 'M', 'A', 470, 43, '2023-07-02 16:26:16'),
(430, '1693183390', 'Eberto', 'Lén', 'Dormand', '闵', '2001-06-08', 'M', 'A', 788, 3, '2023-07-02 16:26:16'),
(431, '5053927332', 'Bartie', 'Naéva', 'Bradden', '毋', '1991-02-20', 'M', 'A', 406, 33, '2023-07-02 16:26:16'),
(432, '7627825210', 'Rhys', 'Liè', 'Rowler', '沙', '1994-04-18', 'M', 'A', 507, 1, '2023-07-02 16:26:16'),
(433, '9439781777', 'Kahaleel', 'Céline', 'Oleksiak', '谭', '1995-10-28', 'M', 'A', 597, 3, '2023-07-02 16:26:16'),
(434, '0342286838', 'Ashely', 'Stévina', 'Daouze', '纪', '2002-05-20', 'F', 'A', 796, 10, '2023-07-02 16:26:16'),
(435, '5125395161', 'Jaquith', 'Néhémie', 'Shambrook', '雍', '2000-10-17', 'F', 'A', 344, 43, '2023-07-02 16:26:16'),
(436, '6976938850', 'Minnnie', 'Laïla', 'Gothard', '元', '2000-11-22', 'F', 'A', 72, 18, '2023-07-02 16:26:16'),
(437, '1741460131', 'Austen', 'Cécilia', 'O\'Dyvoie', '鞠', '2000-10-10', 'M', 'A', 131, 2, '2023-07-02 16:26:16'),
(438, '4743857112', 'Der', 'Léonore', 'Terron', '曾', '1994-05-04', 'M', 'A', 47, 28, '2023-07-02 16:26:16'),
(439, '8296784386', 'Diahann', 'Aí', 'Streatfeild', '申', '1990-10-01', 'F', 'A', 573, 32, '2023-07-02 16:26:16'),
(440, '1416834869', 'Kristin', 'Anaëlle', 'Hulles', '郦', '1992-09-05', 'F', 'A', 708, 21, '2023-07-02 16:26:16'),
(441, '1889206989', 'Chester', 'Loïca', 'O\'Scandall', '竺', '1991-01-23', 'M', 'A', 509, 37, '2023-07-02 16:26:16'),
(442, '5715154820', 'Minnie', 'Maéna', 'Pantry', '晁', '1993-04-01', 'F', 'A', 138, 7, '2023-07-02 16:26:16'),
(443, '3024863192', 'Casey', 'Stéphanie', 'Thunnercliffe', '施', '1994-05-02', 'F', 'A', 211, 32, '2023-07-02 16:26:16'),
(444, '6448228454', 'Ike', 'Anaël', 'Tresler', '浦', '1991-06-08', 'M', 'A', 680, 31, '2023-07-02 16:26:16'),
(445, '3393387812', 'Chance', 'Gaïa', 'Turnpenny', '能', '2000-11-05', 'M', 'A', 343, 47, '2023-07-02 16:26:16'),
(446, '1586449443', 'Kasper', 'Naëlle', 'Blaske', '乐', '2004-04-12', 'M', 'A', 566, 6, '2023-07-02 16:26:16'),
(447, '7163687869', 'Pasquale', 'Cléopatre', 'Valeri', '慕', '1991-09-12', 'M', 'A', 494, 32, '2023-07-02 16:26:16'),
(448, '0737818344', 'Eugenio', 'Cunégonde', 'Gordge', '锺', '2004-03-21', 'M', 'A', 783, 37, '2023-07-02 16:26:16'),
(449, '7965873923', 'Delmor', 'Andrée', 'O\'Sherrin', '甄', '1995-07-16', 'M', 'A', 685, 20, '2023-07-02 16:26:16'),
(450, '9865055074', 'Tommie', 'Inès', 'Saw', '柴', '1999-12-01', 'F', 'A', 400, 29, '2023-07-02 16:26:16');
INSERT INTO `estudiante` (`EST_ID`, `EST_DNI`, `EST_NOM`, `EST_NOM2`, `EST_APE`, `EST_APE2`, `EST_FECH_NAC`, `EST_GEN`, `EST_ESTADO`, `REP_ID`, `USR_CREADOR_ID`, `FECHA_CREACION`) VALUES
(451, '4237661644', 'Cinderella', 'Nuó', 'Le Jean', '焦', '1992-12-01', 'F', 'A', 938, 36, '2023-07-02 16:26:16'),
(452, '1820946754', 'Georgeanna', 'Börje', 'Wishkar', '郗', '2002-03-18', 'F', 'A', 265, 40, '2023-07-02 16:26:16'),
(453, '2443161498', 'Lodovico', 'Eugénie', 'Laxson', '田', '1992-04-26', 'M', 'A', 756, 31, '2023-07-02 16:26:16'),
(454, '5558376597', 'Sherry', 'Clémence', 'Sherlaw', '荀', '1996-05-02', 'F', 'A', 200, 42, '2023-07-02 16:26:16'),
(455, '8584610944', 'Hedda', 'Hélèna', 'Friedank', '锺', '2002-05-01', 'F', 'A', 844, 28, '2023-07-02 16:26:16'),
(456, '9508251247', 'Steffen', 'Naëlle', 'Mufford', '潘', '1991-04-26', 'M', 'A', 101, 45, '2023-07-02 16:26:16'),
(457, '5190347850', 'Rudiger', 'Maëlle', 'Masurel', '干', '1991-12-08', 'M', 'A', 541, 13, '2023-07-02 16:26:16'),
(458, '8320271010', 'Tyson', 'Ophélie', 'Hamblin', '贺', '1997-12-22', 'M', 'A', 602, 39, '2023-07-02 16:26:16'),
(459, '7782859255', 'Mirilla', 'Mélia', 'Clery', '武', '1996-01-20', 'F', 'A', 92, 2, '2023-07-02 16:26:16'),
(460, '4901216503', 'Crista', 'Josée', 'Golt', '魏', '2000-03-15', 'F', 'A', 12, 17, '2023-07-02 16:26:16'),
(461, '4800795575', 'Evangelina', 'Léa', 'Grishukhin', '张', '2004-09-18', 'F', 'A', 972, 39, '2023-07-02 16:26:16'),
(462, '0242928110', 'Renee', 'Ophélie', 'Burberry', '咸', '1998-08-06', 'F', 'A', 439, 28, '2023-07-02 16:26:16'),
(463, '3538232997', 'Granger', 'Ruì', 'Hansen', '董', '1992-08-23', 'M', 'A', 981, 5, '2023-07-02 16:26:16'),
(464, '0516473441', 'Nicolina', 'Léonie', 'Malamore', '牛', '2000-07-06', 'F', 'A', 324, 9, '2023-07-02 16:26:16'),
(465, '1266795138', 'Annecorinne', 'Bérangère', 'Iacobucci', '燕', '2002-09-13', 'F', 'A', 960, 20, '2023-07-02 16:26:16'),
(466, '0315134453', 'Kristal', 'Mélanie', 'Gothup', '屠', '1999-01-20', 'F', 'A', 606, 21, '2023-07-02 16:26:16'),
(467, '3728716111', 'Terri', 'Léane', 'Norgan', '扈', '1992-11-04', 'F', 'A', 194, 1, '2023-07-02 16:26:16'),
(468, '0300817274', 'Betsy', 'Eliès', 'Quinlan', '戈', '1991-12-28', 'F', 'A', 889, 18, '2023-07-02 16:26:16'),
(469, '7671152331', 'Westbrooke', 'Véronique', 'Galfour', '谈', '1998-03-30', 'M', 'A', 181, 16, '2023-07-02 16:26:16'),
(470, '2235955673', 'Hubie', 'Björn', 'Erie', '訾', '1991-03-25', 'M', 'A', 132, 43, '2023-07-02 16:26:16'),
(471, '1891148583', 'Rayna', 'Börje', 'Ege', '蔺', '1996-10-16', 'F', 'A', 212, 32, '2023-07-02 16:26:16'),
(472, '8426763758', 'Herbert', 'Håkan', 'Deamer', '利', '1992-06-08', 'M', 'A', 727, 21, '2023-07-02 16:26:16'),
(473, '4826765800', 'Etti', 'Loïs', 'Humpherston', '史', '1998-07-02', 'F', 'A', 950, 14, '2023-07-02 16:26:16'),
(474, '2445796199', 'Kurt', 'Néhémie', 'Ojeda', '于', '2005-04-09', 'M', 'A', 381, 9, '2023-07-02 16:26:16'),
(475, '1912809494', 'Hally', 'Thérèse', 'De Laci', '弓', '1994-11-27', 'F', 'A', 658, 5, '2023-07-02 16:26:16'),
(476, '3304406867', 'Che', 'Aloïs', 'Stone Fewings', '霍', '1996-08-07', 'M', 'A', 497, 14, '2023-07-02 16:26:16'),
(477, '9399157482', 'Jannelle', 'Maïté', 'Pietron', '左', '1993-03-11', 'F', 'A', 87, 5, '2023-07-02 16:26:16'),
(478, '3707784673', 'Nertie', 'Andréa', 'Wycherley', '盛', '2002-04-26', 'F', 'A', 769, 32, '2023-07-02 16:26:16'),
(479, '3781858782', 'Cornell', 'Marylène', 'Pollastrino', '庾', '2002-02-20', 'M', 'A', 276, 45, '2023-07-02 16:26:16'),
(480, '1677611618', 'Agosto', 'Dorothée', 'Pideon', '司', '1993-10-08', 'M', 'A', 180, 8, '2023-07-02 16:26:16'),
(481, '6656006256', 'Thea', 'Yáo', 'Pethybridge', '云', '1994-03-24', 'F', 'A', 145, 36, '2023-07-02 16:26:16'),
(482, '0308145240', 'Dawna', 'Personnalisée', 'Janeway', '康', '1994-09-19', 'F', 'A', 20, 42, '2023-07-02 16:26:16'),
(483, '3760298044', 'Sylvester', 'Maïté', 'Aldwich', '祝', '1992-02-27', 'M', 'A', 169, 22, '2023-07-02 16:26:16'),
(484, '1454162910', 'Daisie', 'Eugénie', 'Priter', '杨', '2000-05-28', 'F', 'A', 460, 15, '2023-07-02 16:26:16'),
(485, '9334593431', 'Pembroke', 'Méghane', 'Loosely', '俞', '2005-03-20', 'M', 'A', 577, 28, '2023-07-02 16:26:16'),
(486, '1079194886', 'Cherianne', 'Cécilia', 'Flukes', '程', '2002-09-20', 'F', 'A', 312, 4, '2023-07-02 16:26:16'),
(487, '2080404741', 'Ansel', 'Maëlle', 'Tombling', '鄂', '1999-09-24', 'M', 'A', 920, 37, '2023-07-02 16:26:16'),
(488, '0018031609', 'Anthea', 'Maëlla', 'Hucke', '莫', '2001-03-18', 'F', 'A', 483, 18, '2023-07-02 16:26:16'),
(489, '0172378656', 'Kristine', 'Andrée', 'Pancast', '焦', '2005-01-23', 'F', 'A', 870, 23, '2023-07-02 16:26:16'),
(490, '9437729751', 'Jordain', 'Cloé', 'Crosswaite', '狄', '2000-09-07', 'F', 'A', 421, 11, '2023-07-02 16:26:16'),
(491, '1289866570', 'Gerome', 'Maïté', 'Gummery', '敖', '1993-10-19', 'M', 'A', 846, 7, '2023-07-02 16:26:16'),
(492, '4843830771', 'Carmita', 'Irène', 'Knapper', '白', '2002-04-22', 'F', 'A', 238, 27, '2023-07-02 16:26:16'),
(493, '3240560089', 'Gustaf', 'Desirée', 'De Carolis', '殷', '1994-08-12', 'M', 'A', 657, 24, '2023-07-02 16:26:16'),
(494, '2863639676', 'Carmela', 'Gérald', 'Gateland', '能', '2001-09-24', 'F', 'A', 380, 24, '2023-07-02 16:26:16'),
(495, '7106793116', 'Nye', 'Adèle', 'MacKee', '甄', '1998-11-26', 'M', 'A', 505, 35, '2023-07-02 16:26:16'),
(496, '9480355914', 'Gertrude', 'Liè', 'Stelli', '支', '2005-04-07', 'F', 'A', 309, 29, '2023-07-02 16:26:16'),
(497, '6418966716', 'Perri', 'Cécile', 'Jeste', '石', '1995-05-26', 'F', 'A', 555, 29, '2023-07-02 16:26:16'),
(498, '7358207254', 'Nathalia', 'Zoé', 'Blewmen', '扈', '2001-12-02', 'F', 'A', 568, 7, '2023-07-02 16:26:16'),
(499, '8249491343', 'Iosep', 'Béatrice', 'Ferrarotti', '施', '1999-11-21', 'M', 'A', 559, 30, '2023-07-02 16:26:16'),
(500, '4681864102', 'Krystyna', 'Salomé', 'Cruess', '杭', '1996-04-19', 'F', 'A', 506, 2, '2023-07-02 16:26:16'),
(501, '4287858808', 'Leonidas', 'Pò', 'Wasling', '单', '1991-01-30', 'M', 'A', 209, 40, '2023-07-02 16:26:17'),
(502, '6656662129', 'Niven', 'Bénédicte', 'Guillerman', '艾', '1992-02-12', 'M', 'A', 55, 29, '2023-07-02 16:26:17'),
(503, '1372080058', 'Pauli', 'Maïlis', 'Worge', '吉', '1997-12-25', 'F', 'A', 612, 21, '2023-07-02 16:26:17'),
(504, '1001990846', 'Loree', 'Océanne', 'Klimkowski', '晏', '1995-04-06', 'F', 'A', 920, 13, '2023-07-02 16:26:17'),
(505, '4738526294', 'Trey', 'Séverine', 'Simo', '于', '1992-12-12', 'M', 'A', 780, 12, '2023-07-02 16:26:17'),
(506, '4432888091', 'Uta', 'Marie-noël', 'Kermath', '滑', '2000-04-20', 'F', 'A', 350, 13, '2023-07-02 16:26:17'),
(507, '1373880783', 'Meghan', 'Régine', 'Somerton', '羊', '1993-11-08', 'F', 'A', 530, 43, '2023-07-02 16:26:17'),
(508, '2213387702', 'Henrie', 'Lóng', 'Cockrell', '韦', '1997-10-09', 'F', 'A', 950, 48, '2023-07-02 16:26:17'),
(509, '1114312320', 'Laughton', 'Naëlle', 'Spollen', '吕', '1992-04-01', 'M', 'A', 855, 16, '2023-07-02 16:26:17'),
(510, '2882312768', 'Allan', 'Lorène', 'Oaker', '姬', '1991-12-21', 'M', 'A', 54, 1, '2023-07-02 16:26:17'),
(511, '7350235097', 'Lavina', 'Marie-thérèse', 'Pentycost', '殳', '1997-10-24', 'F', 'A', 60, 21, '2023-07-02 16:26:17'),
(512, '3624181637', 'Averill', 'Sélène', 'Lippini', '相', '1998-05-20', 'M', 'A', 504, 9, '2023-07-02 16:26:17'),
(513, '6699083287', 'Janelle', 'Anaïs', 'McKellen', '简', '1993-01-18', 'F', 'A', 589, 31, '2023-07-02 16:26:17'),
(514, '4204598293', 'Griz', 'Noëlla', 'Akitt', '邹', '2003-07-26', 'M', 'A', 809, 27, '2023-07-02 16:26:17'),
(515, '2415410845', 'Redd', 'Andrée', 'Jachimiak', '皮', '1991-04-22', 'M', 'A', 844, 34, '2023-07-02 16:26:17'),
(516, '6913559372', 'Elden', 'Eléonore', 'Ardron', '边', '1999-03-20', 'M', 'A', 402, 25, '2023-07-02 16:26:17'),
(517, '4893589504', 'Rockey', 'Léane', 'Benedict', '查', '1991-07-23', 'M', 'A', 858, 14, '2023-07-02 16:26:17'),
(518, '4175035087', 'Bentley', 'Naéva', 'Janicki', '须', '2001-07-22', 'M', 'A', 320, 37, '2023-07-02 16:26:17'),
(519, '2665190737', 'Fayina', 'Björn', 'Axelbey', '麴', '1994-12-01', 'F', 'A', 330, 22, '2023-07-02 16:26:17'),
(520, '9592482837', 'Devlen', 'Joséphine', 'Windous', '贾', '1998-04-01', 'M', 'A', 473, 29, '2023-07-02 16:26:17'),
(521, '8955617852', 'Adi', 'Andrée', 'Larway', '桂', '2000-05-04', 'F', 'A', 569, 26, '2023-07-02 16:26:17'),
(522, '7058502552', 'Lauralee', 'Almérinda', 'MacIlhargy', '羿', '2003-11-28', 'F', 'A', 606, 4, '2023-07-02 16:26:17'),
(523, '8920370346', 'Sergio', 'Cécile', 'Deniskevich', '郦', '2001-01-07', 'M', 'A', 432, 38, '2023-07-02 16:26:17'),
(524, '4493979224', 'Kenneth', 'Adèle', 'Matterson', '蓬', '1990-10-23', 'M', 'A', 372, 26, '2023-07-02 16:26:17'),
(525, '4683190788', 'Grover', 'Aí', 'Neising', '罗', '1992-01-24', 'M', 'A', 137, 5, '2023-07-02 16:26:17'),
(526, '0017465486', 'Aaren', 'Maëly', 'Ivkovic', '唐', '1990-02-25', 'F', 'A', 624, 30, '2023-07-02 16:26:17'),
(527, '4122073510', 'Layney', 'Gaëlle', 'Arnaldo', '扈', '1994-08-03', 'F', 'A', 161, 31, '2023-07-02 16:26:17'),
(528, '1097071928', 'Charity', 'Léonie', 'Jira', '乐', '1995-05-02', 'F', 'A', 21, 7, '2023-07-02 16:26:17'),
(529, '1854989928', 'Joelynn', 'Pénélope', 'Juschka', '徐', '1992-05-28', 'F', 'A', 944, 14, '2023-07-02 16:26:17'),
(530, '0246461217', 'Ruttger', 'Torbjörn', 'Brimley', '勾', '2001-05-20', 'M', 'A', 386, 1, '2023-07-02 16:26:17'),
(531, '3712460333', 'Waldon', 'Anaïs', 'Abbot', '罗', '2005-05-23', 'M', 'A', 521, 23, '2023-07-02 16:26:17'),
(532, '2585073696', 'Frederich', 'Hélèna', 'Camelli', '臧', '1994-10-04', 'M', 'A', 792, 2, '2023-07-02 16:26:17'),
(533, '1060817411', 'Waite', 'Méthode', 'Norris', '甄', '1995-08-30', 'M', 'A', 328, 20, '2023-07-02 16:26:17'),
(534, '8588731258', 'Mervin', 'Lèi', 'Giacometti', '刁', '1998-05-04', 'M', 'A', 610, 31, '2023-07-02 16:26:17'),
(535, '8444968048', 'Perrine', 'Thérèse', 'Leal', '相', '1993-09-17', 'F', 'A', 310, 1, '2023-07-02 16:26:17'),
(536, '5370054711', 'Garik', 'Mélodie', 'Monkeman', '芮', '2004-02-27', 'M', 'A', 184, 8, '2023-07-02 16:26:17'),
(537, '1129119580', 'Major', 'Loïc', 'Pickford', '伊', '1997-03-01', 'M', 'A', 188, 7, '2023-07-02 16:26:17'),
(538, '6904790105', 'Lesya', 'Bérengère', 'Craxford', '僪', '1990-05-14', 'F', 'A', 10, 3, '2023-07-02 16:26:17'),
(539, '3303102643', 'Amalea', 'Athéna', 'Foran', '竺', '1996-09-16', 'F', 'A', 430, 12, '2023-07-02 16:26:17'),
(540, '3534220544', 'Luelle', 'Gösta', 'Rawlison', '梅', '2002-08-24', 'F', 'A', 314, 12, '2023-07-02 16:26:17'),
(541, '5570531882', 'Hubie', 'Personnalisée', 'Rasmus', '强', '1990-10-09', 'M', 'A', 837, 15, '2023-07-02 16:26:17'),
(542, '5531369123', 'Coop', 'Pò', 'Gosnoll', '谢', '2004-11-02', 'M', 'A', 51, 7, '2023-07-02 16:26:17'),
(543, '9020628607', 'Bartholomew', 'Ophélie', 'Swinburn', '蓟', '2001-03-15', 'M', 'A', 953, 37, '2023-07-02 16:26:17'),
(544, '5870122244', 'Manolo', 'Lauréna', 'Whopples', '凤', '1999-11-12', 'M', 'A', 566, 48, '2023-07-02 16:26:17'),
(545, '3822610704', 'Kim', 'Lyséa', 'Moggie', '余', '2003-02-16', 'M', 'A', 834, 27, '2023-07-02 16:26:17'),
(546, '0599457449', 'Jemie', 'Cécilia', 'Beetles', '终', '1993-07-02', 'F', 'A', 793, 26, '2023-07-02 16:26:17'),
(547, '7554777947', 'Dannie', 'Clémentine', 'Elnough', '伊', '1991-12-23', 'M', 'A', 695, 27, '2023-07-02 16:26:17'),
(548, '0751585823', 'Erhard', 'Gérald', 'Marsie', '封', '1999-09-28', 'M', 'A', 674, 37, '2023-07-02 16:26:17'),
(549, '4899085745', 'Merralee', 'Lucrèce', 'Morsley', '梁', '2004-09-30', 'F', 'A', 669, 19, '2023-07-02 16:26:17'),
(550, '4090186161', 'Nickie', 'Kù', 'Joust', '戈', '1994-11-19', 'M', 'A', 439, 1, '2023-07-02 16:26:17'),
(551, '6069919718', 'Ingram', 'Pål', 'Josilevich', '葛', '1998-10-17', 'M', 'A', 590, 30, '2023-07-02 16:26:17'),
(552, '8125039074', 'Taite', 'Maëlann', 'Baline', '邰', '1990-08-29', 'M', 'A', 412, 34, '2023-07-02 16:26:17'),
(553, '7428189403', 'Carole', 'Liè', 'Kenworthey', '柳', '1996-08-02', 'F', 'A', 377, 29, '2023-07-02 16:26:17'),
(554, '9925537274', 'Cornell', 'Garçon', 'Livsey', '魏', '2004-08-05', 'M', 'A', 181, 33, '2023-07-02 16:26:17'),
(555, '4424297497', 'Llywellyn', 'Kallisté', 'Ainsworth', '甄', '1999-08-08', 'M', 'A', 771, 20, '2023-07-02 16:26:17'),
(556, '1229471812', 'Sandor', 'Andréa', 'Moules', '汪', '1997-06-29', 'M', 'A', 790, 48, '2023-07-02 16:26:17'),
(557, '6281820177', 'Franzen', 'Mà', 'Whapple', '周', '1991-07-23', 'M', 'A', 367, 12, '2023-07-02 16:26:17'),
(558, '8563452266', 'Fee', 'Solène', 'Beert', '锺', '1992-06-09', 'M', 'A', 377, 18, '2023-07-02 16:26:17'),
(559, '8253689624', 'Jamey', 'Eléonore', 'Jeandot', '邓', '2004-03-02', 'M', 'A', 141, 16, '2023-07-02 16:26:17'),
(560, '0350267278', 'Giraldo', 'Andréanne', 'Scoggan', '隗', '2004-06-25', 'M', 'A', 611, 23, '2023-07-02 16:26:17'),
(561, '9539871964', 'Blayne', 'Médiamass', 'Creus', '蓬', '1996-12-14', 'M', 'A', 354, 39, '2023-07-02 16:26:17'),
(562, '4592373561', 'Donnajean', 'Maïlis', 'Jan', '奚', '1990-05-07', 'F', 'A', 145, 34, '2023-07-02 16:26:17'),
(563, '5326866595', 'Puff', 'Miléna', 'Normanton', '虞', '1999-12-31', 'M', 'A', 149, 7, '2023-07-02 16:26:17'),
(564, '5475029490', 'Heywood', 'Marie-thérèse', 'Skirrow', '鲁', '2000-11-20', 'M', 'A', 889, 2, '2023-07-02 16:26:17'),
(565, '8386146281', 'Desdemona', 'Loïca', 'Winward', '慎', '1990-05-12', 'F', 'A', 311, 24, '2023-07-02 16:26:17'),
(566, '2002163235', 'Goober', 'Clémentine', 'Pady', '国', '1991-05-29', 'M', 'A', 85, 2, '2023-07-02 16:26:17'),
(567, '9219904845', 'Lynna', 'Annotés', 'MacChaell', '毕', '2000-09-09', 'F', 'A', 17, 13, '2023-07-02 16:26:17'),
(568, '3310359670', 'Francklin', 'Gisèle', 'Raithby', '滑', '1995-09-29', 'M', 'A', 346, 12, '2023-07-02 16:26:17'),
(569, '0891067280', 'Nathan', 'Tán', 'Simkovich', '尚', '1996-12-07', 'M', 'A', 780, 11, '2023-07-02 16:26:17'),
(570, '7834599593', 'Whitney', 'Valérie', 'Carnow', '向', '2001-10-09', 'F', 'A', 290, 10, '2023-07-02 16:26:17'),
(571, '5597163310', 'Irving', 'Pélagie', 'Nuscha', '冷', '2005-03-18', 'M', 'A', 608, 1, '2023-07-02 16:26:17'),
(572, '7507569837', 'Xerxes', 'Anaé', 'Aleksic', '强', '1997-11-02', 'M', 'A', 67, 14, '2023-07-02 16:26:17'),
(573, '2337984974', 'Fraze', 'Lóng', 'Gomery', '乐', '1999-10-06', 'M', 'A', 143, 9, '2023-07-02 16:26:17'),
(574, '1741149010', 'Rosalie', 'Cléa', 'Monckton', '霍', '2002-06-17', 'F', 'A', 820, 17, '2023-07-02 16:26:17'),
(575, '5111410708', 'Nevile', 'Örjan', 'Doe', '逄', '1997-07-09', 'M', 'A', 252, 16, '2023-07-02 16:26:17'),
(576, '1693499223', 'Vonnie', 'Eliès', 'Yorston', '关', '1995-04-11', 'F', 'A', 736, 1, '2023-07-02 16:26:17'),
(577, '2861176520', 'Lenna', 'Marie-josée', 'Fysh', '辛', '1998-08-18', 'F', 'A', 224, 44, '2023-07-02 16:26:17'),
(578, '8904608821', 'Rhianon', 'Mélanie', 'Lapides', '莫', '1993-01-26', 'F', 'A', 213, 10, '2023-07-02 16:26:17'),
(579, '2942658908', 'Kingsly', 'Simplifiés', 'Waldren', '厍', '1997-12-15', 'M', 'A', 968, 42, '2023-07-02 16:26:17'),
(580, '6125529444', 'Esmeralda', 'Mélodie', 'Cressar', '彭', '2002-12-10', 'F', 'A', 289, 25, '2023-07-02 16:26:17'),
(581, '1756975515', 'Winfield', 'Loïs', 'Riatt', '贝', '2001-09-08', 'M', 'A', 431, 41, '2023-07-02 16:26:17'),
(582, '4147269583', 'Brit', 'Måns', 'MacKaig', '司', '1998-09-18', 'M', 'A', 946, 11, '2023-07-02 16:26:17'),
(583, '3573634427', 'Marjy', 'Eugénie', 'Walczak', '班', '1993-12-18', 'F', 'A', 347, 48, '2023-07-02 16:26:17'),
(584, '5848298580', 'Tatiania', 'Magdalène', 'Drohan', '闻', '1994-11-18', 'F', 'A', 980, 10, '2023-07-02 16:26:17'),
(585, '2148965875', 'Barr', 'Adèle', 'Couth', '洪', '1995-12-29', 'M', 'A', 574, 10, '2023-07-02 16:26:17'),
(586, '6743034363', 'Der', 'Andrée', 'Wodham', '屈', '1991-05-22', 'M', 'A', 1000, 5, '2023-07-02 16:26:17'),
(587, '9200046924', 'Lester', 'Géraldine', 'McAleese', '后', '1993-03-07', 'M', 'A', 450, 16, '2023-07-02 16:26:17'),
(588, '8074133516', 'Silvie', 'Bécassine', 'Tebbett', '莘', '1998-01-12', 'F', 'A', 654, 21, '2023-07-02 16:26:17'),
(589, '7716812254', 'Anni', 'Maëlyss', 'D\'Antonio', '席', '2000-08-18', 'F', 'A', 203, 28, '2023-07-02 16:26:17'),
(590, '0951282158', 'Margy', 'Marie-hélène', 'Boxhill', '惠', '1998-06-26', 'F', 'A', 799, 11, '2023-07-02 16:26:17'),
(591, '5641646695', 'Clywd', 'Estée', 'Halm', '骆', '1996-12-26', 'M', 'A', 417, 15, '2023-07-02 16:26:17'),
(592, '5761362112', 'Wolfgang', 'Léonore', 'O\'Duggan', '巩', '1997-04-21', 'M', 'A', 296, 5, '2023-07-02 16:26:17'),
(593, '1081742542', 'Marlowe', 'Lauréna', 'Duffit', '蔡', '1990-02-22', 'M', 'A', 146, 8, '2023-07-02 16:26:17'),
(594, '4307687655', 'Kris', 'Nélie', 'Ginnally', '池', '2002-07-08', 'M', 'A', 162, 4, '2023-07-02 16:26:17'),
(595, '1722557729', 'Bayard', 'Illustrée', 'Dauney', '羊', '1997-03-04', 'M', 'A', 400, 11, '2023-07-02 16:26:17'),
(596, '7010029393', 'Novelia', 'Marie-noël', 'Ducroe', '荀', '1997-06-28', 'F', 'A', 285, 27, '2023-07-02 16:26:17'),
(597, '8635578619', 'Claus', 'Publicité', 'Simmonett', '缪', '1999-04-17', 'M', 'A', 781, 45, '2023-07-02 16:26:17'),
(598, '9980976543', 'Dori', 'Cinéma', 'Neames', '傅', '2002-08-05', 'F', 'A', 616, 42, '2023-07-02 16:26:17'),
(599, '9141474104', 'Frasquito', 'Adèle', 'Briance', '董', '1995-07-09', 'M', 'A', 282, 8, '2023-07-02 16:26:17'),
(600, '6331615539', 'Alexandros', 'Océane', 'Faircley', '钱', '1990-03-19', 'M', 'A', 885, 5, '2023-07-02 16:26:17'),
(601, '9772158752', 'Kizzie', 'Léone', 'Cordova', '侯', '1991-11-22', 'F', 'A', 353, 34, '2023-07-02 16:26:17'),
(602, '9521400102', 'Felicity', 'Réjane', 'Bissiker', '管', '1996-02-12', 'F', 'A', 209, 13, '2023-07-02 16:26:17'),
(603, '6957045560', 'Jeff', 'Publicité', 'Ventum', '蓬', '2001-03-28', 'M', 'A', 795, 31, '2023-07-02 16:26:17'),
(604, '2878778537', 'Koren', 'Eloïse', 'Dauncey', '车', '1993-06-10', 'F', 'A', 348, 34, '2023-07-02 16:26:17'),
(605, '1466630930', 'Roseanna', 'Lèi', 'Marlin', '庄', '1999-09-23', 'F', 'A', 421, 26, '2023-07-02 16:26:17'),
(606, '4488162460', 'Dexter', 'Dà', 'Balassa', '殳', '1999-11-07', 'M', 'A', 61, 27, '2023-07-02 16:26:17'),
(607, '0818505451', 'Malissia', 'Danièle', 'Pringuer', '汤', '1996-03-21', 'F', 'A', 898, 36, '2023-07-02 16:26:17'),
(608, '0009038965', 'Erhart', 'Séverine', 'Pattison', '卜', '1990-01-20', 'M', 'A', 819, 48, '2023-07-02 16:26:17'),
(609, '6811110899', 'Arnoldo', 'Vénus', 'Dance', '邓', '2004-06-23', 'M', 'A', 875, 48, '2023-07-02 16:26:17'),
(610, '9990746265', 'Nessy', 'Mélodie', 'Thomke', '夔', '1997-11-23', 'F', 'A', 556, 18, '2023-07-02 16:26:17'),
(611, '0084725680', 'Joann', 'Yáo', 'Shea', '袁', '2005-03-04', 'F', 'A', 463, 20, '2023-07-02 16:26:17'),
(612, '1965901700', 'Sampson', 'Céline', 'Senecaux', '龚', '1994-09-23', 'M', 'A', 603, 13, '2023-07-02 16:26:17'),
(613, '1066937621', 'Garvey', 'Léana', 'Margarson', '鲁', '1999-03-30', 'M', 'A', 433, 5, '2023-07-02 16:26:17'),
(614, '9893193230', 'Joey', 'Andréanne', 'Bearcroft', '阚', '1992-06-23', 'F', 'A', 944, 22, '2023-07-02 16:26:17'),
(615, '9200994636', 'Doralynn', 'Méryl', 'Brandsma', '孙', '1997-07-06', 'F', 'A', 801, 30, '2023-07-02 16:26:17'),
(616, '7498408414', 'Rodolphe', 'Clémentine', 'Cowan', '雷', '2000-10-30', 'M', 'A', 466, 30, '2023-07-02 16:26:17'),
(617, '2674001747', 'Peter', 'Cécile', 'Mardling', '桂', '1993-01-02', 'M', 'A', 106, 21, '2023-07-02 16:26:17'),
(618, '9356033501', 'Les', 'Andréanne', 'Stalf', '苏', '1993-11-17', 'M', 'A', 674, 30, '2023-07-02 16:26:17'),
(619, '8320841763', 'Kristofer', 'Maëlyss', 'Leuren', '薛', '1992-04-02', 'M', 'A', 509, 48, '2023-07-02 16:26:17'),
(620, '4245892315', 'Cassius', 'Mén', 'Morando', '阙', '2001-02-20', 'M', 'A', 520, 12, '2023-07-02 16:26:17'),
(621, '4903970213', 'Oby', 'Noémie', 'Froom', '明', '1999-06-12', 'M', 'A', 39, 25, '2023-07-02 16:26:17'),
(622, '2142696619', 'Gifford', 'Estève', 'Crossan', '酆', '1993-10-04', 'M', 'A', 653, 9, '2023-07-02 16:26:17'),
(623, '7659300288', 'Etta', 'Táng', 'Print', '农', '1995-12-16', 'F', 'A', 150, 13, '2023-07-02 16:26:17'),
(624, '3040572288', 'Rodger', 'Anaé', 'Banfield', '支', '2003-11-08', 'M', 'A', 475, 34, '2023-07-02 16:26:17'),
(625, '5179150361', 'Way', 'Marie-françoise', 'Cuseick', '魏', '1998-07-30', 'M', 'A', 235, 24, '2023-07-02 16:26:17'),
(626, '8181161246', 'Orbadiah', 'Mélissandre', 'Scotter', '关', '1991-12-09', 'M', 'A', 378, 10, '2023-07-02 16:26:17'),
(627, '1791412319', 'Roley', 'Táng', 'Semorad', '程', '2000-05-29', 'M', 'A', 690, 36, '2023-07-02 16:26:17'),
(628, '5140934639', 'Dene', 'Magdalène', 'Gerlts', '嵇', '1990-05-19', 'M', 'A', 846, 18, '2023-07-02 16:26:17'),
(629, '9690666673', 'Sib', 'Mélissandre', 'Salzburg', '萧', '1991-03-10', 'F', 'A', 424, 45, '2023-07-02 16:26:17'),
(630, '3592936689', 'Gustav', 'Cinéma', 'Bonham', '屈', '1991-09-17', 'M', 'A', 335, 16, '2023-07-02 16:26:17'),
(631, '3494735700', 'Demetris', 'Séréna', 'Riccio', '耿', '1997-12-09', 'M', 'A', 649, 26, '2023-07-02 16:26:17'),
(632, '2841826988', 'Matteo', 'Dafnée', 'Angrick', '顾', '2005-03-09', 'M', 'A', 269, 12, '2023-07-02 16:26:17'),
(633, '2370092475', 'Temp', 'Naéva', 'Imloch', '方', '1997-09-06', 'M', 'A', 540, 47, '2023-07-02 16:26:17'),
(634, '5900769690', 'Tabbi', 'Marie-josée', 'Burnside', '郑', '2002-10-31', 'F', 'A', 941, 25, '2023-07-02 16:26:17'),
(635, '0651813158', 'Pearce', 'Maëlann', 'Wheble', '花', '2000-05-29', 'M', 'A', 962, 34, '2023-07-02 16:26:17'),
(636, '9527854466', 'Barret', 'Océane', 'Andrysiak', '邹', '1993-04-19', 'M', 'A', 716, 5, '2023-07-02 16:26:17'),
(637, '3776928573', 'Justina', 'Naéva', 'Stockill', '籍', '2002-02-11', 'F', 'A', 644, 3, '2023-07-02 16:26:17'),
(638, '1365126749', 'Charity', 'Jú', 'Scanterbury', '广', '1993-11-19', 'F', 'A', 331, 26, '2023-07-02 16:26:17'),
(639, '6666254880', 'Enrique', 'Kuí', 'Peaddie', '梅', '1995-02-02', 'M', 'A', 78, 30, '2023-07-02 16:26:17'),
(640, '6077448834', 'Aili', 'Maëlle', 'Hartmann', '弓', '2000-04-26', 'F', 'A', 413, 15, '2023-07-02 16:26:17'),
(641, '9540660505', 'Tremaine', 'Marie-françoise', 'Mardle', '桂', '1994-05-21', 'M', 'A', 107, 1, '2023-07-02 16:26:17'),
(642, '6487207802', 'Ema', 'Gösta', 'Bellson', '许', '1996-08-08', 'F', 'A', 254, 32, '2023-07-02 16:26:17'),
(643, '8780306888', 'Connor', 'Clémence', 'Liddiard', '平', '1999-08-05', 'M', 'A', 893, 23, '2023-07-02 16:26:17'),
(644, '0862856841', 'Florrie', 'Andréanne', 'Everal', '连', '2004-04-04', 'F', 'A', 344, 35, '2023-07-02 16:26:17'),
(645, '8758002537', 'Erasmus', 'Eléonore', 'Gilbride', '东', '1997-08-31', 'M', 'A', 527, 42, '2023-07-02 16:26:17'),
(646, '7335865530', 'Cobb', 'Gaëlle', 'Tearney', '伊', '1998-04-22', 'M', 'A', 181, 18, '2023-07-02 16:26:17'),
(647, '4767436508', 'Finley', 'Magdalène', 'Grob', '萧', '1998-07-31', 'M', 'A', 237, 29, '2023-07-02 16:26:17'),
(648, '3422869999', 'Auria', 'Yè', 'Joire', '越', '2003-04-27', 'F', 'A', 947, 41, '2023-07-02 16:26:17'),
(649, '7020003397', 'Isaiah', 'Garçon', 'Le Noury', '别', '1997-02-19', 'M', 'A', 454, 4, '2023-07-02 16:26:17'),
(650, '4681478407', 'Clayborn', 'Yáo', 'Stopp', '桑', '1997-03-07', 'M', 'A', 353, 44, '2023-07-02 16:26:17'),
(651, '4156436764', 'Josy', 'Méghane', 'Victory', '秋', '2001-04-13', 'F', 'A', 147, 24, '2023-07-02 16:26:17'),
(652, '4202888987', 'Shalom', 'Marie-françoise', 'Hryskiewicz', '裘', '2002-02-07', 'M', 'A', 21, 18, '2023-07-02 16:26:17'),
(653, '9801736704', 'Ruggiero', 'Vérane', 'Welland', '刁', '1999-06-11', 'M', 'A', 411, 32, '2023-07-02 16:26:17'),
(654, '7373039197', 'Karia', 'Gaëlle', 'Mears', '廉', '1998-04-01', 'F', 'A', 488, 44, '2023-07-02 16:26:17'),
(655, '2203672390', 'Evin', 'Mélanie', 'Bamfield', '程', '2002-04-13', 'M', 'A', 5, 10, '2023-07-02 16:26:17'),
(656, '1789380030', 'Leland', 'Marie-ève', 'MacTavish', '弓', '1996-09-10', 'M', 'A', 133, 16, '2023-07-02 16:26:17'),
(657, '9053439471', 'Filip', 'Loïc', 'Lidgey', '甘', '1996-02-29', 'M', 'A', 479, 5, '2023-07-02 16:26:17'),
(658, '6460112541', 'Umeko', 'Pénélope', 'Ruzicka', '邢', '1994-10-11', 'F', 'A', 279, 27, '2023-07-02 16:26:17'),
(659, '2594571059', 'Franciskus', 'Judicaël', 'Frarey', '裴', '1996-10-02', 'M', 'A', 173, 8, '2023-07-02 16:26:17'),
(660, '1023764881', 'Lalo', 'Véronique', 'Goadsby', '贾', '1994-02-19', 'M', 'A', 524, 35, '2023-07-02 16:26:17'),
(661, '7660543008', 'Victoir', 'Daphnée', 'Le Fevre', '盍', '1992-11-06', 'M', 'A', 947, 24, '2023-07-02 16:26:17'),
(662, '0609392018', 'Jeniece', 'Cécilia', 'Gajownik', '贡', '1995-03-05', 'F', 'A', 784, 34, '2023-07-02 16:26:17'),
(663, '8628978216', 'Vitoria', 'Naëlle', 'Haffenden', '邢', '1996-10-03', 'F', 'A', 383, 32, '2023-07-02 16:26:17'),
(664, '6968893320', 'Alonzo', 'Kù', 'Gian', '黄', '1996-09-29', 'M', 'A', 239, 20, '2023-07-02 16:26:17'),
(665, '3925756078', 'Bartolemo', 'Françoise', 'Woodrooffe', '符', '1996-07-16', 'M', 'A', 980, 18, '2023-07-02 16:26:17'),
(666, '8218314105', 'Morna', 'Séréna', 'Pulbrook', '曾', '2002-08-13', 'F', 'A', 139, 29, '2023-07-02 16:26:17'),
(667, '1593769431', 'Kev', 'Yénora', 'Ughini', '乔', '2004-02-25', 'M', 'A', 618, 8, '2023-07-02 16:26:17'),
(668, '3484030143', 'Abram', 'Léone', 'Timmons', '程', '1993-03-14', 'M', 'A', 22, 32, '2023-07-02 16:26:17'),
(669, '6459617082', 'Washington', 'Salomé', 'Alejandri', '羊', '1991-07-29', 'M', 'A', 545, 41, '2023-07-02 16:26:17'),
(670, '5283470504', 'Johnathon', 'Kévina', 'Kelle', '伍', '1991-06-18', 'M', 'A', 669, 35, '2023-07-02 16:26:17'),
(671, '3060261199', 'Verile', 'Bénédicte', 'McBean', '和', '2000-10-01', 'F', 'A', 594, 6, '2023-07-02 16:26:17'),
(672, '0162807163', 'Cinda', 'Maïlis', 'Ernshaw', '应', '1992-09-19', 'F', 'A', 732, 6, '2023-07-02 16:26:17'),
(673, '0088691950', 'El', 'Naéva', 'Pagin', '查', '2000-01-16', 'M', 'A', 353, 36, '2023-07-02 16:26:17'),
(674, '7646742996', 'Alix', 'Annotés', 'Bletso', '靳', '2005-04-23', 'F', 'A', 121, 32, '2023-07-02 16:26:17'),
(675, '2297248261', 'Zebulen', 'Publicité', 'Raywood', '吉', '1990-06-28', 'M', 'A', 101, 44, '2023-07-02 16:26:17'),
(676, '6964791787', 'Cecile', 'Maëlyss', 'Bembridge', '寿', '1996-09-29', 'F', 'A', 422, 16, '2023-07-02 16:26:17'),
(677, '1464663912', 'Happy', 'Pål', 'Matschek', '张', '1997-09-09', 'F', 'A', 732, 46, '2023-07-02 16:26:17'),
(678, '1977202861', 'Linoel', 'Maëlys', 'Davsley', '米', '1993-11-18', 'M', 'A', 534, 33, '2023-07-02 16:26:17'),
(679, '6630816986', 'Genovera', 'Léonie', 'Musson', '都', '1999-12-01', 'F', 'A', 853, 6, '2023-07-02 16:26:17'),
(680, '6271817246', 'Travers', 'Mahélie', 'Crompton', '岑', '1994-12-24', 'M', 'A', 277, 32, '2023-07-02 16:26:17'),
(681, '0130980935', 'Gaylene', 'Mahélie', 'Valerio', '柏', '2001-08-06', 'F', 'A', 924, 22, '2023-07-02 16:26:17'),
(682, '3115988087', 'Abeu', 'Marlène', 'McHenry', '计', '2002-08-19', 'M', 'A', 612, 3, '2023-07-02 16:26:17'),
(683, '8830239631', 'Pammie', 'Mélanie', 'Whayman', '凌', '2003-11-15', 'F', 'A', 577, 45, '2023-07-02 16:26:17'),
(684, '7759598564', 'Ephrem', 'Naéva', 'Astlet', '董', '1996-02-06', 'M', 'A', 540, 19, '2023-07-02 16:26:17'),
(685, '4598593725', 'Ric', 'Bérangère', 'Le - Count', '滕', '2002-09-11', 'M', 'A', 29, 17, '2023-07-02 16:26:17'),
(686, '8329258297', 'Bay', 'Kù', 'Adger', '暴', '1997-03-14', 'M', 'A', 123, 42, '2023-07-02 16:26:17'),
(687, '2234344093', 'Dexter', 'Mélissandre', 'Benmore', '山', '2000-10-08', 'M', 'A', 586, 45, '2023-07-02 16:26:17'),
(688, '1275977790', 'Claudia', 'Loïs', 'Liptrod', '柴', '1996-08-04', 'F', 'A', 881, 33, '2023-07-02 16:26:17'),
(689, '9438838058', 'Katlin', 'Faîtes', 'Solman', '农', '1993-01-21', 'F', 'A', 576, 44, '2023-07-02 16:26:17'),
(690, '0869778250', 'Marabel', 'Edmée', 'Tabart', '谈', '1990-05-03', 'F', 'A', 123, 46, '2023-07-02 16:26:17'),
(691, '9662177396', 'Annora', 'Adèle', 'Kegley', '米', '2004-03-05', 'F', 'A', 742, 19, '2023-07-02 16:26:17'),
(692, '7238238977', 'Marcella', 'Anaé', 'Shelton', '能', '2003-05-25', 'F', 'A', 150, 34, '2023-07-02 16:26:17'),
(693, '0476478812', 'Niles', 'Cécilia', 'Simnel', '魏', '2000-10-20', 'M', 'A', 296, 48, '2023-07-02 16:26:17'),
(694, '4013726955', 'Gustaf', 'Uò', 'Fairbrass', '周', '1993-07-24', 'M', 'A', 206, 2, '2023-07-02 16:26:17'),
(695, '5174258709', 'Bernadette', 'Esbjörn', 'Gimber', '从', '1998-12-06', 'F', 'A', 929, 23, '2023-07-02 16:26:17'),
(696, '4084605638', 'Gamaliel', 'Athéna', 'Caneo', '幸', '1993-01-19', 'M', 'A', 517, 5, '2023-07-02 16:26:17'),
(697, '1391439937', 'Herbert', 'Gaïa', 'Caltera', '吕', '1996-03-07', 'M', 'A', 204, 31, '2023-07-02 16:26:17'),
(698, '8523029869', 'Janos', 'Anaël', 'Trays', '平', '2002-11-20', 'M', 'A', 730, 47, '2023-07-02 16:26:17'),
(699, '9747501538', 'Rudolf', 'Noëlla', 'Digweed', '朱', '1993-07-14', 'M', 'A', 418, 9, '2023-07-02 16:26:17'),
(700, '8261887251', 'Stephani', 'Clémence', 'Allsep', '寇', '2001-11-15', 'F', 'A', 226, 47, '2023-07-02 16:26:17'),
(701, '8400367146', 'Phillipe', 'Andréa', 'MacKnockiter', '逮', '2004-04-28', 'M', 'A', 698, 35, '2023-07-02 16:26:17'),
(702, '8528239497', 'Frederico', 'Nadège', 'Ianitti', '郁', '1991-03-02', 'M', 'A', 929, 48, '2023-07-02 16:26:17'),
(703, '4226884310', 'Judith', 'Lucrèce', 'Longcake', '公', '1993-09-05', 'F', 'A', 916, 30, '2023-07-02 16:26:17'),
(704, '0069906904', 'Briano', 'Ruò', 'Tenpenny', '马', '2001-01-31', 'M', 'A', 967, 23, '2023-07-02 16:26:17'),
(705, '7265010744', 'Guthry', 'Mélinda', 'Caush', '毕', '1995-01-13', 'M', 'A', 110, 42, '2023-07-02 16:26:17'),
(706, '7173017556', 'Ryley', 'Torbjörn', 'Wherrit', '吕', '2004-07-09', 'M', 'A', 750, 47, '2023-07-02 16:26:17'),
(707, '9884966427', 'Darya', 'Vérane', 'Colledge', '方', '1998-03-08', 'F', 'A', 18, 10, '2023-07-02 16:26:17'),
(708, '4508261264', 'Alford', 'Véronique', 'Boram', '尤', '2001-06-10', 'M', 'A', 320, 29, '2023-07-02 16:26:17'),
(709, '1417626852', 'Mathian', 'Nélie', 'Kordova', '谈', '1997-08-29', 'M', 'A', 748, 21, '2023-07-02 16:26:17'),
(710, '4872417720', 'Hugh', 'Gwenaëlle', 'McCotter', '茅', '1993-04-13', 'M', 'A', 610, 26, '2023-07-02 16:26:17'),
(711, '1345628110', 'Gaspar', 'Miléna', 'Libby', '范', '2002-12-27', 'M', 'A', 450, 33, '2023-07-02 16:26:17'),
(712, '3014585424', 'Phineas', 'Inès', 'Reyes', '孙', '1995-04-04', 'M', 'A', 427, 32, '2023-07-02 16:26:17'),
(713, '1759831727', 'Correy', 'Rébecca', 'Dancey', '成', '2001-08-19', 'M', 'A', 756, 47, '2023-07-02 16:26:17'),
(714, '3923098766', 'Jacquelyn', 'Anaïs', 'Titt', '蓟', '1998-03-20', 'F', 'A', 298, 40, '2023-07-02 16:26:17'),
(715, '4471247379', 'Eolanda', 'Björn', 'Drew', '郁', '1991-01-13', 'F', 'A', 542, 36, '2023-07-02 16:26:17'),
(716, '8545118937', 'Charlena', 'Léane', 'Demke', '酆', '1992-03-16', 'F', 'A', 906, 13, '2023-07-02 16:26:17'),
(717, '9216024593', 'Kathleen', 'Léane', 'Suermeier', '司', '1994-02-05', 'F', 'A', 817, 9, '2023-07-02 16:26:17'),
(718, '2937550193', 'Elli', 'Bérengère', 'Martellini', '钮', '2000-12-07', 'F', 'A', 135, 23, '2023-07-02 16:26:17'),
(719, '6395360159', 'Shurlocke', 'Marie-ève', 'Doige', '蔡', '1997-05-16', 'M', 'A', 10, 27, '2023-07-02 16:26:17'),
(720, '9234058194', 'Mallorie', 'Björn', 'Leedes', '巴', '1992-05-16', 'F', 'A', 69, 21, '2023-07-02 16:26:17'),
(721, '1821563379', 'Stoddard', 'Andréanne', 'Rissom', '宦', '1994-03-14', 'F', 'A', 319, 31, '2023-07-02 16:26:17'),
(722, '2253775312', 'Kirk', 'Eloïse', 'Adnet', '云', '1992-12-01', 'M', 'A', 916, 22, '2023-07-02 16:26:17'),
(723, '1336735821', 'Wallache', 'Laurène', 'Baribal', '刘', '1996-04-19', 'M', 'A', 334, 5, '2023-07-02 16:26:17'),
(724, '4038313247', 'Rudolph', 'Eugénie', 'Trunkfield', '夏', '2004-05-22', 'M', 'A', 846, 27, '2023-07-02 16:26:17'),
(725, '9299989680', 'Temple', 'Adélie', 'Mackriell', '翟', '2002-09-06', 'M', 'A', 742, 24, '2023-07-02 16:26:17'),
(726, '5923341212', 'Robb', 'Maéna', 'Larmouth', '靳', '2001-11-03', 'M', 'A', 776, 34, '2023-07-02 16:26:17'),
(727, '8045282754', 'Barnabe', 'Östen', 'McNirlan', '卓', '1990-12-04', 'M', 'A', 592, 36, '2023-07-02 16:26:17'),
(728, '1456375504', 'Otto', 'Aloïs', 'Clewer', '后', '2001-04-25', 'M', 'A', 649, 39, '2023-07-02 16:26:17'),
(729, '0595621805', 'Fidela', 'Almérinda', 'O\'Neill', '左', '2002-09-13', 'F', 'A', 583, 36, '2023-07-02 16:26:17'),
(730, '9272456053', 'Ericha', 'Marie-josée', 'Fanner', '牧', '1999-11-26', 'F', 'A', 668, 11, '2023-07-02 16:26:17'),
(731, '1501231839', 'Hettie', 'Angèle', 'Furby', '慎', '1990-11-21', 'F', 'A', 609, 10, '2023-07-02 16:26:17'),
(732, '1944038167', 'Casey', 'Aurélie', 'Moreman', '薛', '2002-04-16', 'M', 'A', 397, 38, '2023-07-02 16:26:17'),
(733, '6528118248', 'Myer', 'Audréanne', 'Colvin', '班', '1994-05-19', 'M', 'A', 936, 6, '2023-07-02 16:26:17'),
(734, '3164815018', 'Mechelle', 'Aimée', 'Sergeaunt', '扈', '1990-05-08', 'F', 'A', 987, 26, '2023-07-02 16:26:17'),
(735, '0052684172', 'Gavin', 'Noémie', 'Stollery', '卜', '1999-06-19', 'M', 'A', 401, 27, '2023-07-02 16:26:17'),
(736, '5221907089', 'Gerek', 'Camélia', 'Bines', '暨', '2000-01-07', 'M', 'A', 863, 9, '2023-07-02 16:26:17'),
(737, '7725943552', 'Hakim', 'André', 'Causnett', '黎', '2002-02-18', 'M', 'A', 407, 10, '2023-07-02 16:26:17'),
(738, '3958674917', 'Taryn', 'Géraldine', 'MacKeague', '历', '1990-09-25', 'F', 'A', 11, 16, '2023-07-02 16:26:17'),
(739, '4461363457', 'Maighdiln', 'Léana', 'Kohnen', '阳', '1990-04-04', 'F', 'A', 134, 38, '2023-07-02 16:26:17'),
(740, '1705918433', 'Tabby', 'Anaé', 'MacGuigan', '阎', '2003-11-22', 'M', 'A', 456, 42, '2023-07-02 16:26:17'),
(741, '2271919770', 'Megan', 'Aimée', 'Olivie', '仲', '2003-10-11', 'F', 'A', 918, 45, '2023-07-02 16:26:17'),
(742, '7275571188', 'Sophi', 'Östen', 'Von Oertzen', '权', '1993-11-11', 'F', 'A', 750, 16, '2023-07-02 16:26:17'),
(743, '7867693009', 'Oona', 'Michèle', 'Arnholtz', '蔡', '2005-03-02', 'F', 'A', 53, 37, '2023-07-02 16:26:17'),
(744, '6566917969', 'Helga', 'Mélissandre', 'Michin', '柯', '1998-12-26', 'F', 'A', 747, 12, '2023-07-02 16:26:17'),
(745, '4758927391', 'Salvador', 'Séverine', 'Greenwood', '伊', '2005-01-16', 'M', 'A', 966, 34, '2023-07-02 16:26:17'),
(746, '4876900051', 'Marthe', 'Bérengère', 'Edess', '卓', '1994-01-06', 'F', 'A', 512, 10, '2023-07-02 16:26:17'),
(747, '0712298789', 'Myron', 'Célestine', 'Boughtflower', '牛', '2001-12-29', 'M', 'A', 91, 38, '2023-07-02 16:26:17'),
(748, '1825049785', 'Malorie', 'Alizée', 'Olliff', '聂', '1997-01-26', 'F', 'A', 974, 29, '2023-07-02 16:26:17'),
(749, '9245136485', 'Vernen', 'Publicité', 'Bolwell', '牧', '1993-07-30', 'M', 'A', 194, 44, '2023-07-02 16:26:17'),
(750, '8401339162', 'Duff', 'Uò', 'Truett', '毛', '1999-02-04', 'M', 'A', 612, 37, '2023-07-02 16:26:17'),
(751, '0405357168', 'Laurena', 'Lài', 'Ugoletti', '郭', '1992-11-17', 'F', 'A', 119, 13, '2023-07-02 16:26:17'),
(752, '7793647424', 'Dorolisa', 'Bérangère', 'Lowles', '凤', '1994-03-09', 'F', 'A', 296, 36, '2023-07-02 16:26:17'),
(753, '2532552336', 'Meara', 'Géraldine', 'Blindermann', '酆', '2005-05-22', 'F', 'A', 475, 45, '2023-07-02 16:26:17'),
(754, '8904794064', 'Giuseppe', 'Simplifiés', 'Carde', '许', '1997-11-05', 'M', 'A', 652, 47, '2023-07-02 16:26:17'),
(755, '3846605514', 'Darrell', 'Måns', 'Mardling', '宋', '1990-10-11', 'M', 'A', 84, 11, '2023-07-02 16:26:17'),
(756, '6619317138', 'Carce', 'Estée', 'Case', '牛', '1993-06-27', 'M', 'A', 70, 8, '2023-07-02 16:26:17'),
(757, '5186995495', 'Jeane', 'Aloïs', 'Dennehy', '阚', '1995-05-22', 'F', 'A', 401, 45, '2023-07-02 16:26:17'),
(758, '2320724249', 'Gayel', 'Lucrèce', 'Geddes', '邹', '1994-02-22', 'F', 'A', 307, 31, '2023-07-02 16:26:17'),
(759, '0318266296', 'Jacki', 'Séverine', 'Fredy', '宓', '1996-10-30', 'F', 'A', 582, 37, '2023-07-02 16:26:17'),
(760, '1159267103', 'Bayard', 'Yénora', 'Norgate', '赵', '1994-06-14', 'M', 'A', 968, 26, '2023-07-02 16:26:17'),
(761, '5215132623', 'Luce', 'Erwéi', 'Ganing', '巢', '1990-05-03', 'M', 'A', 41, 1, '2023-07-02 16:26:17'),
(762, '1949327558', 'Gilligan', 'Méthode', 'Poate', '褚', '2004-07-20', 'F', 'A', 162, 2, '2023-07-02 16:26:17'),
(763, '5152705966', 'Cherry', 'Maïté', 'Trenam', '王', '2005-02-26', 'F', 'A', 797, 37, '2023-07-02 16:26:17'),
(764, '1394120346', 'Lou', 'Aurélie', 'Penas', '连', '1997-03-19', 'M', 'A', 895, 24, '2023-07-02 16:26:17'),
(765, '1157796753', 'Izaak', 'Edmée', 'Itzakovitz', '芮', '2001-10-13', 'M', 'A', 131, 38, '2023-07-02 16:26:17'),
(766, '6554880844', 'Dieter', 'Régine', 'Carslaw', '凤', '2001-06-02', 'M', 'A', 266, 22, '2023-07-02 16:26:17'),
(767, '2735159183', 'Walton', 'Aí', 'Matoshin', '徐', '1998-03-16', 'M', 'A', 798, 15, '2023-07-02 16:26:17'),
(768, '1513743376', 'Zonnya', 'Björn', 'Kennan', '宰', '2001-08-03', 'F', 'A', 435, 25, '2023-07-02 16:26:17'),
(769, '1468071777', 'Thedrick', 'Thérèsa', 'Pavlitschek', '邱', '1997-02-17', 'M', 'A', 133, 7, '2023-07-02 16:26:17'),
(770, '9782183512', 'Ashlin', 'Intéressant', 'Bushe', '简', '1994-08-09', 'M', 'A', 716, 4, '2023-07-02 16:26:17'),
(771, '5049867630', 'Sindee', 'Alizée', 'Gile', '敖', '2002-04-21', 'F', 'A', 188, 33, '2023-07-02 16:26:18'),
(772, '9255758772', 'Perren', 'Méthode', 'Reagan', '屠', '1996-03-11', 'M', 'A', 485, 13, '2023-07-02 16:26:18'),
(773, '9906024208', 'Boote', 'Célia', 'Savatier', '平', '1997-07-05', 'M', 'A', 400, 11, '2023-07-02 16:26:18'),
(774, '1589563565', 'Buckie', 'Andréanne', 'Firby', '能', '2002-10-18', 'M', 'A', 444, 4, '2023-07-02 16:26:18'),
(775, '6069966228', 'Dimitri', 'Mylène', 'Stonebanks', '叶', '1996-12-09', 'M', 'A', 991, 8, '2023-07-02 16:26:18'),
(776, '7611486365', 'Timmi', 'Ruò', 'Belone', '戚', '2004-05-05', 'F', 'A', 349, 45, '2023-07-02 16:26:18'),
(777, '5055127260', 'Halli', 'Célestine', 'McCraw', '昌', '2004-08-02', 'F', 'A', 431, 6, '2023-07-02 16:26:18'),
(778, '6168702776', 'Mae', 'Anaïs', 'Mapother', '温', '2004-04-23', 'F', 'A', 675, 15, '2023-07-02 16:26:18'),
(779, '3256228631', 'Sue', 'Maïté', 'Cator', '昌', '1993-07-16', 'F', 'A', 562, 20, '2023-07-02 16:26:18'),
(780, '7214788098', 'Bettina', 'Ráo', 'Glawsop', '甘', '1999-12-23', 'F', 'A', 868, 48, '2023-07-02 16:26:18'),
(781, '1412185319', 'Calhoun', 'Anaïs', 'Gopsill', '封', '1998-01-25', 'M', 'A', 84, 15, '2023-07-02 16:26:18'),
(782, '3296091068', 'Flin', 'Mårten', 'Phettis', '历', '2003-03-03', 'M', 'A', 662, 44, '2023-07-02 16:26:18'),
(783, '3891977867', 'Marris', 'Marie-hélène', 'Thon', '殷', '2004-07-27', 'F', 'A', 305, 6, '2023-07-02 16:26:18'),
(784, '8138286989', 'Thorndike', 'Åsa', 'Fancourt', '慕', '1991-07-31', 'M', 'A', 504, 17, '2023-07-02 16:26:18'),
(785, '6631399084', 'Wilbur', 'Tú', 'Emslie', '毕', '2001-09-18', 'M', 'A', 201, 40, '2023-07-02 16:26:18'),
(786, '5805429764', 'Jeni', 'Amélie', 'Fer', '骆', '1991-09-25', 'F', 'A', 337, 32, '2023-07-02 16:26:18'),
(787, '2934092763', 'Cull', 'Geneviève', 'Glas', '寿', '1999-10-24', 'M', 'A', 606, 38, '2023-07-02 16:26:18'),
(788, '5504847052', 'Cassey', 'Stéphanie', 'Russilll', '乌', '2004-04-13', 'F', 'A', 556, 3, '2023-07-02 16:26:18'),
(789, '2063211604', 'Valentia', 'Nadège', 'Lambarton', '闵', '1996-07-23', 'F', 'A', 189, 23, '2023-07-02 16:26:18'),
(790, '1303698455', 'Berthe', 'Maïwenn', 'Trowill', '邴', '1998-04-26', 'F', 'A', 29, 24, '2023-07-02 16:26:18'),
(791, '7278261228', 'Alethea', 'Pénélope', 'Ledgeway', '井', '1996-01-14', 'F', 'A', 43, 35, '2023-07-02 16:26:18'),
(792, '5346029591', 'Nickie', 'Maëlys', 'Byfford', '甄', '1996-12-12', 'M', 'A', 589, 7, '2023-07-02 16:26:18'),
(793, '4542690229', 'Manon', 'Méline', 'Frisby', '怀', '1994-06-24', 'F', 'A', 824, 39, '2023-07-02 16:26:18'),
(794, '9825323671', 'Ardine', 'Alizée', 'Jimmes', '乜', '1997-08-21', 'F', 'A', 593, 1, '2023-07-02 16:26:18'),
(795, '7524616120', 'Ursala', 'Pål', 'Sikorski', '全', '1990-11-22', 'F', 'A', 967, 7, '2023-07-02 16:26:18'),
(796, '4922005579', 'Bord', 'Aurélie', 'Willmetts', '喻', '2000-02-06', 'M', 'A', 920, 18, '2023-07-02 16:26:18'),
(797, '4121572459', 'Lesli', 'Marie-noël', 'Feasby', '卞', '2003-11-25', 'F', 'A', 73, 18, '2023-07-02 16:26:18'),
(798, '1267099852', 'Eldin', 'Ruò', 'Landa', '管', '1992-10-20', 'M', 'A', 761, 12, '2023-07-02 16:26:18'),
(799, '6585249720', 'Enos', 'Kuí', 'Sproule', '居', '1999-08-11', 'M', 'A', 599, 44, '2023-07-02 16:26:18'),
(800, '6314282004', 'Terrel', 'Magdalène', 'Awmack', '梅', '1994-05-20', 'M', 'A', 965, 36, '2023-07-02 16:26:18'),
(801, '2062172265', 'Yolanda', 'Almérinda', 'Honack', '马', '2004-01-16', 'F', 'A', 896, 24, '2023-07-02 16:26:18'),
(802, '6678376420', 'Inglebert', 'Personnalisée', 'Spalton', '薛', '1995-11-17', 'M', 'A', 885, 46, '2023-07-02 16:26:18'),
(803, '0787791644', 'Merrill', 'Gisèle', 'Curzon', '栾', '1992-06-13', 'M', 'A', 575, 16, '2023-07-02 16:26:18'),
(804, '7517740334', 'Darci', 'Ruì', 'Patrick', '韦', '1999-05-17', 'F', 'A', 528, 11, '2023-07-02 16:26:18'),
(805, '3567911864', 'Karisa', 'Maïlys', 'Stappard', '勾', '1998-06-22', 'F', 'A', 877, 39, '2023-07-02 16:26:18'),
(806, '1015246184', 'Ches', 'Céline', 'Bartosiak', '蔡', '2002-04-02', 'M', 'A', 53, 41, '2023-07-02 16:26:18'),
(807, '6339471102', 'Tildy', 'Nuó', 'Klammt', '连', '2002-08-04', 'F', 'A', 815, 6, '2023-07-02 16:26:18'),
(808, '7875672368', 'Rhianna', 'Maëlla', 'Valentinuzzi', '查', '1999-04-08', 'F', 'A', 170, 18, '2023-07-02 16:26:18'),
(809, '4114905634', 'Clerissa', 'Inès', 'Baiyle', '阮', '1992-10-25', 'F', 'A', 583, 15, '2023-07-02 16:26:18'),
(810, '8236504212', 'Hersch', 'Séréna', 'Olyet', '辛', '1997-03-08', 'M', 'A', 722, 26, '2023-07-02 16:26:18'),
(811, '3509757351', 'Miquela', 'Dà', 'Olenin', '杜', '1999-03-08', 'F', 'A', 283, 46, '2023-07-02 16:26:18'),
(812, '0865565112', 'Jack', 'Maëlys', 'Reichardt', '晁', '1998-02-05', 'M', 'A', 38, 45, '2023-07-02 16:26:18'),
(813, '4916606248', 'Anabel', 'Méng', 'Kittredge', '刘', '1992-11-12', 'F', 'A', 458, 4, '2023-07-02 16:26:18'),
(814, '9514171160', 'Cirilo', 'Ruò', 'Kilfoyle', '蔚', '1999-07-13', 'M', 'A', 842, 37, '2023-07-02 16:26:18'),
(815, '6552700415', 'Tracie', 'Eléa', 'Watt', '金', '1998-07-29', 'M', 'A', 316, 8, '2023-07-02 16:26:18'),
(816, '5620877175', 'Kanya', 'Maïlis', 'Burgan', '昌', '2000-02-06', 'F', 'A', 117, 47, '2023-07-02 16:26:18'),
(817, '4483522582', 'Tomlin', 'Garçon', 'Cohan', '费', '1993-12-30', 'M', 'A', 206, 8, '2023-07-02 16:26:18'),
(818, '8468158100', 'Morgana', 'Mén', 'Tidgewell', '范', '1996-01-20', 'F', 'A', 622, 12, '2023-07-02 16:26:18'),
(819, '4944274351', 'Nonie', 'Maïlis', 'McGruar', '井', '1993-02-18', 'F', 'A', 766, 31, '2023-07-02 16:26:18'),
(820, '2790140561', 'Friedrich', 'Yè', 'Geach', '养', '1999-08-15', 'M', 'A', 878, 27, '2023-07-02 16:26:18'),
(821, '3826349512', 'Rici', 'Estève', 'Rosle', '李', '1999-01-15', 'F', 'A', 193, 17, '2023-07-02 16:26:18'),
(822, '5848579776', 'Diann', 'Mélia', 'Grigoriscu', '李', '1996-10-02', 'F', 'A', 177, 37, '2023-07-02 16:26:18'),
(823, '5079366060', 'Vite', 'Bérangère', 'Gouny', '惠', '2002-08-30', 'M', 'A', 228, 17, '2023-07-02 16:26:18'),
(824, '4710528144', 'Gerhardt', 'Solène', 'Laviste', '从', '2004-05-03', 'M', 'A', 765, 7, '2023-07-02 16:26:18'),
(825, '4961102903', 'Aile', 'Sòng', 'Blabey', '师', '2002-03-29', 'F', 'A', 907, 5, '2023-07-02 16:26:18'),
(826, '1522975500', 'Matthias', 'Médiamass', 'Ashall', '鱼', '1993-12-08', 'M', 'A', 246, 15, '2023-07-02 16:26:18'),
(827, '4665377146', 'Maggie', 'Clélia', 'Thraves', '姚', '2001-10-13', 'F', 'A', 170, 17, '2023-07-02 16:26:18'),
(828, '4506168992', 'Monika', 'Naëlle', 'Allchin', '武', '1998-07-16', 'F', 'A', 137, 40, '2023-07-02 16:26:18'),
(829, '8808371727', 'Redford', 'Rachèle', 'Keenleyside', '司', '1998-12-05', 'M', 'A', 10, 15, '2023-07-02 16:26:18'),
(830, '8801729731', 'Aprilette', 'Maëline', 'Ivatt', '祖', '2002-04-01', 'F', 'A', 630, 38, '2023-07-02 16:26:18'),
(831, '3413144448', 'Correy', 'Miléna', 'Merman', '姜', '2000-07-28', 'F', 'A', 708, 11, '2023-07-02 16:26:18'),
(832, '4705819896', 'Gordie', 'Cléa', 'Brute', '乐', '1999-04-03', 'M', 'A', 332, 46, '2023-07-02 16:26:18'),
(833, '0896456943', 'Connie', 'Garçon', 'Corain', '堵', '1997-07-24', 'F', 'A', 753, 12, '2023-07-02 16:26:18'),
(834, '6467313305', 'Jeddy', 'Irène', 'Rosoman', '鄂', '2001-01-03', 'M', 'A', 655, 25, '2023-07-02 16:26:18'),
(835, '2894711794', 'Gillie', 'Bénédicte', 'McCowan', '后', '2002-04-23', 'F', 'A', 358, 38, '2023-07-02 16:26:18'),
(836, '6920827573', 'Billye', 'Aimée', 'Durward', '蓟', '1999-03-02', 'F', 'A', 139, 14, '2023-07-02 16:26:18'),
(837, '7237235737', 'Nalani', 'Esbjörn', 'MacDermot', '步', '1998-12-26', 'F', 'A', 686, 28, '2023-07-02 16:26:18'),
(838, '3650688298', 'Ginnie', 'Marie-noël', 'Spellsworth', '阎', '2002-03-26', 'F', 'A', 480, 2, '2023-07-02 16:26:18'),
(839, '2628079062', 'Berny', 'Tán', 'Surgeon', '仰', '1993-11-12', 'F', 'A', 851, 21, '2023-07-02 16:26:18'),
(840, '8365922096', 'Dickie', 'Börje', 'Origin', '文', '1990-03-18', 'M', 'A', 514, 46, '2023-07-02 16:26:18'),
(841, '7414433749', 'Corrie', 'Åke', 'Lattimer', '厍', '1991-03-16', 'F', 'A', 402, 23, '2023-07-02 16:26:18'),
(842, '6088430079', 'Gerome', 'Gisèle', 'Shipcott', '胡', '1994-06-17', 'M', 'A', 890, 28, '2023-07-02 16:26:18'),
(843, '1267452633', 'Iggy', 'Cécile', 'Wonham', '益', '1991-04-09', 'M', 'A', 35, 26, '2023-07-02 16:26:18'),
(844, '7181024426', 'Ferd', 'Léonore', 'Petriello', '樊', '1999-12-09', 'M', 'A', 580, 28, '2023-07-02 16:26:18'),
(845, '5455113798', 'Bertrando', 'Crééz', 'Managh', '刘', '2003-01-21', 'M', 'A', 726, 7, '2023-07-02 16:26:18'),
(846, '0986090352', 'Kevina', 'Annotée', 'Brookton', '那', '1997-12-17', 'F', 'A', 920, 12, '2023-07-02 16:26:18'),
(847, '7683013102', 'Elset', 'Dà', 'Spickett', '湛', '2000-02-04', 'F', 'A', 707, 22, '2023-07-02 16:26:18'),
(848, '4868524240', 'Sonja', 'Publicité', 'De Maria', '温', '1997-04-12', 'F', 'A', 254, 26, '2023-07-02 16:26:18'),
(849, '7550924481', 'Malcolm', 'Mélissandre', 'Petken', '雷', '2001-05-15', 'M', 'A', 252, 13, '2023-07-02 16:26:18'),
(850, '9611656114', 'Kori', 'Mélina', 'Van Der Hoog', '贾', '1992-09-02', 'F', 'A', 953, 42, '2023-07-02 16:26:18'),
(851, '0632477067', 'Edita', 'Ruò', 'Awmack', '家', '2002-04-19', 'F', 'A', 747, 1, '2023-07-02 16:26:18'),
(852, '4725766704', 'Lisbeth', 'Alizée', 'Diem', '方', '2000-09-12', 'F', 'A', 295, 33, '2023-07-02 16:26:18'),
(853, '0387520228', 'Ash', 'Maïwenn', 'Ellerbeck', '国', '2004-06-14', 'M', 'A', 815, 1, '2023-07-02 16:26:18'),
(854, '9555036489', 'Edee', 'Véronique', 'McKirdy', '戈', '1993-02-06', 'F', 'A', 158, 32, '2023-07-02 16:26:18'),
(855, '2155271263', 'Nevin', 'Loïc', 'Watterson', '元', '2002-11-01', 'M', 'A', 563, 14, '2023-07-02 16:26:18'),
(856, '8125499962', 'Alex', 'Maïté', 'McCabe', '陶', '2003-12-02', 'F', 'A', 611, 20, '2023-07-02 16:26:18'),
(857, '5699846514', 'Bibby', 'Cléopatre', 'Hollyard', '鱼', '1997-06-09', 'F', 'A', 552, 36, '2023-07-02 16:26:18'),
(858, '0874994128', 'Jeff', 'Léonore', 'Payler', '白', '1990-09-22', 'M', 'A', 821, 18, '2023-07-02 16:26:18'),
(859, '5930472874', 'Rafferty', 'Anaïs', 'Hamal', '伊', '1999-10-25', 'M', 'A', 474, 20, '2023-07-02 16:26:18'),
(860, '5984718790', 'Samaria', 'Céline', 'Flamank', '黎', '1990-10-25', 'F', 'A', 520, 37, '2023-07-02 16:26:18'),
(861, '3952823805', 'Wood', 'Andrée', 'Seckom', '尹', '1999-05-27', 'M', 'A', 961, 14, '2023-07-02 16:26:18'),
(862, '6616714810', 'Faye', 'Eloïse', 'Lefort', '鲁', '2004-04-24', 'F', 'A', 898, 9, '2023-07-02 16:26:18'),
(863, '8296061007', 'Charmine', 'Michèle', 'Duchatel', '宋', '2001-03-13', 'F', 'A', 86, 43, '2023-07-02 16:26:18'),
(864, '3409531343', 'Myrlene', 'Lorène', 'Moline', '仲', '2005-05-23', 'F', 'A', 521, 4, '2023-07-02 16:26:18'),
(865, '0369690850', 'Purcell', 'Åslög', 'Matson', '井', '2004-09-12', 'M', 'A', 447, 7, '2023-07-02 16:26:18'),
(866, '1157386520', 'Grace', 'Naëlle', 'Perle', '秦', '2000-11-22', 'M', 'A', 266, 41, '2023-07-02 16:26:18'),
(867, '4157454138', 'Rutter', 'Simplifiés', 'Crowter', '高', '2000-03-06', 'M', 'A', 228, 35, '2023-07-02 16:26:18'),
(868, '8268867051', 'Hendrik', 'Bérengère', 'Sutcliff', '郁', '1996-05-31', 'M', 'A', 100, 34, '2023-07-02 16:26:18'),
(869, '5330041813', 'Gwendolen', 'Sòng', 'Ripping', '仰', '1997-02-22', 'F', 'A', 76, 40, '2023-07-02 16:26:18'),
(870, '4619789704', 'Georgi', 'Maïlys', 'Tute', '饶', '1999-05-06', 'M', 'A', 591, 40, '2023-07-02 16:26:18'),
(871, '9850035293', 'Melva', 'Gaïa', 'Lidgate', '寿', '1990-01-25', 'F', 'A', 98, 10, '2023-07-02 16:26:18'),
(872, '1332148638', 'Pippo', 'Angèle', 'Favill', '欧', '1990-07-11', 'M', 'A', 600, 22, '2023-07-02 16:26:18'),
(873, '5346701133', 'Ignazio', 'Illustrée', 'Eldrett', '蔺', '1991-07-19', 'M', 'A', 415, 16, '2023-07-02 16:26:18'),
(874, '1417696125', 'Gwenni', 'Åke', 'Salmond', '仲', '2001-07-31', 'F', 'A', 253, 14, '2023-07-02 16:26:18'),
(875, '9017411309', 'Ellswerth', 'Maëlle', 'MacNamee', '颜', '2003-11-28', 'M', 'A', 328, 14, '2023-07-02 16:26:18'),
(876, '4943840558', 'Zach', 'Kévina', 'Porte', '裘', '2003-11-21', 'M', 'A', 942, 23, '2023-07-02 16:26:18'),
(877, '2462180931', 'Silvan', 'Nadège', 'Isitt', '钱', '2004-07-09', 'M', 'A', 192, 38, '2023-07-02 16:26:18'),
(878, '0620108991', 'Kynthia', 'Aloïs', 'Ritch', '扶', '2003-04-30', 'F', 'A', 954, 15, '2023-07-02 16:26:18'),
(879, '9893343860', 'Camellia', 'Gérald', 'Roth', '昌', '1999-11-12', 'F', 'A', 379, 13, '2023-07-02 16:26:18'),
(880, '5697865155', 'Adrian', 'Mà', 'Cantrill', '卓', '2002-02-17', 'F', 'A', 784, 43, '2023-07-02 16:26:18'),
(881, '8443410434', 'Dalston', 'Marlène', 'Gerty', '徐', '2001-12-23', 'M', 'A', 520, 12, '2023-07-02 16:26:18'),
(882, '7181572709', 'Jamison', 'Clélia', 'Rigney', '蓬', '1992-04-02', 'M', 'A', 928, 43, '2023-07-02 16:26:18'),
(883, '7802829364', 'Gabriel', 'Océanne', 'Pallent', '后', '2004-04-18', 'M', 'A', 359, 34, '2023-07-02 16:26:18'),
(884, '7504284122', 'Maximilien', 'Kallisté', 'Rubi', '都', '2000-09-21', 'M', 'A', 208, 7, '2023-07-02 16:26:18'),
(885, '4968860811', 'Ephrayim', 'Léonore', 'Aubri', '廖', '1999-05-30', 'M', 'A', 248, 36, '2023-07-02 16:26:18'),
(886, '0789708302', 'Clarinda', 'Vérane', 'Swaffer', '邱', '2001-10-03', 'F', 'A', 895, 4, '2023-07-02 16:26:18'),
(887, '8029546858', 'Antonio', 'Adélie', 'Ternott', '詹', '1998-02-28', 'M', 'A', 697, 25, '2023-07-02 16:26:18'),
(888, '0693316373', 'Robinet', 'Görel', 'Dundendale', '汤', '1991-06-25', 'M', 'A', 632, 21, '2023-07-02 16:26:18'),
(889, '4286197794', 'Si', 'Maëlann', 'Cronshaw', '吕', '1997-10-18', 'M', 'A', 136, 39, '2023-07-02 16:26:18'),
(890, '9395319429', 'Byrle', 'Lyséa', 'Merrison', '麻', '1992-09-26', 'M', 'A', 925, 18, '2023-07-02 16:26:18'),
(891, '6674050326', 'Janifer', 'Dafnée', 'Philipeaux', '滑', '1996-09-22', 'F', 'A', 516, 15, '2023-07-02 16:26:18'),
(892, '3033385168', 'Christalle', 'Laurélie', 'Leggat', '柏', '2002-03-29', 'F', 'A', 736, 42, '2023-07-02 16:26:18'),
(893, '6290399640', 'Pansie', 'Thérèsa', 'Caherny', '鲍', '1993-10-05', 'F', 'A', 870, 9, '2023-07-02 16:26:18'),
(894, '8349843101', 'Chauncey', 'Kévina', 'Schwartz', '养', '1998-08-12', 'M', 'A', 451, 2, '2023-07-02 16:26:18'),
(895, '1163014443', 'Val', 'Laïla', 'Greenough', '梁', '1991-03-08', 'M', 'A', 12, 12, '2023-07-02 16:26:18'),
(896, '0634567721', 'Michele', 'Cécile', 'Sherington', '贾', '2000-11-13', 'M', 'A', 777, 16, '2023-07-02 16:26:18'),
(897, '8406989947', 'Aprilette', 'Kévina', 'Mariner', '隆', '2003-03-09', 'F', 'A', 866, 17, '2023-07-02 16:26:18'),
(898, '4118800608', 'Elsey', 'Örjan', 'Ord', '王', '1997-09-13', 'F', 'A', 751, 34, '2023-07-02 16:26:18');
INSERT INTO `estudiante` (`EST_ID`, `EST_DNI`, `EST_NOM`, `EST_NOM2`, `EST_APE`, `EST_APE2`, `EST_FECH_NAC`, `EST_GEN`, `EST_ESTADO`, `REP_ID`, `USR_CREADOR_ID`, `FECHA_CREACION`) VALUES
(899, '4511914524', 'Gussi', 'Jú', 'Johl', '窦', '1993-09-19', 'F', 'A', 583, 18, '2023-07-02 16:26:18'),
(900, '0256929785', 'Avis', 'Dà', 'Brealey', '訾', '1996-06-05', 'F', 'A', 22, 39, '2023-07-02 16:26:18'),
(901, '4032620784', 'See', 'Eléonore', 'Mackilpatrick', '从', '1996-06-13', 'M', 'A', 193, 13, '2023-07-02 16:26:18'),
(902, '7874671139', 'Gabbi', 'Zhì', 'Wescott', '经', '1997-02-12', 'F', 'A', 90, 19, '2023-07-02 16:26:18'),
(903, '9062289665', 'Kile', 'Nélie', 'Confait', '历', '1994-04-14', 'M', 'A', 856, 20, '2023-07-02 16:26:18'),
(904, '1219049867', 'Jamey', 'Edmée', 'Perrinchief', '邹', '1998-03-27', 'M', 'A', 867, 3, '2023-07-02 16:26:18'),
(905, '7466410111', 'Carny', 'Gisèle', 'Nowakowska', '翟', '2005-05-20', 'M', 'A', 150, 39, '2023-07-02 16:26:18'),
(906, '3552470743', 'Maxie', 'Méng', 'MacConnulty', '李', '2002-11-29', 'M', 'A', 538, 12, '2023-07-02 16:26:18'),
(907, '0708792952', 'Harper', 'Desirée', 'Whawell', '窦', '2005-05-17', 'M', 'A', 296, 23, '2023-07-02 16:26:18'),
(908, '3346647714', 'Craig', 'Görel', 'Kobes', '怀', '2003-12-21', 'M', 'A', 610, 34, '2023-07-02 16:26:18'),
(909, '7031257271', 'Duky', 'Maëlla', 'Vallack', '冯', '1992-06-08', 'M', 'A', 217, 18, '2023-07-02 16:26:18'),
(910, '1015176739', 'Irvin', 'Mélys', 'Reck', '单', '1997-05-18', 'M', 'A', 83, 36, '2023-07-02 16:26:18'),
(911, '5787301242', 'Henka', 'Åsa', 'Flarity', '景', '1999-08-03', 'F', 'A', 500, 12, '2023-07-02 16:26:18'),
(912, '5284049675', 'Garvy', 'Sélène', 'Gubbin', '终', '1997-10-17', 'M', 'A', 817, 31, '2023-07-02 16:26:18'),
(913, '8800488749', 'Marlena', 'Estève', 'McKeighen', '向', '1996-08-08', 'F', 'A', 158, 11, '2023-07-02 16:26:18'),
(914, '9291693847', 'Barret', 'Véronique', 'Castelin', '任', '1994-12-26', 'M', 'A', 445, 2, '2023-07-02 16:26:18'),
(915, '3034574517', 'Gherardo', 'Bérengère', 'Dorre', '裴', '2004-03-10', 'M', 'A', 926, 22, '2023-07-02 16:26:18'),
(916, '2505216401', 'Abramo', 'Maëly', 'Lansberry', '祝', '1993-03-10', 'M', 'A', 223, 47, '2023-07-02 16:26:18'),
(917, '4341917374', 'Vivienne', 'Léana', 'Sheeres', '越', '1997-04-12', 'F', 'A', 659, 22, '2023-07-02 16:26:18'),
(918, '1873972377', 'Concettina', 'Maëly', 'Bachelor', '全', '2001-04-19', 'F', 'A', 633, 21, '2023-07-02 16:26:18'),
(919, '6724512263', 'Doll', 'Dafnée', 'Butcher', '荣', '1994-11-03', 'F', 'A', 58, 40, '2023-07-02 16:26:18'),
(920, '2775885691', 'Aili', 'Yóu', 'Limpricht', '富', '1992-02-17', 'F', 'A', 903, 2, '2023-07-02 16:26:18'),
(921, '9279785036', 'Alfonso', 'Åsa', 'Farncomb', '赵', '1993-02-27', 'M', 'A', 926, 15, '2023-07-02 16:26:18'),
(922, '3629985491', 'Web', 'Mélissandre', 'McDool', '喻', '2001-09-05', 'M', 'A', 55, 9, '2023-07-02 16:26:18'),
(923, '0980440912', 'Beaufort', 'Gaétane', 'Gillibrand', '尤', '2001-06-18', 'M', 'A', 419, 38, '2023-07-02 16:26:18'),
(924, '2350048888', 'Jone', 'Cléopatre', 'Petegrew', '益', '1992-10-16', 'M', 'A', 484, 41, '2023-07-02 16:26:18'),
(925, '4588671723', 'Milly', 'Almérinda', 'Rykert', '弘', '1993-07-06', 'F', 'A', 272, 4, '2023-07-02 16:26:18'),
(926, '6370979112', 'Leopold', 'Maëlann', 'Dolphin', '孟', '1994-06-23', 'M', 'A', 48, 11, '2023-07-02 16:26:18'),
(927, '7725129227', 'Mariann', 'Naëlle', 'Tuerena', '邵', '1996-02-11', 'F', 'A', 64, 28, '2023-07-02 16:26:18'),
(928, '0381033090', 'Aylmer', 'Tú', 'Bortoli', '何', '1990-09-23', 'M', 'A', 905, 11, '2023-07-02 16:26:18'),
(929, '5756567755', 'Mariejeanne', 'Anaïs', 'Britney', '钱', '2001-10-04', 'F', 'A', 335, 40, '2023-07-02 16:26:18'),
(930, '3062429720', 'Corissa', 'Chloé', 'Wolpert', '沙', '2004-03-03', 'F', 'A', 1000, 37, '2023-07-02 16:26:18'),
(931, '3785586051', 'Norene', 'Andrée', 'Capstack', '狄', '2004-04-01', 'F', 'A', 308, 11, '2023-07-02 16:26:18'),
(932, '5291701919', 'Jewelle', 'Faîtes', 'Wanless', '衡', '1991-09-05', 'F', 'A', 894, 44, '2023-07-02 16:26:18'),
(933, '4606668415', 'Shawnee', 'Aloïs', 'McKeighan', '陶', '1991-06-12', 'F', 'A', 524, 27, '2023-07-02 16:26:18'),
(934, '8336127798', 'Sutton', 'Maéna', 'Gartin', '于', '1998-01-06', 'M', 'A', 525, 18, '2023-07-02 16:26:18'),
(935, '2082497275', 'Gilburt', 'Märta', 'Ricciardo', '边', '2000-09-07', 'M', 'A', 323, 9, '2023-07-02 16:26:18'),
(936, '1204703213', 'Vanya', 'Kallisté', 'Dadds', '罗', '2001-07-25', 'M', 'A', 131, 34, '2023-07-02 16:26:18'),
(937, '9377300304', 'Maisey', 'Véronique', 'Carson', '阙', '2001-08-18', 'F', 'A', 485, 8, '2023-07-02 16:26:18'),
(938, '6230977052', 'Sibyl', 'Noémie', 'Bosward', '罗', '2005-06-03', 'F', 'A', 927, 18, '2023-07-02 16:26:18'),
(939, '2919657895', 'Zarah', 'Maïté', 'Wigginton', '卞', '2003-11-05', 'F', 'A', 268, 48, '2023-07-02 16:26:18'),
(940, '0934992479', 'Padraig', 'Médiamass', 'Glazebrook', '嵇', '1992-11-06', 'M', 'A', 230, 21, '2023-07-02 16:26:18'),
(941, '0802994784', 'Jackie', 'Célia', 'Sweett', '严', '1994-03-13', 'M', 'A', 473, 21, '2023-07-02 16:26:18'),
(942, '7972658242', 'Brittni', 'Björn', 'Leavold', '沙', '1999-08-16', 'F', 'A', 42, 3, '2023-07-02 16:26:18'),
(943, '1498081398', 'Duke', 'Åslög', 'Bradden', '崔', '1998-04-09', 'M', 'A', 957, 10, '2023-07-02 16:26:18'),
(944, '8986795132', 'Gorden', 'Aurélie', 'Litzmann', '臧', '1994-06-06', 'M', 'A', 102, 38, '2023-07-02 16:26:18'),
(945, '8573950528', 'Doroteya', 'Åke', 'Pummery', '米', '2001-03-01', 'F', 'A', 370, 25, '2023-07-02 16:26:18'),
(946, '9794071137', 'Joan', 'Dafnée', 'Schulke', '傅', '2003-01-12', 'F', 'A', 256, 38, '2023-07-02 16:26:18'),
(947, '6872888970', 'Erna', 'Åke', 'Stormes', '禄', '1999-06-29', 'F', 'A', 179, 46, '2023-07-02 16:26:18'),
(948, '1277264015', 'Gavan', 'Estève', 'Deeble', '卓', '1995-03-01', 'M', 'A', 459, 19, '2023-07-02 16:26:18'),
(949, '1972435442', 'Dierdre', 'Anaël', 'Crosetti', '竺', '1995-12-31', 'F', 'A', 839, 13, '2023-07-02 16:26:18'),
(950, '7413666847', 'Lesley', 'Clémence', 'Ollcott', '曾', '2002-08-29', 'M', 'A', 138, 41, '2023-07-02 16:26:18'),
(951, '6130552807', 'Billie', 'Almérinda', 'Polleye', '文', '1997-03-18', 'M', 'A', 4, 15, '2023-07-02 16:26:18'),
(952, '8086757641', 'Glendon', 'Réservés', 'Bente', '戎', '1992-11-18', 'M', 'A', 786, 25, '2023-07-02 16:26:18'),
(953, '8614469721', 'Glen', 'Maëlla', 'Sellers', '支', '1997-05-13', 'M', 'A', 422, 43, '2023-07-02 16:26:18'),
(954, '0961411244', 'Gerda', 'Yénora', 'Pues', '陶', '2002-06-15', 'F', 'A', 901, 15, '2023-07-02 16:26:18'),
(955, '7078516494', 'Merry', 'Océane', 'Liddel', '徐', '2005-05-08', 'F', 'A', 51, 45, '2023-07-02 16:26:18'),
(956, '8186653651', 'Leoline', 'Ráo', 'Engall', '能', '1998-03-30', 'F', 'A', 855, 25, '2023-07-02 16:26:18'),
(957, '8025351025', 'Rhett', 'Nélie', 'Tantum', '吉', '1990-07-15', 'M', 'A', 557, 24, '2023-07-02 16:26:18'),
(958, '3104308721', 'Cordy', 'Méng', 'Lavrick', '邓', '2003-08-25', 'F', 'A', 895, 18, '2023-07-02 16:26:18'),
(959, '2151703843', 'Claudine', 'Börje', 'Wooles', '糜', '2001-11-26', 'F', 'A', 84, 13, '2023-07-02 16:26:18'),
(960, '6335880695', 'Tobin', 'Andréanne', 'Catley', '蒯', '1998-08-04', 'M', 'A', 797, 26, '2023-07-02 16:26:18'),
(961, '6003433299', 'Davidson', 'Pål', 'Gregory', '郑', '1997-12-27', 'M', 'A', 423, 47, '2023-07-02 16:26:18'),
(962, '6016138274', 'Ansel', 'Sélène', 'Whaley', '章', '2004-10-25', 'M', 'A', 954, 33, '2023-07-02 16:26:18'),
(963, '6110671649', 'Peggy', 'Mylène', 'Feathers', '邱', '1998-11-06', 'F', 'A', 497, 15, '2023-07-02 16:26:18'),
(964, '6553474044', 'Danit', 'Anaïs', 'Arthur', '郭', '2001-07-13', 'F', 'A', 430, 3, '2023-07-02 16:26:18'),
(965, '5012483596', 'Elwood', 'Maëlann', 'Morbey', '吕', '1998-12-17', 'M', 'A', 106, 28, '2023-07-02 16:26:18'),
(966, '9899287296', 'Merrilee', 'Aloïs', 'Bazoge', '堵', '2000-08-11', 'F', 'A', 375, 24, '2023-07-02 16:26:18'),
(967, '3648349015', 'Victoria', 'Renée', 'Kinnin', '赵', '1992-03-21', 'F', 'A', 196, 29, '2023-07-02 16:26:18'),
(968, '8874588755', 'Jon', 'Anaïs', 'Awin', '卢', '2001-09-19', 'M', 'A', 589, 28, '2023-07-02 16:26:18'),
(969, '3090241102', 'Harold', 'Crééz', 'Ellif', '竺', '1994-01-20', 'M', 'A', 228, 20, '2023-07-02 16:26:18'),
(970, '8123675739', 'Tawsha', 'Eugénie', 'Bande', '雍', '1999-02-15', 'F', 'A', 457, 26, '2023-07-02 16:26:18'),
(971, '0649095251', 'Duky', 'Lóng', 'Woodwind', '田', '2001-03-18', 'M', 'A', 672, 24, '2023-07-02 16:26:18'),
(972, '6641151891', 'Kathi', 'Maëlyss', 'Bein', '毋', '1998-07-05', 'F', 'A', 797, 26, '2023-07-02 16:26:18'),
(973, '3328373942', 'Maddie', 'Léana', 'Dacke', '李', '1992-06-28', 'F', 'A', 192, 7, '2023-07-02 16:26:18'),
(974, '0463919424', 'Ilise', 'Åslög', 'Cranefield', '侯', '1998-05-20', 'F', 'A', 416, 38, '2023-07-02 16:26:18'),
(975, '6072751377', 'Keven', 'Erwéi', 'Joyce', '双', '2000-03-04', 'M', 'A', 882, 30, '2023-07-02 16:26:18'),
(976, '2960425464', 'Morris', 'Mà', 'McCathy', '乌', '2000-11-26', 'M', 'A', 584, 44, '2023-07-02 16:26:18'),
(977, '9295948572', 'Jana', 'Publicité', 'Mullins', '蓬', '1995-11-01', 'F', 'A', 602, 31, '2023-07-02 16:26:18'),
(978, '8662329918', 'Norina', 'Maïlys', 'Kerswell', '范', '1998-09-22', 'F', 'A', 563, 1, '2023-07-02 16:26:18'),
(979, '7269488649', 'Halimeda', 'Maïlys', 'Rarity', '董', '1995-09-07', 'F', 'A', 383, 24, '2023-07-02 16:26:18'),
(980, '8700098329', 'Sidoney', 'Lyséa', 'Bramich', '暴', '1997-07-31', 'F', 'A', 705, 17, '2023-07-02 16:26:18'),
(981, '7301856083', 'Janaya', 'Nuó', 'Coghlin', '湛', '1992-02-04', 'F', 'A', 787, 5, '2023-07-02 16:26:18'),
(982, '7928224089', 'Rad', 'Bérangère', 'Meininger', '隗', '1996-06-04', 'M', 'A', 121, 29, '2023-07-02 16:26:18'),
(983, '7062341908', 'Celie', 'Wá', 'Sharville', '焦', '1994-10-29', 'F', 'A', 142, 26, '2023-07-02 16:26:18'),
(984, '8251716829', 'Huey', 'Tán', 'Saladine', '牛', '1992-07-09', 'M', 'A', 687, 24, '2023-07-02 16:26:18'),
(985, '0378379348', 'Erv', 'Mélissandre', 'Dresser', '阚', '2002-11-12', 'M', 'A', 719, 21, '2023-07-02 16:26:18'),
(986, '7370569152', 'Charmine', 'Loïs', 'McKelloch', '都', '1997-05-09', 'F', 'A', 301, 3, '2023-07-02 16:26:18'),
(987, '0018896103', 'Thadeus', 'Edmée', 'Warrack', '伍', '1991-05-09', 'M', 'A', 319, 17, '2023-07-02 16:26:18'),
(988, '8568722164', 'Roxie', 'Josée', 'Simonou', '明', '1999-02-16', 'F', 'A', 19, 12, '2023-07-02 16:26:18'),
(989, '3550991819', 'Bern', 'Océanne', 'Danielsky', '杨', '2000-07-29', 'M', 'A', 231, 18, '2023-07-02 16:26:18'),
(990, '1104658615', 'Cullie', 'Håkan', 'Cardinale', '贡', '1992-10-18', 'M', 'A', 568, 14, '2023-07-02 16:26:18'),
(991, '8128166662', 'Tera', 'Göran', 'Weakley', '陆', '2000-04-06', 'F', 'A', 914, 28, '2023-07-02 16:26:18'),
(992, '5450625804', 'Marillin', 'Dafnée', 'Leblanc', '栾', '1996-10-19', 'F', 'A', 884, 39, '2023-07-02 16:26:18'),
(993, '8933919740', 'Jere', 'Åsa', 'Caskie', '雷', '1997-11-18', 'F', 'A', 214, 42, '2023-07-02 16:26:18'),
(994, '9384460583', 'Aron', 'Naéva', 'Pawlyn', '慕', '1991-07-28', 'M', 'A', 793, 39, '2023-07-02 16:26:18'),
(995, '4922863680', 'Raynor', 'Kévina', 'Lyte', '吉', '2001-05-09', 'M', 'A', 909, 33, '2023-07-02 16:26:18'),
(996, '6645740344', 'Briggs', 'Anaëlle', 'Lodin', '燕', '2005-04-02', 'M', 'A', 88, 3, '2023-07-02 16:26:18'),
(997, '9361588222', 'Ferd', 'Léonie', 'Goodrich', '栾', '1998-11-21', 'M', 'A', 311, 5, '2023-07-02 16:26:18'),
(998, '8425702070', 'Red', 'Kù', 'Jaspar', '巫', '2001-03-24', 'M', 'A', 601, 43, '2023-07-02 16:26:18'),
(999, '9145545618', 'Gabriela', 'Erwéi', 'Obey', '邵', '1999-05-22', 'F', 'A', 229, 23, '2023-07-02 16:26:18'),
(1000, '8063021622', 'Torrey', 'Annotée', 'Plumley', '计', '1995-06-06', 'M', 'A', 898, 30, '2023-07-02 16:26:18');

-- --------------------------------------------------------

--
-- Estructura de tabla para la tabla `matricula`
--

CREATE TABLE `matricula` (
  `MTRC_ID` int(11) NOT NULL,
  `MTRC_PASE` char(2) NOT NULL CHECK (`MTRC_PASE` in ('A','R','EP')),
  `MTRC_ESTADO` char(1) NOT NULL CHECK (`MTRC_ESTADO` in ('A','I')),
  `EST_ID` int(11) NOT NULL,
  `PRLL_ID` int(11) NOT NULL,
  `USR_CREADOR_ID` int(11) NOT NULL,
  `FECHA_CREACION` datetime NOT NULL DEFAULT current_timestamp()
) ENGINE=InnoDB DEFAULT CHARSET=utf8mb4 COLLATE=utf8mb4_general_ci;

--
-- Volcado de datos para la tabla `matricula`
--

INSERT INTO `matricula` (`MTRC_ID`, `MTRC_PASE`, `MTRC_ESTADO`, `EST_ID`, `PRLL_ID`, `USR_CREADOR_ID`, `FECHA_CREACION`) VALUES
(1, 'EP', 'A', 587, 19, 45, '2023-07-02 16:48:12'),
(2, 'EP', 'A', 13, 13, 36, '2023-07-02 16:48:12'),
(3, 'EP', 'A', 962, 175, 47, '2023-07-02 16:48:12'),
(4, 'EP', 'A', 3, 8, 40, '2023-07-02 16:48:12'),
(5, 'EP', 'A', 537, 162, 39, '2023-07-02 16:48:12'),
(6, 'EP', 'A', 783, 114, 13, '2023-07-02 16:48:12'),
(7, 'EP', 'A', 522, 197, 30, '2023-07-02 16:48:12'),
(8, 'EP', 'A', 769, 84, 19, '2023-07-02 16:48:12'),
(9, 'EP', 'A', 683, 189, 33, '2023-07-02 16:48:12'),
(10, 'EP', 'A', 459, 117, 6, '2023-07-02 16:48:12'),
(11, 'EP', 'A', 981, 87, 38, '2023-07-02 16:48:12'),
(12, 'EP', 'A', 339, 109, 8, '2023-07-02 16:48:12'),
(13, 'EP', 'A', 473, 7, 9, '2023-07-02 16:48:12'),
(14, 'EP', 'A', 222, 178, 29, '2023-07-02 16:48:12'),
(15, 'EP', 'A', 476, 209, 23, '2023-07-02 16:48:12'),
(16, 'EP', 'A', 220, 152, 45, '2023-07-02 16:48:12'),
(17, 'EP', 'A', 360, 201, 29, '2023-07-02 16:48:12'),
(18, 'EP', 'A', 9, 81, 9, '2023-07-02 16:48:12'),
(19, 'EP', 'A', 62, 94, 13, '2023-07-02 16:48:12'),
(20, 'EP', 'A', 515, 29, 12, '2023-07-02 16:48:12'),
(21, 'EP', 'A', 192, 105, 22, '2023-07-02 16:48:12'),
(22, 'EP', 'A', 86, 174, 41, '2023-07-02 16:48:12'),
(23, 'EP', 'A', 293, 41, 1, '2023-07-02 16:48:12'),
(24, 'EP', 'A', 200, 214, 39, '2023-07-02 16:48:12'),
(25, 'EP', 'A', 931, 196, 30, '2023-07-02 16:48:12'),
(26, 'EP', 'A', 470, 17, 17, '2023-07-02 16:48:12'),
(27, 'EP', 'A', 452, 157, 28, '2023-07-02 16:48:12'),
(28, 'EP', 'A', 102, 28, 43, '2023-07-02 16:48:12'),
(29, 'EP', 'A', 405, 15, 15, '2023-07-02 16:48:12'),
(30, 'EP', 'A', 446, 109, 1, '2023-07-02 16:48:12'),
(31, 'EP', 'A', 106, 72, 23, '2023-07-02 16:48:12'),
(32, 'EP', 'A', 882, 152, 43, '2023-07-02 16:48:12'),
(33, 'EP', 'A', 17, 169, 37, '2023-07-02 16:48:12'),
(34, 'EP', 'A', 260, 225, 6, '2023-07-02 16:48:12'),
(35, 'EP', 'A', 41, 150, 46, '2023-07-02 16:48:12'),
(36, 'EP', 'A', 205, 180, 12, '2023-07-02 16:48:12'),
(37, 'EP', 'A', 731, 219, 16, '2023-07-02 16:48:12'),
(38, 'EP', 'A', 33, 187, 43, '2023-07-02 16:48:12'),
(39, 'EP', 'A', 465, 15, 22, '2023-07-02 16:48:12'),
(40, 'EP', 'A', 907, 134, 25, '2023-07-02 16:48:12'),
(41, 'EP', 'A', 791, 186, 12, '2023-07-02 16:48:12'),
(42, 'EP', 'A', 642, 11, 45, '2023-07-02 16:48:12'),
(43, 'EP', 'A', 213, 232, 14, '2023-07-02 16:48:12'),
(44, 'EP', 'A', 195, 19, 18, '2023-07-02 16:48:12'),
(45, 'EP', 'A', 72, 17, 27, '2023-07-02 16:48:12'),
(46, 'EP', 'A', 366, 27, 37, '2023-07-02 16:48:12'),
(47, 'EP', 'A', 362, 103, 11, '2023-07-02 16:48:12'),
(48, 'EP', 'A', 800, 183, 16, '2023-07-02 16:48:12'),
(49, 'EP', 'A', 193, 233, 6, '2023-07-02 16:48:12'),
(50, 'EP', 'A', 27, 65, 23, '2023-07-02 16:48:12'),
(51, 'EP', 'A', 476, 212, 46, '2023-07-02 16:48:12'),
(52, 'EP', 'A', 290, 74, 41, '2023-07-02 16:48:12'),
(53, 'EP', 'A', 4, 31, 8, '2023-07-02 16:48:12'),
(54, 'EP', 'A', 456, 196, 47, '2023-07-02 16:48:12'),
(55, 'EP', 'A', 220, 218, 43, '2023-07-02 16:48:12'),
(56, 'EP', 'A', 468, 95, 13, '2023-07-02 16:48:12'),
(57, 'EP', 'A', 393, 78, 5, '2023-07-02 16:48:12'),
(58, 'EP', 'A', 818, 124, 22, '2023-07-02 16:48:12'),
(59, 'EP', 'A', 243, 72, 9, '2023-07-02 16:48:12'),
(60, 'EP', 'A', 921, 168, 29, '2023-07-02 16:48:12'),
(61, 'EP', 'A', 556, 17, 3, '2023-07-02 16:48:12'),
(62, 'EP', 'A', 349, 191, 24, '2023-07-02 16:48:12'),
(63, 'EP', 'A', 467, 148, 24, '2023-07-02 16:48:12'),
(64, 'EP', 'A', 541, 28, 4, '2023-07-02 16:48:12'),
(65, 'EP', 'A', 806, 179, 27, '2023-07-02 16:48:12'),
(66, 'EP', 'A', 463, 160, 47, '2023-07-02 16:48:12'),
(67, 'EP', 'A', 572, 171, 29, '2023-07-02 16:48:12'),
(68, 'EP', 'A', 166, 150, 40, '2023-07-02 16:48:12'),
(69, 'EP', 'A', 624, 154, 27, '2023-07-02 16:48:12'),
(70, 'EP', 'A', 672, 149, 25, '2023-07-02 16:48:12'),
(71, 'EP', 'A', 47, 66, 2, '2023-07-02 16:48:12'),
(72, 'EP', 'A', 830, 198, 26, '2023-07-02 16:48:12'),
(73, 'EP', 'A', 914, 179, 48, '2023-07-02 16:48:12'),
(74, 'EP', 'A', 554, 28, 13, '2023-07-02 16:48:12'),
(75, 'EP', 'A', 12, 168, 38, '2023-07-02 16:48:12'),
(76, 'EP', 'A', 733, 179, 27, '2023-07-02 16:48:12'),
(77, 'EP', 'A', 893, 190, 31, '2023-07-02 16:48:12'),
(78, 'EP', 'A', 152, 131, 36, '2023-07-02 16:48:12'),
(79, 'EP', 'A', 897, 55, 15, '2023-07-02 16:48:12'),
(80, 'EP', 'A', 668, 212, 24, '2023-07-02 16:48:12'),
(81, 'EP', 'A', 236, 56, 17, '2023-07-02 16:48:12'),
(82, 'EP', 'A', 508, 143, 12, '2023-07-02 16:48:12'),
(83, 'EP', 'A', 426, 177, 42, '2023-07-02 16:48:12'),
(84, 'EP', 'A', 157, 169, 26, '2023-07-02 16:48:12'),
(85, 'EP', 'A', 652, 222, 36, '2023-07-02 16:48:12'),
(86, 'EP', 'A', 440, 9, 47, '2023-07-02 16:48:12'),
(87, 'EP', 'A', 124, 19, 44, '2023-07-02 16:48:12'),
(88, 'EP', 'A', 25, 19, 20, '2023-07-02 16:48:12'),
(89, 'EP', 'A', 668, 80, 14, '2023-07-02 16:48:12'),
(90, 'EP', 'A', 767, 192, 40, '2023-07-02 16:48:12'),
(91, 'EP', 'A', 436, 170, 38, '2023-07-02 16:48:12'),
(92, 'EP', 'A', 321, 71, 15, '2023-07-02 16:48:12'),
(93, 'EP', 'A', 333, 184, 48, '2023-07-02 16:48:12'),
(94, 'EP', 'A', 766, 13, 30, '2023-07-02 16:48:12'),
(95, 'EP', 'A', 561, 58, 16, '2023-07-02 16:48:12'),
(96, 'EP', 'A', 439, 216, 22, '2023-07-02 16:48:12'),
(97, 'EP', 'A', 421, 200, 41, '2023-07-02 16:48:12'),
(98, 'EP', 'A', 926, 206, 37, '2023-07-02 16:48:12'),
(99, 'EP', 'A', 240, 204, 39, '2023-07-02 16:48:12'),
(100, 'EP', 'A', 221, 71, 4, '2023-07-02 16:48:12'),
(101, 'EP', 'A', 631, 157, 20, '2023-07-02 16:48:12'),
(102, 'EP', 'A', 863, 171, 9, '2023-07-02 16:48:12'),
(103, 'EP', 'A', 174, 80, 40, '2023-07-02 16:48:12'),
(104, 'EP', 'A', 131, 202, 8, '2023-07-02 16:48:12'),
(105, 'EP', 'A', 951, 118, 15, '2023-07-02 16:48:12'),
(106, 'EP', 'A', 298, 168, 30, '2023-07-02 16:48:12'),
(107, 'EP', 'A', 824, 226, 39, '2023-07-02 16:48:13'),
(108, 'EP', 'A', 172, 135, 12, '2023-07-02 16:48:13'),
(109, 'EP', 'A', 742, 145, 26, '2023-07-02 16:48:13'),
(110, 'EP', 'A', 21, 115, 47, '2023-07-02 16:48:13'),
(111, 'EP', 'A', 711, 209, 45, '2023-07-02 16:48:13'),
(112, 'EP', 'A', 891, 138, 27, '2023-07-02 16:48:13'),
(113, 'EP', 'A', 44, 80, 18, '2023-07-02 16:48:13'),
(114, 'EP', 'A', 284, 31, 10, '2023-07-02 16:48:13'),
(115, 'EP', 'A', 862, 69, 46, '2023-07-02 16:48:13'),
(116, 'EP', 'A', 162, 58, 18, '2023-07-02 16:48:13'),
(117, 'EP', 'A', 392, 103, 15, '2023-07-02 16:48:13'),
(118, 'EP', 'A', 807, 23, 33, '2023-07-02 16:48:13'),
(119, 'EP', 'A', 340, 156, 40, '2023-07-02 16:48:13'),
(120, 'EP', 'A', 504, 207, 36, '2023-07-02 16:48:13'),
(121, 'EP', 'A', 633, 87, 2, '2023-07-02 16:48:13'),
(122, 'EP', 'A', 470, 85, 22, '2023-07-02 16:48:13'),
(123, 'EP', 'A', 688, 34, 21, '2023-07-02 16:48:13'),
(124, 'EP', 'A', 460, 24, 9, '2023-07-02 16:48:13'),
(125, 'EP', 'A', 569, 10, 10, '2023-07-02 16:48:13'),
(126, 'EP', 'A', 192, 112, 24, '2023-07-02 16:48:13'),
(127, 'EP', 'A', 766, 45, 40, '2023-07-02 16:48:13'),
(128, 'EP', 'A', 807, 2, 18, '2023-07-02 16:48:13'),
(129, 'EP', 'A', 16, 211, 17, '2023-07-02 16:48:13'),
(130, 'EP', 'A', 781, 121, 8, '2023-07-02 16:48:13'),
(131, 'EP', 'A', 509, 86, 27, '2023-07-02 16:48:13'),
(132, 'EP', 'A', 88, 220, 24, '2023-07-02 16:48:13'),
(133, 'EP', 'A', 631, 136, 20, '2023-07-02 16:48:13'),
(134, 'EP', 'A', 499, 30, 36, '2023-07-02 16:48:13'),
(135, 'EP', 'A', 990, 111, 30, '2023-07-02 16:48:13'),
(136, 'EP', 'A', 748, 128, 38, '2023-07-02 16:48:13'),
(137, 'EP', 'A', 458, 64, 44, '2023-07-02 16:48:13'),
(138, 'EP', 'A', 520, 194, 6, '2023-07-02 16:48:13'),
(139, 'EP', 'A', 976, 141, 40, '2023-07-02 16:48:13'),
(140, 'EP', 'A', 875, 16, 37, '2023-07-02 16:48:13'),
(141, 'EP', 'A', 421, 44, 30, '2023-07-02 16:48:13'),
(142, 'EP', 'A', 386, 101, 33, '2023-07-02 16:48:13'),
(143, 'EP', 'A', 980, 180, 7, '2023-07-02 16:48:13'),
(144, 'EP', 'A', 845, 25, 30, '2023-07-02 16:48:13'),
(145, 'EP', 'A', 167, 178, 40, '2023-07-02 16:48:13'),
(146, 'EP', 'A', 505, 43, 13, '2023-07-02 16:48:13'),
(147, 'EP', 'A', 531, 84, 21, '2023-07-02 16:48:13'),
(148, 'EP', 'A', 996, 85, 28, '2023-07-02 16:48:13'),
(149, 'EP', 'A', 318, 91, 27, '2023-07-02 16:48:13'),
(150, 'EP', 'A', 740, 163, 17, '2023-07-02 16:48:13'),
(151, 'EP', 'A', 633, 60, 37, '2023-07-02 16:48:13'),
(152, 'EP', 'A', 401, 172, 5, '2023-07-02 16:48:13'),
(153, 'EP', 'A', 106, 65, 7, '2023-07-02 16:48:13'),
(154, 'EP', 'A', 216, 81, 37, '2023-07-02 16:48:13'),
(155, 'EP', 'A', 760, 49, 23, '2023-07-02 16:48:13'),
(156, 'EP', 'A', 296, 123, 24, '2023-07-02 16:48:13'),
(157, 'EP', 'A', 553, 211, 36, '2023-07-02 16:48:13'),
(158, 'EP', 'A', 248, 101, 32, '2023-07-02 16:48:13'),
(159, 'EP', 'A', 721, 209, 32, '2023-07-02 16:48:13'),
(160, 'EP', 'A', 712, 151, 11, '2023-07-02 16:48:13'),
(161, 'EP', 'A', 654, 192, 16, '2023-07-02 16:48:13'),
(162, 'EP', 'A', 107, 18, 40, '2023-07-02 16:48:13'),
(163, 'EP', 'A', 81, 186, 25, '2023-07-02 16:48:13'),
(164, 'EP', 'A', 485, 10, 35, '2023-07-02 16:48:13'),
(165, 'EP', 'A', 616, 49, 8, '2023-07-02 16:48:13'),
(166, 'EP', 'A', 472, 215, 37, '2023-07-02 16:48:13'),
(167, 'EP', 'A', 784, 56, 8, '2023-07-02 16:48:13'),
(168, 'EP', 'A', 695, 233, 25, '2023-07-02 16:48:13'),
(169, 'EP', 'A', 689, 75, 23, '2023-07-02 16:48:13'),
(170, 'EP', 'A', 493, 145, 17, '2023-07-02 16:48:13'),
(171, 'EP', 'A', 201, 179, 21, '2023-07-02 16:48:13'),
(172, 'EP', 'A', 631, 90, 33, '2023-07-02 16:48:13'),
(173, 'EP', 'A', 346, 172, 33, '2023-07-02 16:48:13'),
(174, 'EP', 'A', 297, 192, 41, '2023-07-02 16:48:13'),
(175, 'EP', 'A', 885, 46, 14, '2023-07-02 16:48:13'),
(176, 'EP', 'A', 767, 95, 48, '2023-07-02 16:48:13'),
(177, 'EP', 'A', 914, 147, 30, '2023-07-02 16:48:13'),
(178, 'EP', 'A', 509, 184, 20, '2023-07-02 16:48:13'),
(179, 'EP', 'A', 453, 14, 6, '2023-07-02 16:48:13'),
(180, 'EP', 'A', 381, 51, 18, '2023-07-02 16:48:13'),
(181, 'EP', 'A', 536, 228, 46, '2023-07-02 16:48:13'),
(182, 'EP', 'A', 201, 41, 15, '2023-07-02 16:48:13'),
(183, 'EP', 'A', 590, 151, 11, '2023-07-02 16:48:13'),
(184, 'EP', 'A', 178, 35, 45, '2023-07-02 16:48:13'),
(185, 'EP', 'A', 355, 111, 33, '2023-07-02 16:48:13'),
(186, 'EP', 'A', 446, 231, 17, '2023-07-02 16:48:13'),
(187, 'EP', 'A', 164, 190, 27, '2023-07-02 16:48:13'),
(188, 'EP', 'A', 542, 53, 47, '2023-07-02 16:48:13'),
(189, 'EP', 'A', 611, 24, 48, '2023-07-02 16:48:13'),
(190, 'EP', 'A', 563, 20, 28, '2023-07-02 16:48:13'),
(191, 'EP', 'A', 638, 213, 44, '2023-07-02 16:48:13'),
(192, 'EP', 'A', 998, 152, 39, '2023-07-02 16:48:13'),
(193, 'EP', 'A', 728, 144, 7, '2023-07-02 16:48:13'),
(194, 'EP', 'A', 952, 32, 34, '2023-07-02 16:48:13'),
(195, 'EP', 'A', 126, 232, 6, '2023-07-02 16:48:13'),
(196, 'EP', 'A', 699, 54, 7, '2023-07-02 16:48:13'),
(197, 'EP', 'A', 517, 15, 16, '2023-07-02 16:48:13'),
(198, 'EP', 'A', 753, 54, 46, '2023-07-02 16:48:13'),
(199, 'EP', 'A', 992, 175, 42, '2023-07-02 16:48:13'),
(200, 'EP', 'A', 861, 218, 43, '2023-07-02 16:48:13'),
(201, 'EP', 'A', 249, 216, 41, '2023-07-02 16:48:13'),
(202, 'EP', 'A', 70, 122, 48, '2023-07-02 16:48:13'),
(203, 'EP', 'A', 442, 170, 6, '2023-07-02 16:48:13'),
(204, 'EP', 'A', 527, 127, 22, '2023-07-02 16:48:13'),
(205, 'EP', 'A', 353, 57, 18, '2023-07-02 16:48:13'),
(206, 'EP', 'A', 493, 74, 18, '2023-07-02 16:48:13'),
(207, 'EP', 'A', 398, 170, 6, '2023-07-02 16:48:13'),
(208, 'EP', 'A', 562, 223, 1, '2023-07-02 16:48:13'),
(209, 'EP', 'A', 616, 43, 35, '2023-07-02 16:48:13'),
(210, 'EP', 'A', 609, 99, 27, '2023-07-02 16:48:13'),
(211, 'EP', 'A', 747, 131, 24, '2023-07-02 16:48:13'),
(212, 'EP', 'A', 830, 186, 8, '2023-07-02 16:48:13'),
(213, 'EP', 'A', 146, 165, 16, '2023-07-02 16:48:13'),
(214, 'EP', 'A', 454, 24, 23, '2023-07-02 16:48:13'),
(215, 'EP', 'A', 474, 136, 36, '2023-07-02 16:48:13'),
(216, 'EP', 'A', 631, 114, 33, '2023-07-02 16:48:13'),
(217, 'EP', 'A', 607, 87, 12, '2023-07-02 16:48:13'),
(218, 'EP', 'A', 845, 40, 14, '2023-07-02 16:48:13'),
(219, 'EP', 'A', 772, 168, 25, '2023-07-02 16:48:13'),
(220, 'EP', 'A', 762, 205, 43, '2023-07-02 16:48:13'),
(221, 'EP', 'A', 91, 96, 15, '2023-07-02 16:48:13'),
(222, 'EP', 'A', 973, 38, 42, '2023-07-02 16:48:13'),
(223, 'EP', 'A', 923, 189, 23, '2023-07-02 16:48:13'),
(224, 'EP', 'A', 869, 185, 5, '2023-07-02 16:48:13'),
(225, 'EP', 'A', 563, 152, 37, '2023-07-02 16:48:13'),
(226, 'EP', 'A', 56, 57, 11, '2023-07-02 16:48:13'),
(227, 'EP', 'A', 874, 159, 36, '2023-07-02 16:48:13'),
(228, 'EP', 'A', 644, 26, 45, '2023-07-02 16:48:13'),
(229, 'EP', 'A', 494, 8, 45, '2023-07-02 16:48:13'),
(230, 'EP', 'A', 506, 30, 27, '2023-07-02 16:48:13'),
(231, 'EP', 'A', 614, 116, 22, '2023-07-02 16:48:13'),
(232, 'EP', 'A', 49, 127, 15, '2023-07-02 16:48:13'),
(233, 'EP', 'A', 57, 126, 24, '2023-07-02 16:48:13'),
(234, 'EP', 'A', 692, 77, 38, '2023-07-02 16:48:13'),
(235, 'EP', 'A', 93, 122, 29, '2023-07-02 16:48:13'),
(236, 'EP', 'A', 74, 149, 48, '2023-07-02 16:48:13'),
(237, 'EP', 'A', 721, 168, 26, '2023-07-02 16:48:13'),
(238, 'EP', 'A', 229, 99, 26, '2023-07-02 16:48:13'),
(239, 'EP', 'A', 670, 181, 36, '2023-07-02 16:48:13'),
(240, 'EP', 'A', 787, 37, 16, '2023-07-02 16:48:13'),
(241, 'EP', 'A', 662, 179, 1, '2023-07-02 16:48:13'),
(242, 'EP', 'A', 386, 21, 35, '2023-07-02 16:48:13'),
(243, 'EP', 'A', 998, 116, 21, '2023-07-02 16:48:13'),
(244, 'EP', 'A', 50, 148, 33, '2023-07-02 16:48:13'),
(245, 'EP', 'A', 389, 74, 13, '2023-07-02 16:48:13'),
(246, 'EP', 'A', 176, 187, 25, '2023-07-02 16:48:13'),
(247, 'EP', 'A', 696, 70, 19, '2023-07-02 16:48:13'),
(248, 'EP', 'A', 52, 106, 41, '2023-07-02 16:48:13'),
(249, 'EP', 'A', 266, 60, 13, '2023-07-02 16:48:13'),
(250, 'EP', 'A', 565, 69, 2, '2023-07-02 16:48:13'),
(251, 'EP', 'A', 220, 216, 42, '2023-07-02 16:48:13'),
(252, 'EP', 'A', 85, 143, 28, '2023-07-02 16:48:13'),
(253, 'EP', 'A', 145, 216, 17, '2023-07-02 16:48:13'),
(254, 'EP', 'A', 453, 179, 42, '2023-07-02 16:48:13'),
(255, 'EP', 'A', 892, 17, 8, '2023-07-02 16:48:13'),
(256, 'EP', 'A', 493, 154, 37, '2023-07-02 16:48:13'),
(257, 'EP', 'A', 765, 116, 38, '2023-07-02 16:48:13'),
(258, 'EP', 'A', 69, 230, 19, '2023-07-02 16:48:13'),
(259, 'EP', 'A', 260, 56, 15, '2023-07-02 16:48:13'),
(260, 'EP', 'A', 664, 8, 26, '2023-07-02 16:48:13'),
(261, 'EP', 'A', 186, 207, 19, '2023-07-02 16:48:13'),
(262, 'EP', 'A', 468, 49, 1, '2023-07-02 16:48:13'),
(263, 'EP', 'A', 863, 102, 39, '2023-07-02 16:48:13'),
(264, 'EP', 'A', 369, 133, 20, '2023-07-02 16:48:13'),
(265, 'EP', 'A', 727, 102, 15, '2023-07-02 16:48:13'),
(266, 'EP', 'A', 529, 191, 43, '2023-07-02 16:48:13'),
(267, 'EP', 'A', 301, 115, 11, '2023-07-02 16:48:13'),
(268, 'EP', 'A', 803, 104, 3, '2023-07-02 16:48:13'),
(269, 'EP', 'A', 76, 180, 5, '2023-07-02 16:48:13'),
(270, 'EP', 'A', 326, 187, 39, '2023-07-02 16:48:13'),
(271, 'EP', 'A', 115, 181, 8, '2023-07-02 16:48:13'),
(272, 'EP', 'A', 862, 89, 38, '2023-07-02 16:48:13'),
(273, 'EP', 'A', 19, 69, 28, '2023-07-02 16:48:13'),
(274, 'EP', 'A', 237, 230, 7, '2023-07-02 16:48:13'),
(275, 'EP', 'A', 628, 55, 26, '2023-07-02 16:48:13'),
(276, 'EP', 'A', 929, 203, 25, '2023-07-02 16:48:13'),
(277, 'EP', 'A', 347, 181, 3, '2023-07-02 16:48:13'),
(278, 'EP', 'A', 247, 62, 11, '2023-07-02 16:48:13'),
(279, 'EP', 'A', 608, 91, 12, '2023-07-02 16:48:13'),
(280, 'EP', 'A', 698, 169, 47, '2023-07-02 16:48:13'),
(281, 'EP', 'A', 228, 121, 17, '2023-07-02 16:48:13'),
(282, 'EP', 'A', 295, 20, 37, '2023-07-02 16:48:13'),
(283, 'EP', 'A', 564, 156, 8, '2023-07-02 16:48:13'),
(284, 'EP', 'A', 744, 200, 40, '2023-07-02 16:48:13'),
(285, 'EP', 'A', 975, 44, 15, '2023-07-02 16:48:13'),
(286, 'EP', 'A', 758, 227, 40, '2023-07-02 16:48:13'),
(287, 'EP', 'A', 833, 198, 17, '2023-07-02 16:48:13'),
(288, 'EP', 'A', 524, 225, 18, '2023-07-02 16:48:13'),
(289, 'EP', 'A', 919, 158, 22, '2023-07-02 16:48:13'),
(290, 'EP', 'A', 889, 136, 13, '2023-07-02 16:48:13'),
(291, 'EP', 'A', 459, 98, 19, '2023-07-02 16:48:13'),
(292, 'EP', 'A', 37, 206, 23, '2023-07-02 16:48:13'),
(293, 'EP', 'A', 127, 217, 30, '2023-07-02 16:48:13'),
(294, 'EP', 'A', 987, 211, 36, '2023-07-02 16:48:13'),
(295, 'EP', 'A', 271, 169, 15, '2023-07-02 16:48:13'),
(296, 'EP', 'A', 341, 168, 42, '2023-07-02 16:48:13'),
(297, 'EP', 'A', 924, 17, 4, '2023-07-02 16:48:13'),
(298, 'EP', 'A', 532, 146, 9, '2023-07-02 16:48:13'),
(299, 'EP', 'A', 560, 189, 13, '2023-07-02 16:48:13'),
(300, 'EP', 'A', 663, 111, 9, '2023-07-02 16:48:13'),
(301, 'EP', 'A', 606, 27, 36, '2023-07-02 16:48:13'),
(302, 'EP', 'A', 27, 215, 40, '2023-07-02 16:48:13'),
(303, 'EP', 'A', 39, 58, 27, '2023-07-02 16:48:13'),
(304, 'EP', 'A', 782, 174, 25, '2023-07-02 16:48:13'),
(305, 'EP', 'A', 991, 166, 8, '2023-07-02 16:48:13'),
(306, 'EP', 'A', 374, 3, 9, '2023-07-02 16:48:13'),
(307, 'EP', 'A', 306, 120, 47, '2023-07-02 16:48:13'),
(308, 'EP', 'A', 209, 35, 8, '2023-07-02 16:48:13'),
(309, 'EP', 'A', 628, 191, 11, '2023-07-02 16:48:13'),
(310, 'EP', 'A', 543, 125, 15, '2023-07-02 16:48:13'),
(311, 'EP', 'A', 474, 135, 22, '2023-07-02 16:48:13'),
(312, 'EP', 'A', 67, 113, 3, '2023-07-02 16:48:13'),
(313, 'EP', 'A', 777, 91, 28, '2023-07-02 16:48:13'),
(314, 'EP', 'A', 566, 82, 6, '2023-07-02 16:48:13'),
(315, 'EP', 'A', 220, 12, 12, '2023-07-02 16:48:13'),
(316, 'EP', 'A', 157, 45, 45, '2023-07-02 16:48:13'),
(317, 'EP', 'A', 758, 81, 28, '2023-07-02 16:48:13'),
(318, 'EP', 'A', 511, 230, 36, '2023-07-02 16:48:13'),
(319, 'EP', 'A', 332, 68, 1, '2023-07-02 16:48:13'),
(320, 'EP', 'A', 267, 105, 37, '2023-07-02 16:48:13'),
(321, 'EP', 'A', 154, 95, 44, '2023-07-02 16:48:13'),
(322, 'EP', 'A', 552, 210, 36, '2023-07-02 16:48:13'),
(323, 'EP', 'A', 120, 38, 45, '2023-07-02 16:48:13'),
(324, 'EP', 'A', 168, 168, 12, '2023-07-02 16:48:13'),
(325, 'EP', 'A', 508, 122, 40, '2023-07-02 16:48:13'),
(326, 'EP', 'A', 790, 84, 44, '2023-07-02 16:48:13'),
(327, 'EP', 'A', 718, 4, 20, '2023-07-02 16:48:13'),
(328, 'EP', 'A', 230, 79, 25, '2023-07-02 16:48:13'),
(329, 'EP', 'A', 841, 227, 16, '2023-07-02 16:48:13'),
(330, 'EP', 'A', 279, 79, 44, '2023-07-02 16:48:13'),
(331, 'EP', 'A', 208, 229, 5, '2023-07-02 16:48:13'),
(332, 'EP', 'A', 705, 207, 13, '2023-07-02 16:48:13'),
(333, 'EP', 'A', 368, 182, 34, '2023-07-02 16:48:13'),
(334, 'EP', 'A', 892, 204, 48, '2023-07-02 16:48:13'),
(335, 'EP', 'A', 523, 148, 36, '2023-07-02 16:48:13'),
(336, 'EP', 'A', 754, 93, 36, '2023-07-02 16:48:13'),
(337, 'EP', 'A', 888, 200, 11, '2023-07-02 16:48:13'),
(338, 'EP', 'A', 606, 144, 34, '2023-07-02 16:48:13'),
(339, 'EP', 'A', 996, 184, 31, '2023-07-02 16:48:13'),
(340, 'EP', 'A', 918, 63, 41, '2023-07-02 16:48:13'),
(341, 'EP', 'A', 826, 206, 14, '2023-07-02 16:48:13'),
(342, 'EP', 'A', 284, 126, 45, '2023-07-02 16:48:13'),
(343, 'EP', 'A', 785, 51, 19, '2023-07-02 16:48:13'),
(344, 'EP', 'A', 408, 201, 3, '2023-07-02 16:48:13'),
(345, 'EP', 'A', 24, 190, 4, '2023-07-02 16:48:13'),
(346, 'EP', 'A', 578, 223, 44, '2023-07-02 16:48:13'),
(347, 'EP', 'A', 889, 71, 1, '2023-07-02 16:48:13'),
(348, 'EP', 'A', 723, 77, 37, '2023-07-02 16:48:13'),
(349, 'EP', 'A', 627, 228, 48, '2023-07-02 16:48:13'),
(350, 'EP', 'A', 18, 84, 17, '2023-07-02 16:48:13'),
(351, 'EP', 'A', 653, 171, 7, '2023-07-02 16:48:13'),
(352, 'EP', 'A', 610, 24, 30, '2023-07-02 16:48:13'),
(353, 'EP', 'A', 822, 4, 2, '2023-07-02 16:48:13'),
(354, 'EP', 'A', 784, 234, 42, '2023-07-02 16:48:13'),
(355, 'EP', 'A', 49, 32, 27, '2023-07-02 16:48:13'),
(356, 'EP', 'A', 827, 4, 1, '2023-07-02 16:48:13'),
(357, 'EP', 'A', 647, 158, 16, '2023-07-02 16:48:13'),
(358, 'EP', 'A', 293, 38, 38, '2023-07-02 16:48:13'),
(359, 'EP', 'A', 661, 170, 1, '2023-07-02 16:48:13'),
(360, 'EP', 'A', 164, 73, 10, '2023-07-02 16:48:13'),
(361, 'EP', 'A', 966, 8, 2, '2023-07-02 16:48:13'),
(362, 'EP', 'A', 392, 138, 27, '2023-07-02 16:48:13'),
(363, 'EP', 'A', 820, 196, 43, '2023-07-02 16:48:13'),
(364, 'EP', 'A', 884, 36, 17, '2023-07-02 16:48:13'),
(365, 'EP', 'A', 690, 203, 5, '2023-07-02 16:48:13'),
(366, 'EP', 'A', 868, 120, 8, '2023-07-02 16:48:13'),
(367, 'EP', 'A', 462, 4, 28, '2023-07-02 16:48:13'),
(368, 'EP', 'A', 646, 143, 26, '2023-07-02 16:48:13'),
(369, 'EP', 'A', 416, 159, 5, '2023-07-02 16:48:13'),
(370, 'EP', 'A', 405, 5, 17, '2023-07-02 16:48:13'),
(371, 'EP', 'A', 335, 74, 48, '2023-07-02 16:48:13'),
(372, 'EP', 'A', 753, 232, 13, '2023-07-02 16:48:13'),
(373, 'EP', 'A', 7, 135, 27, '2023-07-02 16:48:13'),
(374, 'EP', 'A', 640, 71, 16, '2023-07-02 16:48:13'),
(375, 'EP', 'A', 808, 143, 24, '2023-07-02 16:48:13'),
(376, 'EP', 'A', 905, 43, 2, '2023-07-02 16:48:13'),
(377, 'EP', 'A', 614, 3, 33, '2023-07-02 16:48:13'),
(378, 'EP', 'A', 451, 86, 19, '2023-07-02 16:48:13'),
(379, 'EP', 'A', 244, 7, 33, '2023-07-02 16:48:13'),
(380, 'EP', 'A', 263, 12, 19, '2023-07-02 16:48:13'),
(381, 'EP', 'A', 233, 57, 46, '2023-07-02 16:48:13'),
(382, 'EP', 'A', 321, 151, 8, '2023-07-02 16:48:13'),
(383, 'EP', 'A', 483, 80, 18, '2023-07-02 16:48:13'),
(384, 'EP', 'A', 287, 46, 17, '2023-07-02 16:48:13'),
(385, 'EP', 'A', 209, 169, 9, '2023-07-02 16:48:13'),
(386, 'EP', 'A', 369, 70, 7, '2023-07-02 16:48:13'),
(387, 'EP', 'A', 579, 45, 24, '2023-07-02 16:48:13'),
(388, 'EP', 'A', 213, 218, 28, '2023-07-02 16:48:13'),
(389, 'EP', 'A', 253, 148, 32, '2023-07-02 16:48:13'),
(390, 'EP', 'A', 601, 179, 33, '2023-07-02 16:48:13'),
(391, 'EP', 'A', 243, 130, 25, '2023-07-02 16:48:13'),
(392, 'EP', 'A', 897, 224, 23, '2023-07-02 16:48:13'),
(393, 'EP', 'A', 123, 160, 9, '2023-07-02 16:48:13'),
(394, 'EP', 'A', 718, 64, 13, '2023-07-02 16:48:13'),
(395, 'EP', 'A', 694, 192, 7, '2023-07-02 16:48:13'),
(396, 'EP', 'A', 85, 216, 43, '2023-07-02 16:48:13'),
(397, 'EP', 'A', 378, 108, 32, '2023-07-02 16:48:13'),
(398, 'EP', 'A', 85, 57, 6, '2023-07-02 16:48:13'),
(399, 'EP', 'A', 812, 13, 33, '2023-07-02 16:48:13'),
(400, 'EP', 'A', 379, 88, 3, '2023-07-02 16:48:13'),
(401, 'EP', 'A', 705, 40, 46, '2023-07-02 16:48:13'),
(402, 'EP', 'A', 869, 20, 37, '2023-07-02 16:48:13'),
(403, 'EP', 'A', 318, 145, 32, '2023-07-02 16:48:13'),
(404, 'EP', 'A', 708, 14, 37, '2023-07-02 16:48:13'),
(405, 'EP', 'A', 609, 202, 34, '2023-07-02 16:48:13'),
(406, 'EP', 'A', 718, 64, 7, '2023-07-02 16:48:13'),
(407, 'EP', 'A', 668, 167, 34, '2023-07-02 16:48:13'),
(408, 'EP', 'A', 340, 10, 35, '2023-07-02 16:48:13'),
(409, 'EP', 'A', 720, 218, 42, '2023-07-02 16:48:13'),
(410, 'EP', 'A', 27, 163, 34, '2023-07-02 16:48:13'),
(411, 'EP', 'A', 855, 202, 40, '2023-07-02 16:48:13'),
(412, 'EP', 'A', 157, 202, 34, '2023-07-02 16:48:13'),
(413, 'EP', 'A', 822, 21, 4, '2023-07-02 16:48:13'),
(414, 'EP', 'A', 376, 79, 20, '2023-07-02 16:48:13'),
(415, 'EP', 'A', 305, 7, 14, '2023-07-02 16:48:13'),
(416, 'EP', 'A', 347, 124, 11, '2023-07-02 16:48:13'),
(417, 'EP', 'A', 283, 9, 44, '2023-07-02 16:48:13'),
(418, 'EP', 'A', 374, 227, 31, '2023-07-02 16:48:13'),
(419, 'EP', 'A', 763, 100, 10, '2023-07-02 16:48:13'),
(420, 'EP', 'A', 876, 122, 41, '2023-07-02 16:48:13'),
(421, 'EP', 'A', 211, 63, 30, '2023-07-02 16:48:13'),
(422, 'EP', 'A', 985, 96, 15, '2023-07-02 16:48:13'),
(423, 'EP', 'A', 488, 33, 13, '2023-07-02 16:48:13'),
(424, 'EP', 'A', 923, 229, 12, '2023-07-02 16:48:13'),
(425, 'EP', 'A', 58, 63, 45, '2023-07-02 16:48:13'),
(426, 'EP', 'A', 612, 26, 11, '2023-07-02 16:48:13'),
(427, 'EP', 'A', 9, 120, 17, '2023-07-02 16:48:13'),
(428, 'EP', 'A', 687, 112, 23, '2023-07-02 16:48:13'),
(429, 'EP', 'A', 276, 232, 38, '2023-07-02 16:48:13'),
(430, 'EP', 'A', 307, 103, 37, '2023-07-02 16:48:13'),
(431, 'EP', 'A', 32, 96, 25, '2023-07-02 16:48:13'),
(432, 'EP', 'A', 970, 133, 14, '2023-07-02 16:48:13'),
(433, 'EP', 'A', 1000, 18, 47, '2023-07-02 16:48:13'),
(434, 'EP', 'A', 35, 138, 31, '2023-07-02 16:48:13'),
(435, 'EP', 'A', 9, 132, 12, '2023-07-02 16:48:13'),
(436, 'EP', 'A', 403, 150, 23, '2023-07-02 16:48:13'),
(437, 'EP', 'A', 687, 224, 47, '2023-07-02 16:48:13'),
(438, 'EP', 'A', 574, 221, 47, '2023-07-02 16:48:13'),
(439, 'EP', 'A', 911, 152, 33, '2023-07-02 16:48:13'),
(440, 'EP', 'A', 338, 39, 10, '2023-07-02 16:48:13'),
(441, 'EP', 'A', 901, 187, 34, '2023-07-02 16:48:13'),
(442, 'EP', 'A', 292, 219, 42, '2023-07-02 16:48:13'),
(443, 'EP', 'A', 323, 97, 14, '2023-07-02 16:48:13'),
(444, 'EP', 'A', 306, 233, 9, '2023-07-02 16:48:13'),
(445, 'EP', 'A', 206, 24, 16, '2023-07-02 16:48:13'),
(446, 'EP', 'A', 382, 109, 46, '2023-07-02 16:48:13'),
(447, 'EP', 'A', 518, 182, 2, '2023-07-02 16:48:13'),
(448, 'EP', 'A', 471, 78, 35, '2023-07-02 16:48:13'),
(449, 'EP', 'A', 74, 48, 23, '2023-07-02 16:48:13'),
(450, 'EP', 'A', 606, 180, 38, '2023-07-02 16:48:13'),
(451, 'EP', 'A', 349, 184, 27, '2023-07-02 16:48:13'),
(452, 'EP', 'A', 982, 202, 21, '2023-07-02 16:48:13'),
(453, 'EP', 'A', 774, 38, 27, '2023-07-02 16:48:13'),
(454, 'EP', 'A', 675, 120, 2, '2023-07-02 16:48:13'),
(455, 'EP', 'A', 935, 158, 5, '2023-07-02 16:48:13'),
(456, 'EP', 'A', 122, 133, 7, '2023-07-02 16:48:13'),
(457, 'EP', 'A', 659, 47, 47, '2023-07-02 16:48:13'),
(458, 'EP', 'A', 261, 215, 7, '2023-07-02 16:48:13'),
(459, 'EP', 'A', 661, 48, 37, '2023-07-02 16:48:13'),
(460, 'EP', 'A', 855, 55, 8, '2023-07-02 16:48:13'),
(461, 'EP', 'A', 999, 59, 47, '2023-07-02 16:48:13'),
(462, 'EP', 'A', 35, 172, 13, '2023-07-02 16:48:13'),
(463, 'EP', 'A', 235, 94, 34, '2023-07-02 16:48:13'),
(464, 'EP', 'A', 82, 215, 17, '2023-07-02 16:48:13'),
(465, 'EP', 'A', 920, 29, 35, '2023-07-02 16:48:13'),
(466, 'EP', 'A', 811, 219, 13, '2023-07-02 16:48:13'),
(467, 'EP', 'A', 168, 194, 2, '2023-07-02 16:48:13'),
(468, 'EP', 'A', 385, 168, 47, '2023-07-02 16:48:13'),
(469, 'EP', 'A', 955, 208, 20, '2023-07-02 16:48:13'),
(470, 'EP', 'A', 984, 55, 25, '2023-07-02 16:48:13'),
(471, 'EP', 'A', 623, 128, 39, '2023-07-02 16:48:13'),
(472, 'EP', 'A', 998, 206, 10, '2023-07-02 16:48:13'),
(473, 'EP', 'A', 524, 145, 39, '2023-07-02 16:48:13'),
(474, 'EP', 'A', 449, 65, 40, '2023-07-02 16:48:13'),
(475, 'EP', 'A', 950, 82, 31, '2023-07-02 16:48:13'),
(476, 'EP', 'A', 932, 86, 27, '2023-07-02 16:48:13'),
(477, 'EP', 'A', 937, 214, 26, '2023-07-02 16:48:13'),
(478, 'EP', 'A', 274, 161, 37, '2023-07-02 16:48:13'),
(479, 'EP', 'A', 923, 34, 15, '2023-07-02 16:48:13'),
(480, 'EP', 'A', 628, 45, 44, '2023-07-02 16:48:13'),
(481, 'EP', 'A', 54, 12, 24, '2023-07-02 16:48:13'),
(482, 'EP', 'A', 134, 18, 25, '2023-07-02 16:48:13'),
(483, 'EP', 'A', 867, 148, 4, '2023-07-02 16:48:13'),
(484, 'EP', 'A', 424, 84, 45, '2023-07-02 16:48:13'),
(485, 'EP', 'A', 862, 6, 25, '2023-07-02 16:48:13'),
(486, 'EP', 'A', 547, 170, 38, '2023-07-02 16:48:13'),
(487, 'EP', 'A', 332, 135, 42, '2023-07-02 16:48:13'),
(488, 'EP', 'A', 172, 142, 2, '2023-07-02 16:48:13'),
(489, 'EP', 'A', 619, 174, 9, '2023-07-02 16:48:13'),
(490, 'EP', 'A', 327, 73, 48, '2023-07-02 16:48:13'),
(491, 'EP', 'A', 348, 176, 42, '2023-07-02 16:48:13'),
(492, 'EP', 'A', 734, 110, 37, '2023-07-02 16:48:13'),
(493, 'EP', 'A', 77, 42, 1, '2023-07-02 16:48:13'),
(494, 'EP', 'A', 307, 13, 6, '2023-07-02 16:48:13'),
(495, 'EP', 'A', 244, 60, 31, '2023-07-02 16:48:13'),
(496, 'EP', 'A', 361, 164, 17, '2023-07-02 16:48:13'),
(497, 'EP', 'A', 152, 4, 45, '2023-07-02 16:48:13'),
(498, 'EP', 'A', 775, 164, 32, '2023-07-02 16:48:13'),
(499, 'EP', 'A', 600, 217, 35, '2023-07-02 16:48:13'),
(500, 'EP', 'A', 297, 115, 14, '2023-07-02 16:48:13'),
(501, 'EP', 'A', 588, 222, 39, '2023-07-02 16:48:13'),
(502, 'EP', 'A', 781, 138, 8, '2023-07-02 16:48:13'),
(503, 'EP', 'A', 113, 12, 14, '2023-07-02 16:48:13'),
(504, 'EP', 'A', 845, 76, 32, '2023-07-02 16:48:13'),
(505, 'EP', 'A', 771, 1, 29, '2023-07-02 16:48:13'),
(506, 'EP', 'A', 359, 14, 9, '2023-07-02 16:48:13'),
(507, 'EP', 'A', 312, 209, 2, '2023-07-02 16:48:13'),
(508, 'EP', 'A', 231, 187, 7, '2023-07-02 16:48:13'),
(509, 'EP', 'A', 837, 4, 11, '2023-07-02 16:48:13'),
(510, 'EP', 'A', 447, 41, 23, '2023-07-02 16:48:13'),
(511, 'EP', 'A', 976, 37, 11, '2023-07-02 16:48:13'),
(512, 'EP', 'A', 990, 234, 21, '2023-07-02 16:48:13'),
(513, 'EP', 'A', 173, 41, 9, '2023-07-02 16:48:13'),
(514, 'EP', 'A', 217, 144, 3, '2023-07-02 16:48:13'),
(515, 'EP', 'A', 705, 64, 30, '2023-07-02 16:48:13'),
(516, 'EP', 'A', 783, 145, 14, '2023-07-02 16:48:13'),
(517, 'EP', 'A', 612, 118, 22, '2023-07-02 16:48:13'),
(518, 'EP', 'A', 787, 82, 40, '2023-07-02 16:48:13'),
(519, 'EP', 'A', 445, 115, 41, '2023-07-02 16:48:13'),
(520, 'EP', 'A', 623, 159, 44, '2023-07-02 16:48:13'),
(521, 'EP', 'A', 525, 212, 44, '2023-07-02 16:48:13'),
(522, 'EP', 'A', 275, 52, 25, '2023-07-02 16:48:13'),
(523, 'EP', 'A', 469, 22, 40, '2023-07-02 16:48:13'),
(524, 'EP', 'A', 511, 19, 2, '2023-07-02 16:48:13'),
(525, 'EP', 'A', 631, 126, 13, '2023-07-02 16:48:13'),
(526, 'EP', 'A', 504, 101, 26, '2023-07-02 16:48:13'),
(527, 'EP', 'A', 691, 49, 29, '2023-07-02 16:48:13'),
(528, 'EP', 'A', 226, 109, 32, '2023-07-02 16:48:13'),
(529, 'EP', 'A', 434, 153, 26, '2023-07-02 16:48:13'),
(530, 'EP', 'A', 452, 200, 43, '2023-07-02 16:48:13'),
(531, 'EP', 'A', 274, 205, 35, '2023-07-02 16:48:13'),
(532, 'EP', 'A', 287, 150, 22, '2023-07-02 16:48:13'),
(533, 'EP', 'A', 21, 60, 38, '2023-07-02 16:48:13'),
(534, 'EP', 'A', 361, 66, 36, '2023-07-02 16:48:13'),
(535, 'EP', 'A', 825, 167, 30, '2023-07-02 16:48:13'),
(536, 'EP', 'A', 7, 153, 30, '2023-07-02 16:48:13'),
(537, 'EP', 'A', 131, 78, 36, '2023-07-02 16:48:13'),
(538, 'EP', 'A', 45, 159, 17, '2023-07-02 16:48:13'),
(539, 'EP', 'A', 144, 167, 15, '2023-07-02 16:48:13'),
(540, 'EP', 'A', 289, 59, 9, '2023-07-02 16:48:13'),
(541, 'EP', 'A', 890, 130, 9, '2023-07-02 16:48:13'),
(542, 'EP', 'A', 230, 200, 4, '2023-07-02 16:48:13'),
(543, 'EP', 'A', 865, 23, 36, '2023-07-02 16:48:13'),
(544, 'EP', 'A', 601, 160, 16, '2023-07-02 16:48:13'),
(545, 'EP', 'A', 300, 137, 41, '2023-07-02 16:48:13'),
(546, 'EP', 'A', 525, 32, 44, '2023-07-02 16:48:13'),
(547, 'EP', 'A', 755, 191, 29, '2023-07-02 16:48:13'),
(548, 'EP', 'A', 555, 11, 48, '2023-07-02 16:48:13'),
(549, 'EP', 'A', 311, 206, 39, '2023-07-02 16:48:13'),
(550, 'EP', 'A', 760, 50, 17, '2023-07-02 16:48:13'),
(551, 'EP', 'A', 663, 134, 45, '2023-07-02 16:48:13'),
(552, 'EP', 'A', 205, 75, 28, '2023-07-02 16:48:13'),
(553, 'EP', 'A', 562, 1, 9, '2023-07-02 16:48:13'),
(554, 'EP', 'A', 927, 41, 12, '2023-07-02 16:48:13'),
(555, 'EP', 'A', 458, 38, 18, '2023-07-02 16:48:14'),
(556, 'EP', 'A', 791, 199, 46, '2023-07-02 16:48:14'),
(557, 'EP', 'A', 298, 180, 16, '2023-07-02 16:48:14'),
(558, 'EP', 'A', 433, 182, 14, '2023-07-02 16:48:14'),
(559, 'EP', 'A', 68, 117, 33, '2023-07-02 16:48:14'),
(560, 'EP', 'A', 894, 59, 3, '2023-07-02 16:48:14'),
(561, 'EP', 'A', 113, 103, 22, '2023-07-02 16:48:14'),
(562, 'EP', 'A', 273, 97, 43, '2023-07-02 16:48:14'),
(563, 'EP', 'A', 720, 25, 42, '2023-07-02 16:48:14'),
(564, 'EP', 'A', 810, 1, 12, '2023-07-02 16:48:14'),
(565, 'EP', 'A', 991, 71, 12, '2023-07-02 16:48:14'),
(566, 'EP', 'A', 1000, 49, 19, '2023-07-02 16:48:14'),
(567, 'EP', 'A', 346, 70, 35, '2023-07-02 16:48:14'),
(568, 'EP', 'A', 585, 168, 35, '2023-07-02 16:48:14'),
(569, 'EP', 'A', 176, 102, 8, '2023-07-02 16:48:14'),
(570, 'EP', 'A', 560, 116, 14, '2023-07-02 16:48:14'),
(571, 'EP', 'A', 663, 205, 22, '2023-07-02 16:48:14'),
(572, 'EP', 'A', 260, 139, 40, '2023-07-02 16:48:14'),
(573, 'EP', 'A', 401, 118, 14, '2023-07-02 16:48:14'),
(574, 'EP', 'A', 5, 168, 23, '2023-07-02 16:48:14'),
(575, 'EP', 'A', 61, 174, 33, '2023-07-02 16:48:14'),
(576, 'EP', 'A', 502, 27, 46, '2023-07-02 16:48:14'),
(577, 'EP', 'A', 658, 130, 26, '2023-07-02 16:48:14'),
(578, 'EP', 'A', 462, 79, 6, '2023-07-02 16:48:14'),
(579, 'EP', 'A', 862, 21, 11, '2023-07-02 16:48:14'),
(580, 'EP', 'A', 524, 133, 9, '2023-07-02 16:48:14'),
(581, 'EP', 'A', 461, 132, 29, '2023-07-02 16:48:14'),
(582, 'EP', 'A', 228, 28, 45, '2023-07-02 16:48:14'),
(583, 'EP', 'A', 124, 33, 12, '2023-07-02 16:48:14'),
(584, 'EP', 'A', 222, 97, 31, '2023-07-02 16:48:14'),
(585, 'EP', 'A', 845, 13, 8, '2023-07-02 16:48:14'),
(586, 'EP', 'A', 403, 99, 24, '2023-07-02 16:48:14'),
(587, 'EP', 'A', 501, 25, 4, '2023-07-02 16:48:14'),
(588, 'EP', 'A', 84, 2, 31, '2023-07-02 16:48:14'),
(589, 'EP', 'A', 27, 53, 20, '2023-07-02 16:48:14'),
(590, 'EP', 'A', 191, 143, 33, '2023-07-02 16:48:14'),
(591, 'EP', 'A', 539, 203, 3, '2023-07-02 16:48:14'),
(592, 'EP', 'A', 36, 64, 6, '2023-07-02 16:48:14'),
(593, 'EP', 'A', 710, 210, 3, '2023-07-02 16:48:14'),
(594, 'EP', 'A', 219, 117, 21, '2023-07-02 16:48:14'),
(595, 'EP', 'A', 946, 68, 34, '2023-07-02 16:48:14'),
(596, 'EP', 'A', 722, 100, 41, '2023-07-02 16:48:14'),
(597, 'EP', 'A', 131, 65, 35, '2023-07-02 16:48:14'),
(598, 'EP', 'A', 129, 27, 27, '2023-07-02 16:48:14'),
(599, 'EP', 'A', 450, 14, 3, '2023-07-02 16:48:14'),
(600, 'EP', 'A', 504, 52, 13, '2023-07-02 16:48:14'),
(601, 'EP', 'A', 675, 112, 32, '2023-07-02 16:48:14'),
(602, 'EP', 'A', 865, 104, 3, '2023-07-02 16:48:14'),
(603, 'EP', 'A', 100, 71, 26, '2023-07-02 16:48:14'),
(604, 'EP', 'A', 745, 23, 27, '2023-07-02 16:48:14'),
(605, 'EP', 'A', 991, 48, 2, '2023-07-02 16:48:14'),
(606, 'EP', 'A', 544, 209, 16, '2023-07-02 16:48:14'),
(607, 'EP', 'A', 86, 220, 7, '2023-07-02 16:48:14'),
(608, 'EP', 'A', 538, 97, 39, '2023-07-02 16:48:14'),
(609, 'EP', 'A', 776, 212, 38, '2023-07-02 16:48:14'),
(610, 'EP', 'A', 23, 190, 36, '2023-07-02 16:48:14'),
(611, 'EP', 'A', 971, 15, 2, '2023-07-02 16:48:14'),
(612, 'EP', 'A', 362, 171, 9, '2023-07-02 16:48:14'),
(613, 'EP', 'A', 591, 31, 6, '2023-07-02 16:48:14'),
(614, 'EP', 'A', 433, 110, 34, '2023-07-02 16:48:14'),
(615, 'EP', 'A', 704, 99, 13, '2023-07-02 16:48:14'),
(616, 'EP', 'A', 761, 52, 3, '2023-07-02 16:48:14'),
(617, 'EP', 'A', 247, 147, 5, '2023-07-02 16:48:14'),
(618, 'EP', 'A', 106, 81, 23, '2023-07-02 16:48:14'),
(619, 'EP', 'A', 934, 9, 29, '2023-07-02 16:48:14'),
(620, 'EP', 'A', 170, 232, 23, '2023-07-02 16:48:14'),
(621, 'EP', 'A', 426, 162, 44, '2023-07-02 16:48:14'),
(622, 'EP', 'A', 897, 5, 4, '2023-07-02 16:48:14'),
(623, 'EP', 'A', 354, 74, 9, '2023-07-02 16:48:14'),
(624, 'EP', 'A', 362, 86, 46, '2023-07-02 16:48:14'),
(625, 'EP', 'A', 991, 217, 35, '2023-07-02 16:48:14'),
(626, 'EP', 'A', 542, 210, 31, '2023-07-02 16:48:14'),
(627, 'EP', 'A', 833, 85, 31, '2023-07-02 16:48:14'),
(628, 'EP', 'A', 855, 151, 17, '2023-07-02 16:48:14'),
(629, 'EP', 'A', 918, 87, 4, '2023-07-02 16:48:14'),
(630, 'EP', 'A', 186, 98, 9, '2023-07-02 16:48:14'),
(631, 'EP', 'A', 986, 215, 34, '2023-07-02 16:48:14'),
(632, 'EP', 'A', 966, 31, 1, '2023-07-02 16:48:14'),
(633, 'EP', 'A', 696, 233, 14, '2023-07-02 16:48:14'),
(634, 'EP', 'A', 762, 141, 46, '2023-07-02 16:48:14'),
(635, 'EP', 'A', 673, 162, 27, '2023-07-02 16:48:14'),
(636, 'EP', 'A', 307, 135, 8, '2023-07-02 16:48:14'),
(637, 'EP', 'A', 102, 213, 24, '2023-07-02 16:48:14'),
(638, 'EP', 'A', 555, 225, 15, '2023-07-02 16:48:14'),
(639, 'EP', 'A', 312, 110, 46, '2023-07-02 16:48:14'),
(640, 'EP', 'A', 359, 210, 26, '2023-07-02 16:48:14'),
(641, 'EP', 'A', 646, 98, 35, '2023-07-02 16:48:14'),
(642, 'EP', 'A', 335, 116, 13, '2023-07-02 16:48:14'),
(643, 'EP', 'A', 901, 73, 26, '2023-07-02 16:48:14'),
(644, 'EP', 'A', 133, 231, 39, '2023-07-02 16:48:14'),
(645, 'EP', 'A', 46, 78, 13, '2023-07-02 16:48:14'),
(646, 'EP', 'A', 753, 123, 15, '2023-07-02 16:48:14'),
(647, 'EP', 'A', 174, 61, 3, '2023-07-02 16:48:14'),
(648, 'EP', 'A', 235, 225, 41, '2023-07-02 16:48:14'),
(649, 'EP', 'A', 968, 5, 38, '2023-07-02 16:48:14'),
(650, 'EP', 'A', 105, 203, 9, '2023-07-02 16:48:14'),
(651, 'EP', 'A', 490, 41, 33, '2023-07-02 16:48:14'),
(652, 'EP', 'A', 419, 144, 18, '2023-07-02 16:48:14'),
(653, 'EP', 'A', 823, 29, 28, '2023-07-02 16:48:14'),
(654, 'EP', 'A', 401, 225, 13, '2023-07-02 16:48:14'),
(655, 'EP', 'A', 271, 76, 41, '2023-07-02 16:48:14'),
(656, 'EP', 'A', 446, 21, 26, '2023-07-02 16:48:14'),
(657, 'EP', 'A', 402, 44, 42, '2023-07-02 16:48:14'),
(658, 'EP', 'A', 600, 220, 21, '2023-07-02 16:48:14'),
(659, 'EP', 'A', 385, 87, 11, '2023-07-02 16:48:14'),
(660, 'EP', 'A', 463, 21, 16, '2023-07-02 16:48:14'),
(661, 'EP', 'A', 915, 130, 6, '2023-07-02 16:48:14'),
(662, 'EP', 'A', 889, 65, 3, '2023-07-02 16:48:14'),
(663, 'EP', 'A', 489, 182, 20, '2023-07-02 16:48:14'),
(664, 'EP', 'A', 252, 201, 26, '2023-07-02 16:48:14'),
(665, 'EP', 'A', 214, 225, 46, '2023-07-02 16:48:14'),
(666, 'EP', 'A', 236, 196, 41, '2023-07-02 16:48:14'),
(667, 'EP', 'A', 745, 190, 6, '2023-07-02 16:48:14'),
(668, 'EP', 'A', 791, 110, 37, '2023-07-02 16:48:14'),
(669, 'EP', 'A', 380, 84, 17, '2023-07-02 16:48:14'),
(670, 'EP', 'A', 157, 152, 21, '2023-07-02 16:48:14'),
(671, 'EP', 'A', 815, 114, 10, '2023-07-02 16:48:14'),
(672, 'EP', 'A', 606, 36, 36, '2023-07-02 16:48:14'),
(673, 'EP', 'A', 832, 31, 16, '2023-07-02 16:48:14'),
(674, 'EP', 'A', 204, 199, 11, '2023-07-02 16:48:14'),
(675, 'EP', 'A', 307, 177, 31, '2023-07-02 16:48:14'),
(676, 'EP', 'A', 493, 113, 33, '2023-07-02 16:48:14'),
(677, 'EP', 'A', 803, 59, 31, '2023-07-02 16:48:14'),
(678, 'EP', 'A', 543, 2, 20, '2023-07-02 16:48:14'),
(679, 'EP', 'A', 363, 219, 4, '2023-07-02 16:48:14'),
(680, 'EP', 'A', 173, 90, 5, '2023-07-02 16:48:14'),
(681, 'EP', 'A', 380, 162, 18, '2023-07-02 16:48:14'),
(682, 'EP', 'A', 606, 93, 31, '2023-07-02 16:48:14'),
(683, 'EP', 'A', 998, 193, 24, '2023-07-02 16:48:14'),
(684, 'EP', 'A', 281, 78, 39, '2023-07-02 16:48:14'),
(685, 'EP', 'A', 28, 233, 22, '2023-07-02 16:48:14'),
(686, 'EP', 'A', 250, 51, 4, '2023-07-02 16:48:14'),
(687, 'EP', 'A', 261, 77, 40, '2023-07-02 16:48:14'),
(688, 'EP', 'A', 298, 220, 33, '2023-07-02 16:48:14'),
(689, 'EP', 'A', 929, 61, 27, '2023-07-02 16:48:14'),
(690, 'EP', 'A', 921, 180, 40, '2023-07-02 16:48:14'),
(691, 'EP', 'A', 605, 105, 41, '2023-07-02 16:48:14'),
(692, 'EP', 'A', 631, 20, 35, '2023-07-02 16:48:14'),
(693, 'EP', 'A', 513, 107, 44, '2023-07-02 16:48:14'),
(694, 'EP', 'A', 917, 134, 8, '2023-07-02 16:48:14'),
(695, 'EP', 'A', 396, 199, 11, '2023-07-02 16:48:14'),
(696, 'EP', 'A', 234, 228, 11, '2023-07-02 16:48:14'),
(697, 'EP', 'A', 170, 15, 10, '2023-07-02 16:48:14'),
(698, 'EP', 'A', 868, 102, 42, '2023-07-02 16:48:14'),
(699, 'EP', 'A', 434, 112, 21, '2023-07-02 16:48:14'),
(700, 'EP', 'A', 722, 64, 25, '2023-07-02 16:48:14'),
(701, 'EP', 'A', 202, 20, 19, '2023-07-02 16:48:14'),
(702, 'EP', 'A', 154, 77, 32, '2023-07-02 16:48:14'),
(703, 'EP', 'A', 271, 22, 7, '2023-07-02 16:48:14'),
(704, 'EP', 'A', 2, 54, 29, '2023-07-02 16:48:14'),
(705, 'EP', 'A', 313, 128, 38, '2023-07-02 16:48:14'),
(706, 'EP', 'A', 932, 199, 3, '2023-07-02 16:48:14'),
(707, 'EP', 'A', 31, 32, 39, '2023-07-02 16:48:14'),
(708, 'EP', 'A', 243, 78, 5, '2023-07-02 16:48:14'),
(709, 'EP', 'A', 441, 43, 24, '2023-07-02 16:48:14'),
(710, 'EP', 'A', 79, 56, 37, '2023-07-02 16:48:14'),
(711, 'EP', 'A', 490, 199, 26, '2023-07-02 16:48:14'),
(712, 'EP', 'A', 936, 87, 21, '2023-07-02 16:48:14'),
(713, 'EP', 'A', 266, 109, 36, '2023-07-02 16:48:14'),
(714, 'EP', 'A', 520, 168, 11, '2023-07-02 16:48:14'),
(715, 'EP', 'A', 830, 205, 14, '2023-07-02 16:48:14'),
(716, 'EP', 'A', 109, 190, 35, '2023-07-02 16:48:14'),
(717, 'EP', 'A', 746, 62, 35, '2023-07-02 16:48:14'),
(718, 'EP', 'A', 361, 82, 43, '2023-07-02 16:48:14'),
(719, 'EP', 'A', 826, 223, 35, '2023-07-02 16:48:14'),
(720, 'EP', 'A', 60, 99, 5, '2023-07-02 16:48:14'),
(721, 'EP', 'A', 847, 221, 19, '2023-07-02 16:48:14'),
(722, 'EP', 'A', 613, 181, 41, '2023-07-02 16:48:14'),
(723, 'EP', 'A', 590, 190, 21, '2023-07-02 16:48:14'),
(724, 'EP', 'A', 841, 218, 24, '2023-07-02 16:48:14'),
(725, 'EP', 'A', 380, 202, 39, '2023-07-02 16:48:14'),
(726, 'EP', 'A', 817, 81, 17, '2023-07-02 16:48:14'),
(727, 'EP', 'A', 480, 195, 16, '2023-07-02 16:48:14'),
(728, 'EP', 'A', 773, 176, 46, '2023-07-02 16:48:14'),
(729, 'EP', 'A', 538, 17, 15, '2023-07-02 16:48:14'),
(730, 'EP', 'A', 239, 118, 23, '2023-07-02 16:48:14'),
(731, 'EP', 'A', 416, 148, 32, '2023-07-02 16:48:14'),
(732, 'EP', 'A', 250, 13, 3, '2023-07-02 16:48:14'),
(733, 'EP', 'A', 309, 153, 33, '2023-07-02 16:48:14'),
(734, 'EP', 'A', 257, 19, 32, '2023-07-02 16:48:14'),
(735, 'EP', 'A', 633, 33, 20, '2023-07-02 16:48:14'),
(736, 'EP', 'A', 59, 140, 14, '2023-07-02 16:48:14'),
(737, 'EP', 'A', 692, 157, 30, '2023-07-02 16:48:14'),
(738, 'EP', 'A', 141, 74, 48, '2023-07-02 16:48:14'),
(739, 'EP', 'A', 64, 49, 12, '2023-07-02 16:48:14'),
(740, 'EP', 'A', 112, 198, 32, '2023-07-02 16:48:14'),
(741, 'EP', 'A', 918, 155, 35, '2023-07-02 16:48:14'),
(742, 'EP', 'A', 502, 148, 18, '2023-07-02 16:48:14'),
(743, 'EP', 'A', 218, 192, 47, '2023-07-02 16:48:14'),
(744, 'EP', 'A', 535, 200, 22, '2023-07-02 16:48:14'),
(745, 'EP', 'A', 365, 179, 42, '2023-07-02 16:48:14'),
(746, 'EP', 'A', 754, 176, 14, '2023-07-02 16:48:14'),
(747, 'EP', 'A', 17, 140, 35, '2023-07-02 16:48:14'),
(748, 'EP', 'A', 831, 35, 2, '2023-07-02 16:48:14'),
(749, 'EP', 'A', 294, 66, 15, '2023-07-02 16:48:14'),
(750, 'EP', 'A', 813, 125, 42, '2023-07-02 16:48:14'),
(751, 'EP', 'A', 494, 137, 33, '2023-07-02 16:48:14'),
(752, 'EP', 'A', 15, 167, 7, '2023-07-02 16:48:14'),
(753, 'EP', 'A', 10, 148, 44, '2023-07-02 16:48:14'),
(754, 'EP', 'A', 750, 60, 25, '2023-07-02 16:48:14'),
(755, 'EP', 'A', 289, 9, 4, '2023-07-02 16:48:14'),
(756, 'EP', 'A', 348, 163, 14, '2023-07-02 16:48:14'),
(757, 'EP', 'A', 47, 67, 8, '2023-07-02 16:48:14'),
(758, 'EP', 'A', 779, 162, 21, '2023-07-02 16:48:14'),
(759, 'EP', 'A', 542, 138, 42, '2023-07-02 16:48:14'),
(760, 'EP', 'A', 575, 195, 5, '2023-07-02 16:48:14'),
(761, 'EP', 'A', 402, 89, 37, '2023-07-02 16:48:14'),
(762, 'EP', 'A', 581, 19, 37, '2023-07-02 16:48:14'),
(763, 'EP', 'A', 469, 75, 6, '2023-07-02 16:48:14'),
(764, 'EP', 'A', 691, 97, 19, '2023-07-02 16:48:14'),
(765, 'EP', 'A', 693, 111, 38, '2023-07-02 16:48:14'),
(766, 'EP', 'A', 38, 212, 3, '2023-07-02 16:48:14'),
(767, 'EP', 'A', 537, 42, 23, '2023-07-02 16:48:14'),
(768, 'EP', 'A', 418, 7, 14, '2023-07-02 16:48:14'),
(769, 'EP', 'A', 128, 31, 31, '2023-07-02 16:48:14'),
(770, 'EP', 'A', 892, 209, 43, '2023-07-02 16:48:14'),
(771, 'EP', 'A', 701, 31, 46, '2023-07-02 16:48:14'),
(772, 'EP', 'A', 741, 33, 27, '2023-07-02 16:48:14'),
(773, 'EP', 'A', 305, 185, 31, '2023-07-02 16:48:14'),
(774, 'EP', 'A', 460, 222, 33, '2023-07-02 16:48:14'),
(775, 'EP', 'A', 843, 213, 39, '2023-07-02 16:48:14'),
(776, 'EP', 'A', 460, 170, 24, '2023-07-02 16:48:14'),
(777, 'EP', 'A', 696, 145, 32, '2023-07-02 16:48:14'),
(778, 'EP', 'A', 446, 52, 12, '2023-07-02 16:48:14'),
(779, 'EP', 'A', 448, 42, 22, '2023-07-02 16:48:14'),
(780, 'EP', 'A', 674, 89, 21, '2023-07-02 16:48:14'),
(781, 'EP', 'A', 699, 88, 17, '2023-07-02 16:48:14'),
(782, 'EP', 'A', 169, 62, 3, '2023-07-02 16:48:14'),
(783, 'EP', 'A', 135, 132, 46, '2023-07-02 16:48:14'),
(784, 'EP', 'A', 664, 214, 35, '2023-07-02 16:48:14'),
(785, 'EP', 'A', 5, 105, 40, '2023-07-02 16:48:14'),
(786, 'EP', 'A', 27, 37, 37, '2023-07-02 16:48:14'),
(787, 'EP', 'A', 713, 16, 6, '2023-07-02 16:48:14'),
(788, 'EP', 'A', 799, 234, 27, '2023-07-02 16:48:14'),
(789, 'EP', 'A', 286, 194, 1, '2023-07-02 16:48:14'),
(790, 'EP', 'A', 387, 183, 41, '2023-07-02 16:48:14'),
(791, 'EP', 'A', 459, 203, 40, '2023-07-02 16:48:14'),
(792, 'EP', 'A', 883, 176, 38, '2023-07-02 16:48:14'),
(793, 'EP', 'A', 414, 101, 40, '2023-07-02 16:48:14'),
(794, 'EP', 'A', 223, 62, 19, '2023-07-02 16:48:14'),
(795, 'EP', 'A', 439, 203, 37, '2023-07-02 16:48:14'),
(796, 'EP', 'A', 864, 60, 16, '2023-07-02 16:48:14'),
(797, 'EP', 'A', 79, 10, 3, '2023-07-02 16:48:14'),
(798, 'EP', 'A', 85, 213, 2, '2023-07-02 16:48:14'),
(799, 'EP', 'A', 430, 71, 36, '2023-07-02 16:48:14'),
(800, 'EP', 'A', 516, 57, 45, '2023-07-02 16:48:14'),
(801, 'EP', 'A', 78, 222, 29, '2023-07-02 16:48:14'),
(802, 'EP', 'A', 192, 103, 32, '2023-07-02 16:48:14'),
(803, 'EP', 'A', 249, 232, 37, '2023-07-02 16:48:14'),
(804, 'EP', 'A', 197, 229, 16, '2023-07-02 16:48:14'),
(805, 'EP', 'A', 645, 159, 17, '2023-07-02 16:48:14'),
(806, 'EP', 'A', 27, 191, 39, '2023-07-02 16:48:14'),
(807, 'EP', 'A', 538, 222, 1, '2023-07-02 16:48:14'),
(808, 'EP', 'A', 868, 94, 23, '2023-07-02 16:48:14'),
(809, 'EP', 'A', 426, 215, 10, '2023-07-02 16:48:14'),
(810, 'EP', 'A', 231, 69, 6, '2023-07-02 16:48:14'),
(811, 'EP', 'A', 640, 63, 46, '2023-07-02 16:48:14'),
(812, 'EP', 'A', 476, 24, 46, '2023-07-02 16:48:14'),
(813, 'EP', 'A', 358, 222, 12, '2023-07-02 16:48:14'),
(814, 'EP', 'A', 464, 62, 33, '2023-07-02 16:48:14'),
(815, 'EP', 'A', 665, 122, 48, '2023-07-02 16:48:14'),
(816, 'EP', 'A', 610, 98, 46, '2023-07-02 16:48:14'),
(817, 'EP', 'A', 924, 212, 40, '2023-07-02 16:48:14'),
(818, 'EP', 'A', 389, 56, 45, '2023-07-02 16:48:14'),
(819, 'EP', 'A', 411, 194, 27, '2023-07-02 16:48:14'),
(820, 'EP', 'A', 740, 187, 47, '2023-07-02 16:48:14'),
(821, 'EP', 'A', 187, 115, 10, '2023-07-02 16:48:14'),
(822, 'EP', 'A', 719, 8, 36, '2023-07-02 16:48:14'),
(823, 'EP', 'A', 314, 37, 31, '2023-07-02 16:48:14'),
(824, 'EP', 'A', 757, 26, 34, '2023-07-02 16:48:14'),
(825, 'EP', 'A', 847, 83, 7, '2023-07-02 16:48:14'),
(826, 'EP', 'A', 328, 160, 41, '2023-07-02 16:48:14'),
(827, 'EP', 'A', 242, 102, 34, '2023-07-02 16:48:14'),
(828, 'EP', 'A', 196, 184, 42, '2023-07-02 16:48:14'),
(829, 'EP', 'A', 245, 15, 20, '2023-07-02 16:48:14'),
(830, 'EP', 'A', 985, 29, 19, '2023-07-02 16:48:14'),
(831, 'EP', 'A', 287, 28, 47, '2023-07-02 16:48:14'),
(832, 'EP', 'A', 508, 80, 17, '2023-07-02 16:48:14'),
(833, 'EP', 'A', 230, 175, 20, '2023-07-02 16:48:14'),
(834, 'EP', 'A', 795, 104, 41, '2023-07-02 16:48:14'),
(835, 'EP', 'A', 20, 154, 3, '2023-07-02 16:48:14'),
(836, 'EP', 'A', 903, 42, 13, '2023-07-02 16:48:14'),
(837, 'EP', 'A', 139, 34, 22, '2023-07-02 16:48:14'),
(838, 'EP', 'A', 1, 121, 44, '2023-07-02 16:48:14'),
(839, 'EP', 'A', 510, 46, 28, '2023-07-02 16:48:14'),
(840, 'EP', 'A', 704, 61, 17, '2023-07-02 16:48:14'),
(841, 'EP', 'A', 563, 99, 31, '2023-07-02 16:48:14'),
(842, 'EP', 'A', 489, 165, 17, '2023-07-02 16:48:14'),
(843, 'EP', 'A', 838, 159, 36, '2023-07-02 16:48:14'),
(844, 'EP', 'A', 294, 69, 21, '2023-07-02 16:48:14'),
(845, 'EP', 'A', 304, 195, 45, '2023-07-02 16:48:14'),
(846, 'EP', 'A', 348, 222, 5, '2023-07-02 16:48:14'),
(847, 'EP', 'A', 336, 82, 14, '2023-07-02 16:48:14'),
(848, 'EP', 'A', 806, 168, 20, '2023-07-02 16:48:14'),
(849, 'EP', 'A', 5, 101, 8, '2023-07-02 16:48:14'),
(850, 'EP', 'A', 581, 27, 11, '2023-07-02 16:48:14'),
(851, 'EP', 'A', 100, 172, 7, '2023-07-02 16:48:14'),
(852, 'EP', 'A', 706, 102, 36, '2023-07-02 16:48:14'),
(853, 'EP', 'A', 644, 195, 4, '2023-07-02 16:48:14'),
(854, 'EP', 'A', 95, 161, 12, '2023-07-02 16:48:14'),
(855, 'EP', 'A', 905, 16, 3, '2023-07-02 16:48:14'),
(856, 'EP', 'A', 72, 229, 26, '2023-07-02 16:48:14'),
(857, 'EP', 'A', 322, 130, 10, '2023-07-02 16:48:14'),
(858, 'EP', 'A', 537, 198, 48, '2023-07-02 16:48:14'),
(859, 'EP', 'A', 655, 97, 1, '2023-07-02 16:48:14'),
(860, 'EP', 'A', 486, 169, 24, '2023-07-02 16:48:14'),
(861, 'EP', 'A', 47, 131, 14, '2023-07-02 16:48:14'),
(862, 'EP', 'A', 813, 216, 24, '2023-07-02 16:48:14'),
(863, 'EP', 'A', 765, 161, 46, '2023-07-02 16:48:14'),
(864, 'EP', 'A', 792, 107, 24, '2023-07-02 16:48:14'),
(865, 'EP', 'A', 261, 227, 17, '2023-07-02 16:48:14'),
(866, 'EP', 'A', 52, 152, 27, '2023-07-02 16:48:14'),
(867, 'EP', 'A', 84, 200, 38, '2023-07-02 16:48:14'),
(868, 'EP', 'A', 899, 214, 42, '2023-07-02 16:48:14'),
(869, 'EP', 'A', 32, 82, 39, '2023-07-02 16:48:14'),
(870, 'EP', 'A', 434, 209, 13, '2023-07-02 16:48:14'),
(871, 'EP', 'A', 749, 170, 4, '2023-07-02 16:48:14'),
(872, 'EP', 'A', 357, 159, 28, '2023-07-02 16:48:14'),
(873, 'EP', 'A', 949, 77, 23, '2023-07-02 16:48:14'),
(874, 'EP', 'A', 294, 163, 7, '2023-07-02 16:48:14'),
(875, 'EP', 'A', 833, 76, 26, '2023-07-02 16:48:14'),
(876, 'EP', 'A', 27, 27, 45, '2023-07-02 16:48:14'),
(877, 'EP', 'A', 866, 176, 30, '2023-07-02 16:48:14'),
(878, 'EP', 'A', 52, 200, 5, '2023-07-02 16:48:14'),
(879, 'EP', 'A', 915, 150, 34, '2023-07-02 16:48:14'),
(880, 'EP', 'A', 32, 203, 36, '2023-07-02 16:48:14'),
(881, 'EP', 'A', 704, 31, 12, '2023-07-02 16:48:14'),
(882, 'EP', 'A', 594, 86, 23, '2023-07-02 16:48:14'),
(883, 'EP', 'A', 314, 116, 26, '2023-07-02 16:48:14'),
(884, 'EP', 'A', 939, 113, 47, '2023-07-02 16:48:14'),
(885, 'EP', 'A', 951, 223, 6, '2023-07-02 16:48:14'),
(886, 'EP', 'A', 574, 172, 5, '2023-07-02 16:48:14'),
(887, 'EP', 'A', 652, 216, 1, '2023-07-02 16:48:14'),
(888, 'EP', 'A', 962, 213, 26, '2023-07-02 16:48:14'),
(889, 'EP', 'A', 5, 108, 26, '2023-07-02 16:48:14'),
(890, 'EP', 'A', 401, 176, 17, '2023-07-02 16:48:14'),
(891, 'EP', 'A', 532, 127, 23, '2023-07-02 16:48:14'),
(892, 'EP', 'A', 929, 44, 11, '2023-07-02 16:48:14'),
(893, 'EP', 'A', 918, 210, 42, '2023-07-02 16:48:14'),
(894, 'EP', 'A', 972, 88, 36, '2023-07-02 16:48:14'),
(895, 'EP', 'A', 725, 51, 37, '2023-07-02 16:48:14'),
(896, 'EP', 'A', 824, 11, 42, '2023-07-02 16:48:14'),
(897, 'EP', 'A', 873, 89, 12, '2023-07-02 16:48:14'),
(898, 'EP', 'A', 759, 40, 28, '2023-07-02 16:48:14'),
(899, 'EP', 'A', 392, 119, 18, '2023-07-02 16:48:14'),
(900, 'EP', 'A', 349, 18, 28, '2023-07-02 16:48:14'),
(901, 'EP', 'A', 840, 160, 33, '2023-07-02 16:48:14'),
(902, 'EP', 'A', 484, 30, 3, '2023-07-02 16:48:14'),
(903, 'EP', 'A', 478, 128, 39, '2023-07-02 16:48:14'),
(904, 'EP', 'A', 476, 230, 21, '2023-07-02 16:48:14'),
(905, 'EP', 'A', 52, 167, 21, '2023-07-02 16:48:14'),
(906, 'EP', 'A', 261, 164, 23, '2023-07-02 16:48:14'),
(907, 'EP', 'A', 422, 87, 20, '2023-07-02 16:48:14'),
(908, 'EP', 'A', 501, 21, 18, '2023-07-02 16:48:14'),
(909, 'EP', 'A', 968, 35, 44, '2023-07-02 16:48:14'),
(910, 'EP', 'A', 498, 148, 38, '2023-07-02 16:48:14'),
(911, 'EP', 'A', 591, 35, 32, '2023-07-02 16:48:14'),
(912, 'EP', 'A', 257, 132, 13, '2023-07-02 16:48:14'),
(913, 'EP', 'A', 307, 102, 42, '2023-07-02 16:48:14'),
(914, 'EP', 'A', 262, 58, 40, '2023-07-02 16:48:14'),
(915, 'EP', 'A', 819, 53, 10, '2023-07-02 16:48:14'),
(916, 'EP', 'A', 414, 40, 23, '2023-07-02 16:48:14'),
(917, 'EP', 'A', 473, 111, 11, '2023-07-02 16:48:14'),
(918, 'EP', 'A', 899, 151, 1, '2023-07-02 16:48:14'),
(919, 'EP', 'A', 837, 171, 45, '2023-07-02 16:48:14'),
(920, 'EP', 'A', 999, 214, 26, '2023-07-02 16:48:14'),
(921, 'EP', 'A', 804, 144, 41, '2023-07-02 16:48:14'),
(922, 'EP', 'A', 204, 93, 26, '2023-07-02 16:48:14'),
(923, 'EP', 'A', 753, 56, 40, '2023-07-02 16:48:14'),
(924, 'EP', 'A', 613, 117, 18, '2023-07-02 16:48:14'),
(925, 'EP', 'A', 608, 40, 15, '2023-07-02 16:48:14'),
(926, 'EP', 'A', 508, 171, 29, '2023-07-02 16:48:14'),
(927, 'EP', 'A', 285, 83, 44, '2023-07-02 16:48:14'),
(928, 'EP', 'A', 400, 222, 26, '2023-07-02 16:48:14'),
(929, 'EP', 'A', 567, 77, 35, '2023-07-02 16:48:14'),
(930, 'EP', 'A', 468, 60, 4, '2023-07-02 16:48:14'),
(931, 'EP', 'A', 907, 192, 41, '2023-07-02 16:48:14'),
(932, 'EP', 'A', 620, 149, 46, '2023-07-02 16:48:14'),
(933, 'EP', 'A', 20, 135, 12, '2023-07-02 16:48:14'),
(934, 'EP', 'A', 931, 216, 1, '2023-07-02 16:48:14'),
(935, 'EP', 'A', 165, 160, 31, '2023-07-02 16:48:14'),
(936, 'EP', 'A', 398, 215, 21, '2023-07-02 16:48:14'),
(937, 'EP', 'A', 582, 123, 16, '2023-07-02 16:48:14'),
(938, 'EP', 'A', 470, 208, 2, '2023-07-02 16:48:14'),
(939, 'EP', 'A', 655, 80, 14, '2023-07-02 16:48:14'),
(940, 'EP', 'A', 973, 135, 2, '2023-07-02 16:48:14'),
(941, 'EP', 'A', 65, 15, 21, '2023-07-02 16:48:14'),
(942, 'EP', 'A', 650, 16, 34, '2023-07-02 16:48:14'),
(943, 'EP', 'A', 928, 177, 26, '2023-07-02 16:48:14'),
(944, 'EP', 'A', 594, 188, 40, '2023-07-02 16:48:14'),
(945, 'EP', 'A', 705, 234, 2, '2023-07-02 16:48:14'),
(946, 'EP', 'A', 448, 32, 36, '2023-07-02 16:48:14'),
(947, 'EP', 'A', 48, 117, 21, '2023-07-02 16:48:14'),
(948, 'EP', 'A', 396, 218, 43, '2023-07-02 16:48:14'),
(949, 'EP', 'A', 173, 85, 21, '2023-07-02 16:48:14'),
(950, 'EP', 'A', 715, 108, 29, '2023-07-02 16:48:14'),
(951, 'EP', 'A', 883, 125, 29, '2023-07-02 16:48:14'),
(952, 'EP', 'A', 283, 172, 11, '2023-07-02 16:48:14'),
(953, 'EP', 'A', 490, 216, 12, '2023-07-02 16:48:14'),
(954, 'EP', 'A', 893, 127, 27, '2023-07-02 16:48:14'),
(955, 'EP', 'A', 172, 25, 18, '2023-07-02 16:48:14'),
(956, 'EP', 'A', 500, 213, 39, '2023-07-02 16:48:14');
INSERT INTO `matricula` (`MTRC_ID`, `MTRC_PASE`, `MTRC_ESTADO`, `EST_ID`, `PRLL_ID`, `USR_CREADOR_ID`, `FECHA_CREACION`) VALUES
(957, 'EP', 'A', 741, 112, 34, '2023-07-02 16:48:14'),
(958, 'EP', 'A', 258, 33, 3, '2023-07-02 16:48:14'),
(959, 'EP', 'A', 426, 4, 20, '2023-07-02 16:48:14'),
(960, 'EP', 'A', 802, 227, 25, '2023-07-02 16:48:14'),
(961, 'EP', 'A', 794, 234, 1, '2023-07-02 16:48:14'),
(962, 'EP', 'A', 667, 17, 24, '2023-07-02 16:48:14'),
(963, 'EP', 'A', 920, 2, 44, '2023-07-02 16:48:14'),
(964, 'EP', 'A', 29, 210, 2, '2023-07-02 16:48:14'),
(965, 'EP', 'A', 622, 70, 19, '2023-07-02 16:48:14'),
(966, 'EP', 'A', 631, 132, 23, '2023-07-02 16:48:14'),
(967, 'EP', 'A', 661, 25, 36, '2023-07-02 16:48:14'),
(968, 'EP', 'A', 494, 5, 38, '2023-07-02 16:48:14'),
(969, 'EP', 'A', 424, 207, 21, '2023-07-02 16:48:14'),
(970, 'EP', 'A', 785, 148, 14, '2023-07-02 16:48:14'),
(971, 'EP', 'A', 390, 185, 8, '2023-07-02 16:48:14'),
(972, 'EP', 'A', 139, 126, 15, '2023-07-02 16:48:14'),
(973, 'EP', 'A', 390, 44, 19, '2023-07-02 16:48:14'),
(974, 'EP', 'A', 429, 132, 23, '2023-07-02 16:48:14'),
(975, 'EP', 'A', 341, 84, 21, '2023-07-02 16:48:14'),
(976, 'EP', 'A', 732, 81, 41, '2023-07-02 16:48:14'),
(977, 'EP', 'A', 520, 57, 34, '2023-07-02 16:48:14'),
(978, 'EP', 'A', 496, 126, 33, '2023-07-02 16:48:14'),
(979, 'EP', 'A', 578, 180, 43, '2023-07-02 16:48:14'),
(980, 'EP', 'A', 742, 8, 8, '2023-07-02 16:48:14'),
(981, 'EP', 'A', 76, 24, 45, '2023-07-02 16:48:14'),
(982, 'EP', 'A', 522, 220, 5, '2023-07-02 16:48:14'),
(983, 'EP', 'A', 956, 32, 14, '2023-07-02 16:48:14'),
(984, 'EP', 'A', 665, 7, 24, '2023-07-02 16:48:14'),
(985, 'EP', 'A', 617, 141, 10, '2023-07-02 16:48:14'),
(986, 'EP', 'A', 155, 233, 6, '2023-07-02 16:48:14'),
(987, 'EP', 'A', 600, 121, 37, '2023-07-02 16:48:14'),
(988, 'EP', 'A', 751, 222, 26, '2023-07-02 16:48:14'),
(989, 'EP', 'A', 521, 208, 14, '2023-07-02 16:48:15'),
(990, 'EP', 'A', 597, 80, 8, '2023-07-02 16:48:15'),
(991, 'EP', 'A', 821, 23, 35, '2023-07-02 16:48:15'),
(992, 'EP', 'A', 772, 137, 10, '2023-07-02 16:48:15'),
(993, 'EP', 'A', 849, 145, 38, '2023-07-02 16:48:15'),
(994, 'EP', 'A', 933, 24, 42, '2023-07-02 16:48:15'),
(995, 'EP', 'A', 706, 127, 48, '2023-07-02 16:48:15'),
(996, 'EP', 'A', 142, 114, 42, '2023-07-02 16:48:15'),
(997, 'EP', 'A', 887, 110, 23, '2023-07-02 16:48:15'),
(998, 'EP', 'A', 175, 185, 9, '2023-07-02 16:48:15'),
(999, 'EP', 'A', 73, 34, 8, '2023-07-02 16:48:15'),
(1000, 'EP', 'A', 274, 120, 8, '2023-07-02 16:48:15');

-- --------------------------------------------------------

--
-- Estructura de tabla para la tabla `paralelo`
--

CREATE TABLE `paralelo` (
  `PRLL_ID` int(11) NOT NULL,
  `PRLL_NOM` varchar(100) NOT NULL,
  `PRLL_ESTADO` char(1) NOT NULL CHECK (`PRLL_ESTADO` in ('A','I')),
  `CRS_ID` int(11) NOT NULL,
  `PRF_ID` int(11) NOT NULL,
  `AL_ID` int(11) NOT NULL,
  `USR_CREADOR_ID` int(11) NOT NULL,
  `FECHA_CREACION` datetime NOT NULL DEFAULT current_timestamp()
) ENGINE=InnoDB DEFAULT CHARSET=utf8mb4 COLLATE=utf8mb4_general_ci;

--
-- Volcado de datos para la tabla `paralelo`
--

INSERT INTO `paralelo` (`PRLL_ID`, `PRLL_NOM`, `PRLL_ESTADO`, `CRS_ID`, `PRF_ID`, `AL_ID`, `USR_CREADOR_ID`, `FECHA_CREACION`) VALUES
(1, 'A', 'A', 1, 78, 1, 13, '2023-07-02 16:36:41'),
(2, 'A', 'A', 1, 46, 2, 16, '2023-07-02 16:36:41'),
(3, 'A', 'A', 1, 38, 3, 22, '2023-07-02 16:36:41'),
(4, 'A', 'A', 1, 13, 4, 15, '2023-07-02 16:36:41'),
(5, 'A', 'A', 1, 27, 5, 40, '2023-07-02 16:36:41'),
(6, 'A', 'A', 1, 67, 6, 34, '2023-07-02 16:36:41'),
(7, 'A', 'A', 1, 62, 7, 44, '2023-07-02 16:36:41'),
(8, 'A', 'A', 1, 4, 8, 18, '2023-07-02 16:36:41'),
(9, 'A', 'A', 1, 21, 9, 36, '2023-07-02 16:36:41'),
(10, 'A', 'A', 1, 98, 10, 15, '2023-07-02 16:36:41'),
(11, 'A', 'A', 1, 57, 11, 22, '2023-07-02 16:36:41'),
(12, 'A', 'A', 1, 59, 12, 16, '2023-07-02 16:36:41'),
(13, 'A', 'A', 1, 81, 13, 12, '2023-07-02 16:36:41'),
(14, 'A', 'A', 1, 35, 14, 41, '2023-07-02 16:36:41'),
(15, 'A', 'A', 1, 80, 15, 14, '2023-07-02 16:36:41'),
(16, 'A', 'A', 1, 39, 16, 1, '2023-07-02 16:36:41'),
(17, 'A', 'A', 1, 85, 17, 4, '2023-07-02 16:36:41'),
(18, 'A', 'A', 1, 85, 18, 11, '2023-07-02 16:36:41'),
(19, 'A', 'A', 2, 92, 1, 3, '2023-07-02 16:36:41'),
(20, 'A', 'A', 2, 15, 2, 22, '2023-07-02 16:36:41'),
(21, 'A', 'A', 2, 66, 3, 16, '2023-07-02 16:36:41'),
(22, 'A', 'A', 2, 58, 4, 25, '2023-07-02 16:36:41'),
(23, 'A', 'A', 2, 29, 5, 14, '2023-07-02 16:36:41'),
(24, 'A', 'A', 2, 30, 6, 41, '2023-07-02 16:36:41'),
(25, 'A', 'A', 2, 58, 7, 23, '2023-07-02 16:36:41'),
(26, 'A', 'A', 2, 84, 8, 26, '2023-07-02 16:36:41'),
(27, 'A', 'A', 2, 67, 9, 33, '2023-07-02 16:36:41'),
(28, 'A', 'A', 2, 4, 10, 26, '2023-07-02 16:36:41'),
(29, 'A', 'A', 2, 51, 11, 11, '2023-07-02 16:36:41'),
(30, 'A', 'A', 2, 28, 12, 31, '2023-07-02 16:36:41'),
(31, 'A', 'A', 2, 91, 13, 44, '2023-07-02 16:36:41'),
(32, 'A', 'A', 2, 8, 14, 44, '2023-07-02 16:36:41'),
(33, 'A', 'A', 2, 80, 15, 43, '2023-07-02 16:36:41'),
(34, 'A', 'A', 2, 80, 16, 31, '2023-07-02 16:36:41'),
(35, 'A', 'A', 2, 5, 17, 26, '2023-07-02 16:36:41'),
(36, 'A', 'A', 2, 22, 18, 28, '2023-07-02 16:36:41'),
(37, 'A', 'A', 3, 88, 1, 35, '2023-07-02 16:36:41'),
(38, 'A', 'A', 3, 97, 2, 48, '2023-07-02 16:36:41'),
(39, 'A', 'A', 3, 73, 3, 21, '2023-07-02 16:36:41'),
(40, 'A', 'A', 3, 74, 4, 28, '2023-07-02 16:36:41'),
(41, 'A', 'A', 3, 21, 5, 21, '2023-07-02 16:36:41'),
(42, 'A', 'A', 3, 95, 6, 32, '2023-07-02 16:36:41'),
(43, 'A', 'A', 3, 80, 7, 2, '2023-07-02 16:36:41'),
(44, 'A', 'A', 3, 66, 8, 9, '2023-07-02 16:36:41'),
(45, 'A', 'A', 3, 60, 9, 6, '2023-07-02 16:36:41'),
(46, 'A', 'A', 3, 59, 10, 22, '2023-07-02 16:36:41'),
(47, 'A', 'A', 3, 1, 11, 3, '2023-07-02 16:36:41'),
(48, 'A', 'A', 3, 30, 12, 44, '2023-07-02 16:36:41'),
(49, 'A', 'A', 3, 69, 13, 10, '2023-07-02 16:36:41'),
(50, 'A', 'A', 3, 12, 14, 46, '2023-07-02 16:36:41'),
(51, 'A', 'A', 3, 92, 15, 36, '2023-07-02 16:36:41'),
(52, 'A', 'A', 3, 89, 16, 26, '2023-07-02 16:36:41'),
(53, 'A', 'A', 3, 12, 17, 3, '2023-07-02 16:36:41'),
(54, 'A', 'A', 3, 70, 18, 21, '2023-07-02 16:36:41'),
(55, 'A', 'A', 4, 62, 1, 39, '2023-07-02 16:36:41'),
(56, 'A', 'A', 4, 92, 2, 9, '2023-07-02 16:36:41'),
(57, 'A', 'A', 4, 39, 3, 36, '2023-07-02 16:36:41'),
(58, 'A', 'A', 4, 86, 4, 44, '2023-07-02 16:36:41'),
(59, 'A', 'A', 4, 47, 5, 10, '2023-07-02 16:36:41'),
(60, 'A', 'A', 4, 5, 6, 33, '2023-07-02 16:36:41'),
(61, 'A', 'A', 4, 38, 7, 9, '2023-07-02 16:36:41'),
(62, 'A', 'A', 4, 26, 8, 28, '2023-07-02 16:36:41'),
(63, 'A', 'A', 4, 91, 9, 32, '2023-07-02 16:36:41'),
(64, 'A', 'A', 4, 75, 10, 40, '2023-07-02 16:36:41'),
(65, 'A', 'A', 4, 62, 11, 12, '2023-07-02 16:36:41'),
(66, 'A', 'A', 4, 26, 12, 42, '2023-07-02 16:36:41'),
(67, 'A', 'A', 4, 91, 13, 40, '2023-07-02 16:36:41'),
(68, 'A', 'A', 4, 67, 14, 41, '2023-07-02 16:36:41'),
(69, 'A', 'A', 4, 34, 15, 3, '2023-07-02 16:36:41'),
(70, 'A', 'A', 4, 72, 16, 2, '2023-07-02 16:36:41'),
(71, 'A', 'A', 4, 80, 17, 21, '2023-07-02 16:36:41'),
(72, 'A', 'A', 4, 89, 18, 12, '2023-07-02 16:36:41'),
(73, 'A', 'A', 5, 55, 1, 5, '2023-07-02 16:36:41'),
(74, 'A', 'A', 5, 89, 2, 9, '2023-07-02 16:36:41'),
(75, 'A', 'A', 5, 40, 3, 44, '2023-07-02 16:36:41'),
(76, 'A', 'A', 5, 8, 4, 21, '2023-07-02 16:36:41'),
(77, 'A', 'A', 5, 3, 5, 17, '2023-07-02 16:36:41'),
(78, 'A', 'A', 5, 100, 6, 4, '2023-07-02 16:36:41'),
(79, 'A', 'A', 5, 72, 7, 33, '2023-07-02 16:36:41'),
(80, 'A', 'A', 5, 4, 8, 17, '2023-07-02 16:36:41'),
(81, 'A', 'A', 5, 65, 9, 33, '2023-07-02 16:36:41'),
(82, 'A', 'A', 5, 92, 10, 17, '2023-07-02 16:36:41'),
(83, 'A', 'A', 5, 22, 11, 15, '2023-07-02 16:36:41'),
(84, 'A', 'A', 5, 11, 12, 5, '2023-07-02 16:36:41'),
(85, 'A', 'A', 5, 72, 13, 45, '2023-07-02 16:36:41'),
(86, 'A', 'A', 5, 90, 14, 3, '2023-07-02 16:36:41'),
(87, 'A', 'A', 5, 70, 15, 3, '2023-07-02 16:36:41'),
(88, 'A', 'A', 5, 45, 16, 26, '2023-07-02 16:36:41'),
(89, 'A', 'A', 5, 81, 17, 36, '2023-07-02 16:36:41'),
(90, 'A', 'A', 5, 18, 18, 25, '2023-07-02 16:36:41'),
(91, 'A', 'A', 6, 76, 1, 1, '2023-07-02 16:36:41'),
(92, 'A', 'A', 6, 45, 2, 36, '2023-07-02 16:36:41'),
(93, 'A', 'A', 6, 24, 3, 42, '2023-07-02 16:36:41'),
(94, 'A', 'A', 6, 43, 4, 28, '2023-07-02 16:36:41'),
(95, 'A', 'A', 6, 42, 5, 37, '2023-07-02 16:36:41'),
(96, 'A', 'A', 6, 28, 6, 17, '2023-07-02 16:36:41'),
(97, 'A', 'A', 6, 84, 7, 13, '2023-07-02 16:36:41'),
(98, 'A', 'A', 6, 70, 8, 17, '2023-07-02 16:36:41'),
(99, 'A', 'A', 6, 55, 9, 19, '2023-07-02 16:36:41'),
(100, 'A', 'A', 6, 71, 10, 21, '2023-07-02 16:36:41'),
(101, 'A', 'A', 6, 58, 11, 9, '2023-07-02 16:36:41'),
(102, 'A', 'A', 6, 42, 12, 5, '2023-07-02 16:36:41'),
(103, 'A', 'A', 6, 29, 13, 37, '2023-07-02 16:36:41'),
(104, 'A', 'A', 6, 94, 14, 4, '2023-07-02 16:36:41'),
(105, 'A', 'A', 6, 42, 15, 6, '2023-07-02 16:36:41'),
(106, 'A', 'A', 6, 13, 16, 19, '2023-07-02 16:36:41'),
(107, 'A', 'A', 6, 45, 17, 20, '2023-07-02 16:36:41'),
(108, 'A', 'A', 6, 14, 18, 14, '2023-07-02 16:36:41'),
(109, 'A', 'A', 7, 64, 1, 48, '2023-07-02 16:36:41'),
(110, 'A', 'A', 7, 23, 2, 23, '2023-07-02 16:36:41'),
(111, 'A', 'A', 7, 90, 3, 42, '2023-07-02 16:36:41'),
(112, 'A', 'A', 7, 83, 4, 31, '2023-07-02 16:36:41'),
(113, 'A', 'A', 7, 18, 5, 16, '2023-07-02 16:36:41'),
(114, 'A', 'A', 7, 89, 6, 43, '2023-07-02 16:36:41'),
(115, 'A', 'A', 7, 28, 7, 30, '2023-07-02 16:36:41'),
(116, 'A', 'A', 7, 45, 8, 42, '2023-07-02 16:36:41'),
(117, 'A', 'A', 7, 66, 9, 20, '2023-07-02 16:36:41'),
(118, 'A', 'A', 7, 7, 10, 44, '2023-07-02 16:36:41'),
(119, 'A', 'A', 7, 93, 11, 43, '2023-07-02 16:36:41'),
(120, 'A', 'A', 7, 78, 12, 13, '2023-07-02 16:36:41'),
(121, 'A', 'A', 7, 48, 13, 33, '2023-07-02 16:36:41'),
(122, 'A', 'A', 7, 48, 14, 5, '2023-07-02 16:36:41'),
(123, 'A', 'A', 7, 97, 15, 32, '2023-07-02 16:36:41'),
(124, 'A', 'A', 7, 78, 16, 2, '2023-07-02 16:36:41'),
(125, 'A', 'A', 7, 83, 17, 43, '2023-07-02 16:36:41'),
(126, 'A', 'A', 7, 51, 18, 7, '2023-07-02 16:36:41'),
(127, 'A', 'A', 8, 70, 1, 38, '2023-07-02 16:36:41'),
(128, 'A', 'A', 8, 75, 2, 12, '2023-07-02 16:36:41'),
(129, 'A', 'A', 8, 16, 3, 33, '2023-07-02 16:36:41'),
(130, 'A', 'A', 8, 15, 4, 2, '2023-07-02 16:36:41'),
(131, 'A', 'A', 8, 69, 5, 48, '2023-07-02 16:36:41'),
(132, 'A', 'A', 8, 9, 6, 26, '2023-07-02 16:36:41'),
(133, 'A', 'A', 8, 71, 7, 20, '2023-07-02 16:36:41'),
(134, 'A', 'A', 8, 25, 8, 14, '2023-07-02 16:36:41'),
(135, 'A', 'A', 8, 1, 9, 1, '2023-07-02 16:36:41'),
(136, 'A', 'A', 8, 95, 10, 2, '2023-07-02 16:36:41'),
(137, 'A', 'A', 8, 9, 11, 15, '2023-07-02 16:36:41'),
(138, 'A', 'A', 8, 80, 12, 12, '2023-07-02 16:36:41'),
(139, 'A', 'A', 8, 93, 13, 15, '2023-07-02 16:36:41'),
(140, 'A', 'A', 8, 34, 14, 40, '2023-07-02 16:36:41'),
(141, 'A', 'A', 8, 11, 15, 25, '2023-07-02 16:36:41'),
(142, 'A', 'A', 8, 93, 16, 42, '2023-07-02 16:36:41'),
(143, 'A', 'A', 8, 68, 17, 12, '2023-07-02 16:36:41'),
(144, 'A', 'A', 8, 38, 18, 44, '2023-07-02 16:36:41'),
(145, 'A', 'A', 9, 88, 1, 15, '2023-07-02 16:36:41'),
(146, 'A', 'A', 9, 3, 2, 19, '2023-07-02 16:36:41'),
(147, 'A', 'A', 9, 20, 3, 6, '2023-07-02 16:36:41'),
(148, 'A', 'A', 9, 87, 4, 12, '2023-07-02 16:36:41'),
(149, 'A', 'A', 9, 58, 5, 31, '2023-07-02 16:36:41'),
(150, 'A', 'A', 9, 38, 6, 29, '2023-07-02 16:36:41'),
(151, 'A', 'A', 9, 90, 7, 43, '2023-07-02 16:36:41'),
(152, 'A', 'A', 9, 47, 8, 44, '2023-07-02 16:36:41'),
(153, 'A', 'A', 9, 71, 9, 17, '2023-07-02 16:36:41'),
(154, 'A', 'A', 9, 4, 10, 38, '2023-07-02 16:36:41'),
(155, 'A', 'A', 9, 70, 11, 18, '2023-07-02 16:36:41'),
(156, 'A', 'A', 9, 55, 12, 11, '2023-07-02 16:36:41'),
(157, 'A', 'A', 9, 28, 13, 29, '2023-07-02 16:36:41'),
(158, 'A', 'A', 9, 23, 14, 18, '2023-07-02 16:36:41'),
(159, 'A', 'A', 9, 79, 15, 14, '2023-07-02 16:36:41'),
(160, 'A', 'A', 9, 97, 16, 35, '2023-07-02 16:36:41'),
(161, 'A', 'A', 9, 75, 17, 42, '2023-07-02 16:36:41'),
(162, 'A', 'A', 9, 7, 18, 24, '2023-07-02 16:36:41'),
(163, 'A', 'A', 10, 93, 1, 12, '2023-07-02 16:36:41'),
(164, 'A', 'A', 10, 48, 2, 35, '2023-07-02 16:36:41'),
(165, 'A', 'A', 10, 36, 3, 12, '2023-07-02 16:36:41'),
(166, 'A', 'A', 10, 13, 4, 27, '2023-07-02 16:36:41'),
(167, 'A', 'A', 10, 20, 5, 27, '2023-07-02 16:36:41'),
(168, 'A', 'A', 10, 60, 6, 26, '2023-07-02 16:36:41'),
(169, 'A', 'A', 10, 94, 7, 15, '2023-07-02 16:36:41'),
(170, 'A', 'A', 10, 71, 8, 10, '2023-07-02 16:36:41'),
(171, 'A', 'A', 10, 29, 9, 2, '2023-07-02 16:36:41'),
(172, 'A', 'A', 10, 89, 10, 42, '2023-07-02 16:36:41'),
(173, 'A', 'A', 10, 78, 11, 40, '2023-07-02 16:36:41'),
(174, 'A', 'A', 10, 46, 12, 8, '2023-07-02 16:36:41'),
(175, 'A', 'A', 10, 38, 13, 34, '2023-07-02 16:36:41'),
(176, 'A', 'A', 10, 78, 14, 27, '2023-07-02 16:36:41'),
(177, 'A', 'A', 10, 88, 15, 43, '2023-07-02 16:36:41'),
(178, 'A', 'A', 10, 39, 16, 1, '2023-07-02 16:36:41'),
(179, 'A', 'A', 10, 74, 17, 35, '2023-07-02 16:36:41'),
(180, 'A', 'A', 10, 26, 18, 26, '2023-07-02 16:36:41'),
(181, 'A', 'A', 11, 23, 1, 39, '2023-07-02 16:36:41'),
(182, 'A', 'A', 11, 76, 2, 34, '2023-07-02 16:36:41'),
(183, 'A', 'A', 11, 46, 3, 13, '2023-07-02 16:36:41'),
(184, 'A', 'A', 11, 2, 4, 2, '2023-07-02 16:36:41'),
(185, 'A', 'A', 11, 31, 5, 38, '2023-07-02 16:36:41'),
(186, 'A', 'A', 11, 77, 6, 13, '2023-07-02 16:36:41'),
(187, 'A', 'A', 11, 80, 7, 16, '2023-07-02 16:36:41'),
(188, 'A', 'A', 11, 9, 8, 42, '2023-07-02 16:36:41'),
(189, 'A', 'A', 11, 90, 9, 48, '2023-07-02 16:36:41'),
(190, 'A', 'A', 11, 95, 10, 2, '2023-07-02 16:36:41'),
(191, 'A', 'A', 11, 83, 11, 15, '2023-07-02 16:36:41'),
(192, 'A', 'A', 11, 80, 12, 28, '2023-07-02 16:36:41'),
(193, 'A', 'A', 11, 59, 13, 37, '2023-07-02 16:36:41'),
(194, 'A', 'A', 11, 13, 14, 25, '2023-07-02 16:36:41'),
(195, 'A', 'A', 11, 30, 15, 48, '2023-07-02 16:36:41'),
(196, 'A', 'A', 11, 3, 16, 42, '2023-07-02 16:36:41'),
(197, 'A', 'A', 11, 32, 17, 47, '2023-07-02 16:36:41'),
(198, 'A', 'A', 11, 42, 18, 32, '2023-07-02 16:36:41'),
(199, 'A', 'A', 12, 74, 1, 11, '2023-07-02 16:36:41'),
(200, 'A', 'A', 12, 7, 2, 22, '2023-07-02 16:36:41'),
(201, 'A', 'A', 12, 48, 3, 5, '2023-07-02 16:36:41'),
(202, 'A', 'A', 12, 83, 4, 6, '2023-07-02 16:36:41'),
(203, 'A', 'A', 12, 54, 5, 27, '2023-07-02 16:36:41'),
(204, 'A', 'A', 12, 77, 6, 45, '2023-07-02 16:36:41'),
(205, 'A', 'A', 12, 23, 7, 35, '2023-07-02 16:36:42'),
(206, 'A', 'A', 12, 3, 8, 39, '2023-07-02 16:36:42'),
(207, 'A', 'A', 12, 9, 9, 15, '2023-07-02 16:36:42'),
(208, 'A', 'A', 12, 68, 10, 40, '2023-07-02 16:36:42'),
(209, 'A', 'A', 12, 73, 11, 25, '2023-07-02 16:36:42'),
(210, 'A', 'A', 12, 22, 12, 18, '2023-07-02 16:36:42'),
(211, 'A', 'A', 12, 98, 13, 14, '2023-07-02 16:36:42'),
(212, 'A', 'A', 12, 48, 14, 5, '2023-07-02 16:36:42'),
(213, 'A', 'A', 12, 11, 15, 3, '2023-07-02 16:36:42'),
(214, 'A', 'A', 12, 57, 16, 37, '2023-07-02 16:36:42'),
(215, 'A', 'A', 12, 57, 17, 5, '2023-07-02 16:36:42'),
(216, 'A', 'A', 12, 89, 18, 7, '2023-07-02 16:36:42'),
(217, 'A', 'A', 13, 97, 1, 35, '2023-07-02 16:36:42'),
(218, 'A', 'A', 13, 29, 2, 10, '2023-07-02 16:36:42'),
(219, 'A', 'A', 13, 49, 3, 26, '2023-07-02 16:36:42'),
(220, 'A', 'A', 13, 84, 4, 33, '2023-07-02 16:36:42'),
(221, 'A', 'A', 13, 53, 5, 40, '2023-07-02 16:36:42'),
(222, 'A', 'A', 13, 49, 6, 11, '2023-07-02 16:36:42'),
(223, 'A', 'A', 13, 12, 7, 11, '2023-07-02 16:36:42'),
(224, 'A', 'A', 13, 41, 8, 21, '2023-07-02 16:36:42'),
(225, 'A', 'A', 13, 16, 9, 22, '2023-07-02 16:36:42'),
(226, 'A', 'A', 13, 35, 10, 28, '2023-07-02 16:36:42'),
(227, 'A', 'A', 13, 3, 11, 41, '2023-07-02 16:36:42'),
(228, 'A', 'A', 13, 79, 12, 9, '2023-07-02 16:36:42'),
(229, 'A', 'A', 13, 98, 13, 28, '2023-07-02 16:36:42'),
(230, 'A', 'A', 13, 11, 14, 17, '2023-07-02 16:36:42'),
(231, 'A', 'A', 13, 23, 15, 34, '2023-07-02 16:36:42'),
(232, 'A', 'A', 13, 22, 16, 32, '2023-07-02 16:36:42'),
(233, 'A', 'A', 13, 58, 17, 23, '2023-07-02 16:36:42'),
(234, 'A', 'A', 13, 9, 18, 17, '2023-07-02 16:36:42');

-- --------------------------------------------------------

--
-- Estructura de tabla para la tabla `profesor`
--

CREATE TABLE `profesor` (
  `PRF_ID` int(11) NOT NULL,
  `PRF_DNI` varchar(10) NOT NULL,
  `PRF_NOM` varchar(100) NOT NULL,
  `PRF_NOM2` varchar(100) NOT NULL,
  `PRF_APE` varchar(100) NOT NULL,
  `PRF_APE2` varchar(100) NOT NULL,
  `PRF_FECH_NAC` date NOT NULL,
  `PRF_GEN` char(1) NOT NULL,
  `PRF_DIR` varchar(400) NOT NULL,
  `PRF_CEL` varchar(10) NOT NULL,
  `PRF_TEL` varchar(10) NOT NULL,
  `PRF_MAIL` varchar(100) NOT NULL,
  `PRF_FECH_INGR_INST` date NOT NULL,
  `PRF_FECH_INGR_MAG` date NOT NULL,
  `PRF_ESTADO` char(1) NOT NULL CHECK (`PRF_ESTADO` in ('A','I')),
  `USR_CREADOR_ID` int(11) NOT NULL,
  `FECHA_CREACION` datetime NOT NULL DEFAULT current_timestamp()
) ENGINE=InnoDB DEFAULT CHARSET=utf8mb4 COLLATE=utf8mb4_general_ci;

--
-- Volcado de datos para la tabla `profesor`
--

INSERT INTO `profesor` (`PRF_ID`, `PRF_DNI`, `PRF_NOM`, `PRF_NOM2`, `PRF_APE`, `PRF_APE2`, `PRF_FECH_NAC`, `PRF_GEN`, `PRF_DIR`, `PRF_CEL`, `PRF_TEL`, `PRF_MAIL`, `PRF_FECH_INGR_INST`, `PRF_FECH_INGR_MAG`, `PRF_ESTADO`, `USR_CREADOR_ID`, `FECHA_CREACION`) VALUES
(1, '3480068332', 'Franciskus', 'Zhì', 'McGonigal', '蔡', '1977-10-07', 'M', '942 Luster Avenue', '960-438-77', '(139) 3281', 'fmcgonigal0@spiegel.de', '2016-10-27', '2001-09-17', 'A', 8, '2023-07-02 16:26:27'),
(2, '5884732554', 'Trix', 'Méng', 'Branthwaite', '乌', '1984-06-06', 'F', '51948 South Circle', '574-708-73', '(883) 3810', 'tbranthwaite1@youtube.com', '2014-07-17', '2000-12-17', 'A', 36, '2023-07-02 16:26:27'),
(3, '1485108381', 'Hunter', 'Mylène', 'Pepall', '僪', '1977-04-03', 'M', '49 Crest Line Way', '363-535-08', '(983) 6180', 'hpepall2@cdc.gov', '2013-06-08', '2001-07-11', 'A', 42, '2023-07-02 16:26:27'),
(4, '8290061390', 'Isak', 'Marlène', 'Woodrooffe', '翟', '1974-07-11', 'M', '28255 Forest Dale Circle', '869-532-89', '(151) 8754', 'iwoodrooffe3@archive.org', '2007-11-18', '2000-12-17', 'A', 9, '2023-07-02 16:26:27'),
(5, '8026567633', 'Stepha', 'Marie-josée', 'Fibben', '曹', '1982-03-15', 'F', '9801 Boyd Pass', '833-970-95', '(535) 5293', 'sfibben4@apache.org', '2013-09-11', '2002-04-30', 'A', 41, '2023-07-02 16:26:27'),
(6, '0901694657', 'Jania', 'Andréanne', 'Eustanch', '红', '1960-06-04', 'F', '39442 Stone Corner Street', '274-264-24', '(367) 2216', 'jeustanch5@unicef.org', '2017-05-28', '2001-08-28', 'A', 43, '2023-07-02 16:26:27'),
(7, '4706857384', 'Trisha', 'Aurélie', 'Tubridy', '国', '1975-01-09', 'F', '71986 Weeping Birch Avenue', '888-521-12', '(278) 9065', 'ttubridy6@mozilla.org', '2021-03-19', '2001-03-16', 'A', 47, '2023-07-02 16:26:27'),
(8, '0989089037', 'Rob', 'Crééz', 'Antoniak', '仇', '1980-12-15', 'M', '47170 Hanover Pass', '809-795-75', '(985) 4723', 'rantoniak7@meetup.com', '2009-12-07', '2003-03-24', 'A', 48, '2023-07-02 16:26:27'),
(9, '3394245248', 'Robb', 'Maëly', 'Heims', '须', '1989-09-15', 'M', '4243 South Alley', '455-475-11', '(248) 2002', 'rheims8@naver.com', '2019-08-19', '2001-08-14', 'A', 9, '2023-07-02 16:26:27'),
(10, '5679056712', 'Sanson', 'Laurène', 'Iremonger', '柴', '1978-07-21', 'M', '803 Towne Trail', '552-850-21', '(775) 7270', 'siremonger9@who.int', '2018-07-06', '2000-10-18', 'A', 25, '2023-07-02 16:26:27'),
(11, '4949309900', 'Denis', 'Lucrèce', 'Daniells', '隆', '1987-04-06', 'M', '9533 Fremont Road', '489-867-75', '(203) 5756', 'ddaniellsa@google.ca', '2020-06-13', '2004-10-06', 'A', 11, '2023-07-02 16:26:27'),
(12, '1515048667', 'Broderick', 'Adèle', 'Nester', '林', '1988-05-26', 'M', '4271 Surrey Hill', '673-296-67', '(838) 3919', 'bnesterb@bluehost.com', '2012-09-05', '2001-01-02', 'A', 18, '2023-07-02 16:26:27'),
(13, '8414862748', 'Hersch', 'Simplifiés', 'Raimbauld', '江', '1986-02-25', 'M', '93 Browning Way', '284-737-69', '(156) 7981', 'hraimbauldc@jigsy.com', '2020-05-14', '2004-08-10', 'A', 15, '2023-07-02 16:26:27'),
(14, '9889045672', 'Inesita', 'Marylène', 'Sidsaff', '宫', '1981-05-03', 'F', '542 Alpine Junction', '995-747-48', '(159) 6693', 'isidsaffd@reddit.com', '2012-11-07', '2002-12-13', 'A', 38, '2023-07-02 16:26:27'),
(15, '5408564657', 'Averill', 'Håkan', 'Mennell', '安', '1970-07-04', 'M', '461 Hovde Court', '815-392-70', '(767) 8335', 'amennelle@fotki.com', '2007-07-22', '2002-10-25', 'A', 29, '2023-07-02 16:26:27'),
(16, '6876975584', 'Erin', 'Hélène', 'Limmer', '许', '1972-10-01', 'F', '4105 Golden Leaf Alley', '233-423-87', '(201) 9697', 'elimmerf@thetimes.co.uk', '2016-06-13', '2002-01-25', 'A', 24, '2023-07-02 16:26:27'),
(17, '1426551282', 'Moira', 'Yóu', 'Caddie', '严', '1984-09-03', 'F', '826 Nelson Trail', '271-451-69', '(808) 7670', 'mcaddieg@phoca.cz', '2022-02-24', '2001-12-07', 'A', 2, '2023-07-02 16:26:27'),
(18, '5568162042', 'Thorsten', 'Mégane', 'Brimfield', '邹', '1973-01-16', 'M', '98 Sullivan Circle', '172-297-27', '(809) 3052', 'tbrimfieldh@xing.com', '2016-12-03', '2004-11-27', 'A', 20, '2023-07-02 16:26:27'),
(19, '9252615229', 'Marchelle', 'Bécassine', 'Pirrie', '蔡', '1986-08-13', 'F', '6441 Sycamore Hill', '486-136-02', '(441) 5933', 'mpirriei@thetimes.co.uk', '2012-03-20', '2004-03-11', 'A', 19, '2023-07-02 16:26:27'),
(20, '6493733987', 'Ninnetta', 'Göran', 'Biddles', '席', '1963-09-18', 'F', '8 Shoshone Place', '155-446-76', '(730) 5288', 'nbiddlesj@yellowbook.com', '2012-10-14', '2003-11-19', 'A', 9, '2023-07-02 16:26:27'),
(21, '2436660344', 'Lucina', 'Uò', 'Tschiersch', '邓', '1987-06-02', 'F', '6586 Fallview Parkway', '595-871-90', '(631) 8044', 'ltschierschk@opensource.org', '2013-04-28', '2002-11-25', 'A', 17, '2023-07-02 16:26:27'),
(22, '7211325070', 'Farlie', 'Vénus', 'Attewell', '宋', '1969-08-15', 'M', '3117 Rieder Court', '191-520-97', '(411) 3895', 'fattewelll@examiner.com', '2020-02-14', '2001-05-17', 'A', 33, '2023-07-02 16:26:27'),
(23, '7069870469', 'Sapphira', 'Görel', 'Machon', '羿', '1975-07-10', 'F', '1802 Coleman Hill', '412-676-86', '(711) 3026', 'smachonm@opensource.org', '2012-03-28', '2003-05-20', 'A', 34, '2023-07-02 16:26:27'),
(24, '5138976958', 'Leena', 'Gisèle', 'McKissack', '申', '1983-03-24', 'F', '7 Scott Lane', '552-431-88', '(692) 2561', 'lmckissackn@telegraph.co.uk', '2008-01-02', '2003-05-21', 'A', 33, '2023-07-02 16:26:27'),
(25, '7194078759', 'Gus', 'Renée', 'Waddams', '盍', '1971-05-25', 'M', '31615 Towne Junction', '379-881-07', '(146) 3144', 'gwaddamso@plala.or.jp', '2015-03-03', '2003-07-20', 'A', 18, '2023-07-02 16:26:27'),
(26, '7189317260', 'Burch', 'Cléa', 'Skechley', '屠', '1989-11-18', 'M', '2 Kropf Circle', '573-672-06', '(734) 8797', 'bskechleyp@elegantthemes.com', '2009-09-07', '2001-12-08', 'A', 37, '2023-07-02 16:26:27'),
(27, '5676962631', 'Damian', 'Andrée', 'Jessett', '谭', '1984-05-04', 'M', '21509 Monument Center', '353-154-71', '(648) 8429', 'djessettq@nbcnews.com', '2006-05-08', '2002-10-22', 'A', 6, '2023-07-02 16:26:27'),
(28, '8686403700', 'Flynn', 'Audréanne', 'Lakeman', '红', '1980-07-24', 'M', '51684 Dexter Center', '487-193-83', '(229) 4628', 'flakemanr@ebay.co.uk', '2022-07-26', '2003-06-06', 'A', 48, '2023-07-02 16:26:27'),
(29, '4976008525', 'Dewie', 'Almérinda', 'Deviney', '蓟', '1979-01-16', 'M', '01 Lake View Road', '639-882-82', '(792) 3487', 'ddevineys@google.com.hk', '2011-03-17', '2002-03-12', 'A', 5, '2023-07-02 16:26:27'),
(30, '6542804463', 'Ileana', 'Ruì', 'Van Merwe', '广', '1972-11-25', 'F', '77184 Stoughton Plaza', '158-433-87', '(761) 7209', 'ivanmerwet@hatena.ne.jp', '2022-07-14', '2002-09-09', 'A', 5, '2023-07-02 16:26:27'),
(31, '1961411784', 'Mechelle', 'Camélia', 'Lukehurst', '骆', '1970-02-23', 'F', '50389 Dawn Court', '126-308-60', '(341) 5394', 'mlukehurstu@ibm.com', '2007-11-27', '2005-05-11', 'A', 29, '2023-07-02 16:26:27'),
(32, '2244347524', 'Rebe', 'Marylène', 'Murkus', '鞠', '1976-03-21', 'F', '58963 Merry Circle', '361-541-46', '(855) 2245', 'rmurkusv@mozilla.org', '2022-07-27', '2004-10-11', 'A', 21, '2023-07-02 16:26:27'),
(33, '4010424788', 'Coreen', 'Daphnée', 'Gaspard', '毛', '1962-11-24', 'F', '1 Vera Avenue', '890-472-52', '(407) 1544', 'cgaspardw@cbc.ca', '2020-01-16', '2004-11-10', 'A', 12, '2023-07-02 16:26:27'),
(34, '3751599398', 'Paule', 'Liè', 'Willshaw', '郜', '1966-08-20', 'F', '15 Lakewood Drive', '671-853-66', '(967) 2922', 'pwillshawx@cnn.com', '2020-11-18', '2003-05-02', 'A', 15, '2023-07-02 16:26:27'),
(35, '0041629965', 'Ulberto', 'Maëlyss', 'Wadeling', '却', '1969-05-23', 'M', '822 Fairview Point', '349-942-53', '(393) 5246', 'uwadelingy@liveinternet.ru', '2023-05-26', '2000-11-15', 'A', 2, '2023-07-02 16:26:27'),
(36, '0381315665', 'Shae', 'Erwéi', 'Foster-Smith', '祖', '1963-11-22', 'M', '40 Brentwood Street', '906-348-53', '(255) 9980', 'sfostersmithz@mapy.cz', '2011-03-24', '2005-06-11', 'A', 27, '2023-07-02 16:26:27'),
(37, '8674558798', 'Rozelle', 'Josée', 'Benasik', '孙', '1981-05-20', 'F', '9 Lakewood Gardens Trail', '921-999-02', '(241) 4934', 'rbenasik10@xrea.com', '2011-02-06', '2002-08-04', 'A', 33, '2023-07-02 16:26:27'),
(38, '2012903207', 'Wyndham', 'Médiamass', 'O\'Grada', '羿', '1976-03-16', 'M', '8 Straubel Terrace', '681-493-70', '(460) 5708', 'wograda11@shutterfly.com', '2015-06-10', '2002-09-29', 'A', 48, '2023-07-02 16:26:27'),
(39, '6948762255', 'Maddie', 'Wá', 'Waldock', '解', '1961-02-18', 'F', '47623 Randy Place', '129-946-38', '(224) 5883', 'mwaldock12@oakley.com', '2014-02-12', '2004-10-16', 'A', 46, '2023-07-02 16:26:27'),
(40, '5680478900', 'Minor', 'Yáo', 'Hesse', '晏', '1988-07-16', 'M', '3 Towne Parkway', '275-231-87', '(322) 7134', 'mhesse13@globo.com', '2009-10-30', '2003-01-04', 'A', 31, '2023-07-02 16:26:27'),
(41, '9742874948', 'Darlene', 'Lóng', 'Echlin', '从', '1988-09-04', 'F', '31 Huxley Street', '924-216-02', '(420) 8340', 'dechlin14@ehow.com', '2011-04-30', '2005-05-01', 'A', 21, '2023-07-02 16:26:27'),
(42, '8781667868', 'Em', 'Maëly', 'Roughey', '滕', '1981-04-01', 'M', '4 Schmedeman Drive', '865-602-21', '(616) 3678', 'eroughey15@ifeng.com', '2020-08-20', '2005-02-21', 'A', 44, '2023-07-02 16:26:27'),
(43, '1344435157', 'Lilllie', 'Ráo', 'Caras', '慕', '1964-02-06', 'F', '6 Forest Hill', '334-384-67', '(580) 4933', 'lcaras16@scientificamerican.com', '2010-07-14', '2001-08-05', 'A', 22, '2023-07-02 16:26:27'),
(44, '8922341548', 'Dania', 'Magdalène', 'Alstead', '水', '1978-04-23', 'F', '3623 Amoth Center', '708-669-12', '(372) 6696', 'dalstead17@columbia.edu', '2016-09-27', '2004-11-14', 'A', 2, '2023-07-02 16:26:27'),
(45, '8322151608', 'Isa', 'Magdalène', 'Itscowics', '庄', '1965-09-21', 'M', '237 Drewry Trail', '246-684-98', '(430) 1917', 'iitscowics18@deliciousdays.com', '2015-09-29', '2002-03-22', 'A', 11, '2023-07-02 16:26:27'),
(46, '3693765332', 'Bella', 'Anaëlle', 'Traher', '却', '1987-02-05', 'F', '3440 Manitowish Plaza', '262-538-33', '(105) 5236', 'btraher19@usnews.com', '2008-07-07', '2005-03-06', 'A', 43, '2023-07-02 16:26:27'),
(47, '0383121256', 'Suki', 'Åslög', 'felip', '容', '1979-12-22', 'F', '5 Pennsylvania Plaza', '208-638-54', '(356) 3062', 'sfelip1a@drupal.org', '2010-04-23', '2001-09-30', 'A', 43, '2023-07-02 16:26:27'),
(48, '2157517375', 'Zia', 'Angélique', 'Gillyatt', '仲', '1974-01-28', 'F', '6379 Lerdahl Street', '680-555-80', '(720) 1399', 'zgillyatt1b@free.fr', '2013-02-18', '2003-08-04', 'A', 40, '2023-07-02 16:26:27'),
(49, '1882514637', 'Clare', 'Adélaïde', 'Krebs', '郝', '1961-06-27', 'M', '6 Bay Junction', '947-410-84', '(591) 9904', 'ckrebs1c@pinterest.com', '2020-12-12', '2005-04-07', 'A', 22, '2023-07-02 16:26:27'),
(50, '3476503321', 'Rosella', 'Styrbjörn', 'Spanton', '翁', '1981-02-23', 'F', '66196 Dorton Alley', '188-161-05', '(161) 8398', 'rspanton1d@yelp.com', '2015-02-09', '2001-12-29', 'A', 44, '2023-07-02 16:26:27'),
(51, '8254955905', 'Clair', 'Ráo', 'Edling', '狄', '1965-04-23', 'F', '34415 Superior Court', '828-296-00', '(851) 1743', 'cedling1e@ycombinator.com', '2016-08-06', '2003-01-22', 'A', 6, '2023-07-02 16:26:27'),
(52, '3968173856', 'Ethel', 'Séverine', 'McQuillin', '广', '1969-08-03', 'F', '04 Namekagon Terrace', '827-124-90', '(784) 7418', 'emcquillin1f@google.es', '2017-01-04', '2000-06-27', 'A', 22, '2023-07-02 16:26:27'),
(53, '9530228856', 'Aldrich', 'Lauréna', 'Ferenczi', '平', '1963-08-11', 'M', '3 Tennessee Terrace', '202-199-95', '(438) 7512', 'aferenczi1g@twitter.com', '2012-07-30', '2001-10-02', 'A', 10, '2023-07-02 16:26:27'),
(54, '7202437619', 'Noland', 'Célia', 'Carbonell', '靳', '1964-05-21', 'M', '30 Linden Place', '481-861-03', '(334) 1183', 'ncarbonell1h@lycos.com', '2012-10-14', '2005-01-22', 'A', 27, '2023-07-02 16:26:27'),
(55, '1819363929', 'Spike', 'Almérinda', 'Bartlam', '齐', '1979-10-27', 'M', '0 Nelson Road', '202-435-52', '(958) 6873', 'sbartlam1i@cnet.com', '2015-04-15', '2004-06-17', 'A', 7, '2023-07-02 16:26:27'),
(56, '2522411128', 'Gavin', 'Gérald', 'Victory', '宋', '1988-07-30', 'M', '02 Magdeline Lane', '217-302-90', '(378) 5898', 'gvictory1j@stanford.edu', '2011-06-06', '2003-04-21', 'A', 38, '2023-07-02 16:26:27'),
(57, '5351080125', 'Evonne', 'Méline', 'Flahive', '罗', '1984-03-21', 'F', '52 Mendota Parkway', '254-525-70', '(412) 6845', 'eflahive1k@jiathis.com', '2008-03-12', '2004-03-15', 'A', 13, '2023-07-02 16:26:27'),
(58, '7774436960', 'Wallache', 'Lyséa', 'Bidder', '冷', '1978-02-15', 'M', '47 Comanche Circle', '816-753-53', '(216) 7128', 'wbidder1l@cam.ac.uk', '2010-12-31', '2002-01-03', 'A', 31, '2023-07-02 16:26:27'),
(59, '3850938247', 'Dorrie', 'Séverine', 'Ucceli', '都', '1962-02-18', 'F', '9116 Cottonwood Place', '921-473-61', '(548) 9965', 'ducceli1m@sciencedirect.com', '2020-08-03', '2000-06-18', 'A', 22, '2023-07-02 16:26:27'),
(60, '8065149383', 'Chelsae', 'Åsa', 'Lickorish', '王', '1963-06-09', 'F', '67 Anderson Junction', '434-511-64', '(871) 5667', 'clickorish1n@eventbrite.com', '2005-07-02', '2002-11-30', 'A', 13, '2023-07-02 16:26:27'),
(61, '5281703692', 'Filmer', 'Erwéi', 'Tofano', '雍', '1967-04-02', 'M', '476 Magdeline Drive', '302-181-30', '(745) 7567', 'ftofano1o@time.com', '2005-08-02', '2002-10-08', 'A', 37, '2023-07-02 16:26:27'),
(62, '1281352578', 'Joy', 'André', 'Philipsohn', '糜', '1972-01-11', 'F', '33 Meadow Valley Point', '449-795-46', '(468) 3854', 'jphilipsohn1p@fema.gov', '2006-11-16', '2000-09-26', 'A', 22, '2023-07-02 16:26:27'),
(63, '6960234441', 'Ole', 'Estée', 'Ianetti', '喻', '1964-01-04', 'M', '19 Shoshone Hill', '115-888-22', '(832) 8478', 'oianetti1q@unblog.fr', '2015-06-12', '2000-10-18', 'A', 16, '2023-07-02 16:26:27'),
(64, '8301760451', 'Benetta', 'Illustrée', 'Pimlock', '高', '1970-07-09', 'F', '2 Dexter Trail', '212-253-89', '(943) 3075', 'bpimlock1r@themeforest.net', '2017-12-25', '2003-04-25', 'A', 35, '2023-07-02 16:26:27'),
(65, '5503398750', 'Flor', 'Félicie', 'Dionisio', '管', '1965-08-08', 'F', '05 Waxwing Point', '944-586-59', '(434) 8843', 'fdionisio1s@wikipedia.org', '2007-08-22', '2004-11-06', 'A', 9, '2023-07-02 16:26:27'),
(66, '9646498809', 'Estrella', 'Géraldine', 'Janse', '鱼', '1966-11-03', 'F', '43 Commercial Street', '641-876-62', '(758) 9471', 'ejanse1t@hugedomains.com', '2016-07-01', '2001-07-10', 'A', 1, '2023-07-02 16:26:27'),
(67, '2266791648', 'Samuel', 'Gaëlle', 'Thaxter', '鞠', '1963-11-24', 'M', '4 Sullivan Street', '671-981-02', '(828) 4841', 'sthaxter1u@nationalgeographic.com', '2010-08-17', '2001-12-22', 'A', 47, '2023-07-02 16:26:27'),
(68, '2422199968', 'Alfie', 'Véronique', 'Ainscough', '郁', '1965-05-18', 'F', '51 Novick Place', '209-924-84', '(653) 7897', 'aainscough1v@soundcloud.com', '2014-10-22', '2003-02-09', 'A', 30, '2023-07-02 16:26:27'),
(69, '0121097676', 'Olenolin', 'Josée', 'Brownrigg', '洪', '1962-03-27', 'M', '86 Tomscot Hill', '498-576-73', '(339) 3715', 'obrownrigg1w@jiathis.com', '2011-11-11', '2004-05-10', 'A', 32, '2023-07-02 16:26:27'),
(70, '4759687297', 'Lewie', 'Görel', 'Stener', '闻', '1962-01-21', 'M', '58 Donald Avenue', '749-784-47', '(985) 2818', 'lstener1x@yahoo.co.jp', '2022-05-11', '2000-06-24', 'A', 10, '2023-07-02 16:26:27'),
(71, '2041282134', 'Aurelie', 'Maëlla', 'Durling', '籍', '1966-04-24', 'F', '132 Straubel Road', '882-767-77', '(708) 4726', 'adurling1y@vinaora.com', '2014-09-03', '2003-11-08', 'A', 22, '2023-07-02 16:26:27'),
(72, '1312117516', 'Frazier', 'Judicaël', 'Ruddiforth', '阮', '1961-08-26', 'M', '5 Eagle Crest Trail', '694-233-40', '(106) 4715', 'fruddiforth1z@miibeian.gov.cn', '2017-10-25', '2005-04-21', 'A', 3, '2023-07-02 16:26:27'),
(73, '2619088852', 'Ursola', 'Zhì', 'Peiser', '安', '1962-02-02', 'F', '1 3rd Terrace', '871-294-70', '(545) 9835', 'upeiser20@unesco.org', '2011-08-08', '2005-03-09', 'A', 29, '2023-07-02 16:26:27'),
(74, '6155151245', 'Hercule', 'Östen', 'Westoll', '查', '1975-08-16', 'M', '410 Northport Lane', '915-553-45', '(713) 1404', 'hwestoll21@army.mil', '2006-02-02', '2002-08-28', 'A', 32, '2023-07-02 16:26:27'),
(75, '4840799539', 'Nigel', 'Ruì', 'Benardeau', '尤', '1984-07-15', 'M', '8 Bowman Circle', '683-566-69', '(573) 1038', 'nbenardeau22@last.fm', '2012-02-28', '2003-01-31', 'A', 26, '2023-07-02 16:26:27'),
(76, '4968419724', 'Ingra', 'Åsa', 'Colson', '关', '1972-08-24', 'M', '4423 Reinke Trail', '741-841-25', '(366) 7781', 'icolson23@histats.com', '2016-03-16', '2003-06-09', 'A', 8, '2023-07-02 16:26:27'),
(77, '8114155566', 'Terrie', 'Garçon', 'Craggs', '公', '1976-01-24', 'F', '348 Bonner Trail', '242-127-26', '(832) 2381', 'tcraggs24@nature.com', '2019-02-15', '2001-08-26', 'A', 5, '2023-07-02 16:26:27'),
(78, '4213506614', 'Dukey', 'Jú', 'Lossman', '羿', '1965-08-02', 'M', '803 Sunfield Trail', '143-385-19', '(864) 1435', 'dlossman25@storify.com', '2014-11-27', '2003-04-02', 'A', 28, '2023-07-02 16:26:27'),
(79, '8875782415', 'Kile', 'Aurélie', 'Uman', '贡', '1979-04-14', 'M', '6134 Novick Point', '625-195-76', '(388) 1065', 'kuman26@storify.com', '2012-08-03', '2004-07-03', 'A', 1, '2023-07-02 16:26:27'),
(80, '7173885361', 'Urban', 'Marie-thérèse', 'Lefort', '麻', '1978-05-03', 'M', '640 Buell Road', '471-114-45', '(241) 1716', 'ulefort27@mit.edu', '2022-05-26', '2001-08-03', 'A', 29, '2023-07-02 16:26:27'),
(81, '1269530666', 'Phedra', 'Géraldine', 'Balazs', '步', '1975-04-27', 'F', '42 Mayfield Parkway', '753-459-60', '(857) 3107', 'pbalazs28@auda.org.au', '2006-02-21', '2003-05-06', 'A', 43, '2023-07-02 16:26:27'),
(82, '9121412553', 'Patton', 'Maïwenn', 'Goldston', '成', '1987-10-28', 'M', '87519 Jackson Center', '315-746-03', '(490) 1224', 'pgoldston29@ucoz.ru', '2019-08-11', '2004-10-26', 'A', 5, '2023-07-02 16:26:27'),
(83, '1202123910', 'Quincey', 'Maïté', 'Akess', '乌', '1985-11-25', 'M', '5745 Pleasure Place', '653-301-33', '(287) 5380', 'qakess2a@sogou.com', '2018-02-02', '2001-06-26', 'A', 6, '2023-07-02 16:26:27'),
(84, '1626449368', 'Elliott', 'Loïs', 'Minguet', '梅', '1977-06-17', 'M', '6831 Chinook Drive', '228-763-54', '(808) 8402', 'eminguet2b@msu.edu', '2013-12-09', '2002-06-13', 'A', 38, '2023-07-02 16:26:27'),
(85, '5078402527', 'Booth', 'Magdalène', 'Howsam', '颜', '1970-09-09', 'M', '2233 Alpine Plaza', '245-385-55', '(349) 6734', 'bhowsam2c@mysql.com', '2014-03-03', '2002-03-14', 'A', 37, '2023-07-02 16:26:27'),
(86, '6251252278', 'Torrie', 'Mélissandre', 'Pfeiffer', '元', '1961-06-09', 'F', '06407 Duke Alley', '885-853-26', '(854) 4203', 'tpfeiffer2d@cnbc.com', '2020-06-30', '2000-08-11', 'A', 1, '2023-07-02 16:26:27'),
(87, '4338452528', 'Cherida', 'Nélie', 'Oldnall', '查', '1989-09-29', 'F', '4902 Burrows Lane', '548-329-51', '(368) 9464', 'coldnall2e@scribd.com', '2019-07-18', '2001-10-29', 'A', 30, '2023-07-02 16:26:27'),
(88, '6272088302', 'Adler', 'Kuí', 'Abrahmovici', '贲', '1976-12-06', 'M', '8 Swallow Court', '469-414-76', '(740) 3112', 'aabrahmovici2f@xrea.com', '2019-07-01', '2001-09-01', 'A', 40, '2023-07-02 16:26:27'),
(89, '1316234002', 'Lulu', 'Eléa', 'Stredder', '经', '1989-01-02', 'F', '66523 Morningstar Park', '361-122-59', '(402) 3839', 'lstredder2g@constantcontact.com', '2015-09-06', '2004-12-14', 'A', 4, '2023-07-02 16:26:27'),
(90, '5233028069', 'Shelton', 'Anaé', 'Gummory', '利', '1964-10-22', 'M', '860 3rd Center', '543-801-91', '(176) 2017', 'sgummory2h@independent.co.uk', '2019-05-28', '2003-09-01', 'A', 46, '2023-07-02 16:26:27'),
(91, '4486274180', 'Joe', 'Märta', 'Du Pre', '印', '1962-10-30', 'M', '06 Sunbrook Drive', '727-990-77', '(904) 7820', 'jdupre2i@imgur.com', '2014-03-28', '2001-01-07', 'A', 5, '2023-07-02 16:26:27'),
(92, '1859406602', 'Percival', 'Wá', 'Ingraham', '贝', '1974-02-08', 'M', '672 Birchwood Alley', '916-728-79', '(150) 4022', 'pingraham2j@icq.com', '2014-03-06', '2005-04-30', 'A', 23, '2023-07-02 16:26:27'),
(93, '1265175098', 'Dael', 'Céline', 'Menaul', '於', '1960-09-17', 'M', '895 Heath Junction', '623-212-90', '(500) 1462', 'dmenaul2k@trellian.com', '2012-06-25', '2004-09-10', 'A', 26, '2023-07-02 16:26:27'),
(94, '1012262073', 'Mamie', 'Salomé', 'Soule', '郑', '1970-01-12', 'F', '495 Ramsey Point', '371-367-11', '(797) 2667', 'msoule2l@constantcontact.com', '2007-06-09', '2001-08-25', 'A', 13, '2023-07-02 16:26:27'),
(95, '8885225462', 'Barbabas', 'Rachèle', 'Tenbrug', '裴', '1987-02-10', 'M', '98455 Columbus Alley', '899-768-83', '(574) 1266', 'btenbrug2m@businessweek.com', '2005-07-04', '2000-11-07', 'A', 48, '2023-07-02 16:26:27'),
(96, '3534581318', 'Niles', 'Daphnée', 'Kinner', '孔', '1984-06-14', 'M', '26534 Truax Junction', '927-507-47', '(863) 5625', 'nkinner2n@cdbaby.com', '2013-03-15', '2000-10-30', 'A', 8, '2023-07-02 16:26:27'),
(97, '9562142744', 'Valera', 'Laurélie', 'Cubuzzi', '融', '1988-08-05', 'F', '7 Everett Street', '101-541-49', '(513) 8334', 'vcubuzzi2o@usatoday.com', '2008-08-23', '2004-03-02', 'A', 16, '2023-07-02 16:26:27'),
(98, '9227664718', 'Reggis', 'Agnès', 'Birth', '国', '1966-10-01', 'M', '9 North Road', '456-911-05', '(449) 1089', 'rbirth2p@kickstarter.com', '2019-03-11', '2004-04-16', 'A', 1, '2023-07-02 16:26:27'),
(99, '2860485848', 'Hedy', 'Méghane', 'Halliberton', '支', '1983-11-30', 'F', '65 Spohn Alley', '384-380-72', '(950) 9095', 'hhalliberton2q@bbb.org', '2020-09-14', '2004-04-27', 'A', 15, '2023-07-02 16:26:27'),
(100, '0121385485', 'Dino', 'Yè', 'Dikle', '双', '1973-12-02', 'M', '2 Warbler Trail', '633-826-61', '(572) 7668', 'ddikle2r@joomla.org', '2023-02-05', '2001-07-09', 'A', 39, '2023-07-02 16:26:27');

-- --------------------------------------------------------

--
-- Estructura de tabla para la tabla `representante`
--

CREATE TABLE `representante` (
  `REP_ID` int(11) NOT NULL,
  `REP_DNI` varchar(10) NOT NULL,
  `REP_NOM` varchar(100) NOT NULL,
  `REP_NOM2` varchar(100) NOT NULL,
  `REP_APE` varchar(100) NOT NULL,
  `REP_APE2` varchar(100) NOT NULL,
  `REP_DIR` varchar(400) NOT NULL,
  `REP_CEL` varchar(10) NOT NULL,
  `REP_TEL` varchar(10) NOT NULL,
  `REP_MAIL` varchar(100) NOT NULL,
  `REP_REL_FAM` varchar(100) NOT NULL,
  `REP_ESTADO` char(1) NOT NULL CHECK (`REP_ESTADO` in ('A','I')),
  `USR_CREADOR_ID` int(11) NOT NULL,
  `FECHA_CREACION` datetime NOT NULL DEFAULT current_timestamp()
) ENGINE=InnoDB DEFAULT CHARSET=utf8mb4 COLLATE=utf8mb4_general_ci;

--
-- Volcado de datos para la tabla `representante`
--

INSERT INTO `representante` (`REP_ID`, `REP_DNI`, `REP_NOM`, `REP_NOM2`, `REP_APE`, `REP_APE2`, `REP_DIR`, `REP_CEL`, `REP_TEL`, `REP_MAIL`, `REP_REL_FAM`, `REP_ESTADO`, `USR_CREADOR_ID`, `FECHA_CREACION`) VALUES
(1, '7492797907', 'Malissa', 'Océane', 'Pochon', '路', '9015 Logan Junction', '514-426-62', '270-716-35', 'mpochon0@opensource.org', 'abuelo/a', 'A', 21, '2023-07-02 16:26:01'),
(2, '4308799902', 'Glad', 'Angélique', 'Verner', '山', '36590 Mariners Cove Hill', '590-925-49', '430-177-98', 'gverner1@cyberchimps.com', 'hermano/a', 'A', 13, '2023-07-02 16:26:01'),
(3, '5735065033', 'Reynolds', 'Lài', 'Larcier', '霍', '1618 Ilene Way', '224-261-29', '409-507-82', 'rlarcier2@mediafire.com', 'madre/padre', 'I', 29, '2023-07-02 16:26:01'),
(4, '3436527122', 'Toma', 'Hélèna', 'Ordemann', '程', '4 Transport Lane', '317-455-27', '850-945-64', 'tordemann3@domainmarket.com', 'tio/a', 'I', 28, '2023-07-02 16:26:01'),
(5, '7509858518', 'Oriana', 'Agnès', 'Willcocks', '侯', '674 Rutledge Way', '132-296-46', '769-707-65', 'owillcocks4@addthis.com', 'tio/a', 'I', 45, '2023-07-02 16:26:01'),
(6, '9648331545', 'Channa', 'Mélinda', 'Ciccoloi', '巢', '29398 Old Gate Pass', '880-775-90', '734-584-66', 'cciccoloi5@earthlink.net', 'primo/prima', 'A', 14, '2023-07-02 16:26:01'),
(7, '6938172633', 'Pepillo', 'Mélanie', 'Hackleton', '桓', '0 Butternut Point', '180-966-91', '128-239-03', 'phackleton6@qq.com', 'cuñado/cuñada', 'I', 30, '2023-07-02 16:26:01'),
(8, '0944335403', 'Guendolen', 'Lauréna', 'Boase', '姬', '320 Carpenter Plaza', '345-366-73', '720-858-68', 'gboase7@deviantart.com', 'abuelo/a', 'I', 18, '2023-07-02 16:26:01'),
(9, '5121960298', 'Bevin', 'Mélia', 'Olley', '訾', '9369 Crowley Parkway', '202-494-12', '765-548-84', 'bolley8@cnbc.com', 'madre/padre', 'I', 45, '2023-07-02 16:26:01'),
(10, '1510326405', 'Lyndy', 'Örjan', 'Stambridge', '雍', '05018 Glendale Drive', '112-162-20', '705-471-49', 'lstambridge9@reverbnation.com', 'madre/padre', 'I', 43, '2023-07-02 16:26:01'),
(11, '0423547410', 'Vidovik', 'Maëlla', 'Gimber', '皮', '35 Dunning Center', '286-512-83', '633-550-45', 'vgimbera@dmoz.org', 'primo/prima', 'I', 15, '2023-07-02 16:26:01'),
(12, '9609544274', 'Mada', 'Ruì', 'Robinson', '傅', '50676 Dryden Pass', '802-224-36', '879-620-04', 'mrobinsonb@wunderground.com', 'madre/padre', 'A', 28, '2023-07-02 16:26:01'),
(13, '9498416354', 'Franky', 'Åke', 'Adderson', '姬', '8 Loeprich Drive', '887-657-72', '621-208-59', 'faddersonc@stumbleupon.com', 'madre/padre', 'A', 46, '2023-07-02 16:26:01'),
(14, '5176234505', 'Rowland', 'Clémentine', 'Poynor', '何', '86478 Troy Junction', '295-833-82', '505-577-88', 'rpoynord@blog.com', 'abuelo/a', 'A', 11, '2023-07-02 16:26:01'),
(15, '6957478432', 'Malorie', 'Lucrèce', 'Tinklin', '谈', '48 Vahlen Trail', '422-592-49', '965-526-65', 'mtinkline@freewebs.com', 'abuelo/a', 'I', 28, '2023-07-02 16:26:01'),
(16, '9369931708', 'Annetta', 'Françoise', 'Sempill', '蓝', '1 Straubel Avenue', '858-961-10', '342-540-74', 'asempillf@java.com', 'madre/padre', 'A', 46, '2023-07-02 16:26:01'),
(17, '8335715580', 'Barb', 'Angèle', 'Exer', '隆', '0 Quincy Drive', '834-638-45', '593-207-71', 'bexerg@facebook.com', 'primo/prima', 'I', 45, '2023-07-02 16:26:01'),
(18, '9938514324', 'Dniren', 'Aurélie', 'Charlton', '蔺', '42 Warrior Hill', '388-908-12', '679-107-16', 'dcharltonh@springer.com', 'cuñado/cuñada', 'I', 23, '2023-07-02 16:26:01'),
(19, '5466224685', 'Kaylil', 'Thérèse', 'Cohan', '季', '9761 Katie Place', '833-778-88', '192-862-76', 'kcohani@youtube.com', 'primo/prima', 'A', 10, '2023-07-02 16:26:01'),
(20, '2474690921', 'Ignacio', 'Maëly', 'Dayborne', '后', '1 Hoard Point', '800-829-82', '868-501-08', 'idaybornej@tripadvisor.com', 'cuñado/cuñada', 'A', 22, '2023-07-02 16:26:01'),
(21, '2516112424', 'Bink', 'Cléopatre', 'Kilrow', '冉', '2 Mandrake Center', '151-185-57', '968-469-45', 'bkilrowk@google.de', 'madre/padre', 'I', 44, '2023-07-02 16:26:01'),
(22, '6809462309', 'Leshia', 'Dorothée', 'Davall', '盍', '3211 Golf Course Junction', '904-852-56', '928-762-08', 'ldavalll@deviantart.com', 'tio/a', 'I', 16, '2023-07-02 16:26:01'),
(23, '2418267628', 'Daven', 'Cléopatre', 'Carruthers', '璩', '94 Ronald Regan Park', '596-447-27', '314-147-01', 'dcarruthersm@angelfire.com', 'primo/prima', 'I', 25, '2023-07-02 16:26:01'),
(24, '8056779132', 'Brigitta', 'Eugénie', 'Flinders', '柴', '300 Crowley Street', '583-288-08', '579-835-22', 'bflindersn@unesco.org', 'cuñado/cuñada', 'I', 37, '2023-07-02 16:26:01'),
(25, '6076857994', 'Miof mela', 'Mylène', 'Queenborough', '陆', '5185 Jay Park', '440-502-21', '516-262-00', 'mqueenborougho@moonfruit.com', 'hermano/a', 'I', 31, '2023-07-02 16:26:01'),
(26, '5450021828', 'Dulcea', 'Åslög', 'Letherbury', '贝', '0574 Packers Parkway', '546-814-36', '911-954-95', 'dletherburyp@wikipedia.org', 'madre/padre', 'I', 34, '2023-07-02 16:26:01'),
(27, '9632152530', 'Gabriell', 'Léana', 'Culp', '璩', '63085 Corscot Alley', '908-491-90', '401-765-78', 'gculpq@ihg.com', 'abuelo/a', 'A', 14, '2023-07-02 16:26:01'),
(28, '0222646489', 'Thalia', 'Ophélie', 'Corragan', '林', '20342 Memorial Way', '245-158-35', '294-879-30', 'tcorraganr@go.com', 'madre/padre', 'I', 3, '2023-07-02 16:26:01'),
(29, '5334711643', 'Chloette', 'Maïlis', 'Forster', '习', '61165 Lillian Avenue', '300-149-54', '410-289-12', 'cforsters@last.fm', 'cuñado/cuñada', 'A', 3, '2023-07-02 16:26:01'),
(30, '6634765596', 'Lief', 'Cléa', 'Norvill', '苗', '5743 Delaware Park', '882-848-79', '648-576-43', 'lnorvillt@wired.com', 'tio/a', 'I', 25, '2023-07-02 16:26:01'),
(31, '4271188522', 'Garwin', 'Marlène', 'Birdsall', '幸', '77 Amoth Drive', '557-488-46', '247-412-77', 'gbirdsallu@vk.com', 'hermano/a', 'I', 3, '2023-07-02 16:26:01'),
(32, '0882186981', 'Hal', 'Léandre', 'Thickens', '卓', '83728 Esch Alley', '926-835-06', '221-113-46', 'hthickensv@ftc.gov', 'cuñado/cuñada', 'I', 37, '2023-07-02 16:26:01'),
(33, '1090061668', 'Eldridge', 'Valérie', 'Welchman', '桑', '0 Schmedeman Alley', '320-715-81', '383-258-41', 'ewelchmanw@amazon.com', 'cuñado/cuñada', 'A', 12, '2023-07-02 16:26:01'),
(34, '3196777901', 'Kaila', 'Marie-josée', 'Rimer', '卜', '0755 Declaration Point', '478-847-63', '272-422-07', 'krimerx@ibm.com', 'hermano/a', 'A', 43, '2023-07-02 16:26:01'),
(35, '3769869265', 'Alikee', 'Nadège', 'Giacoboni', '史', '1333 Sloan Place', '966-579-28', '297-558-38', 'agiacoboniy@mac.com', 'tio/a', 'A', 46, '2023-07-02 16:26:01'),
(36, '5756671803', 'Sherry', 'Fèi', 'Thorbon', '杭', '02 Schurz Lane', '916-110-04', '417-478-15', 'sthorbonz@mediafire.com', 'madre/padre', 'A', 11, '2023-07-02 16:26:01'),
(37, '7328418338', 'Birk', 'Tú', 'Arnison', '充', '2103 Brown Trail', '272-654-58', '317-714-75', 'barnison10@seattletimes.com', 'hermano/a', 'I', 30, '2023-07-02 16:26:01'),
(38, '8264750508', 'Hetty', 'Yè', 'Bunny', '戎', '577 Linden Way', '828-356-34', '474-303-88', 'hbunny11@liveinternet.ru', 'tio/a', 'A', 24, '2023-07-02 16:26:01'),
(39, '3442827655', 'Maurine', 'Thérèsa', 'Putson', '颜', '4639 Lakeland Park', '331-733-39', '766-725-13', 'mputson12@stumbleupon.com', 'cuñado/cuñada', 'A', 2, '2023-07-02 16:26:01'),
(40, '5692562308', 'Barbey', 'Bérengère', 'Weadick', '辛', '8 Haas Place', '188-486-56', '752-833-84', 'bweadick13@irs.gov', 'madre/padre', 'I', 22, '2023-07-02 16:26:01'),
(41, '8570451776', 'Hermina', 'Régine', 'Yokelman', '邵', '50189 Drewry Place', '415-571-18', '659-835-92', 'hyokelman14@furl.net', 'madre/padre', 'I', 24, '2023-07-02 16:26:01'),
(42, '6835291508', 'Nollie', 'Zoé', 'Ybarra', '平', '5906 Meadow Ridge Pass', '512-285-89', '570-258-39', 'nybarra15@gov.uk', 'madre/padre', 'A', 48, '2023-07-02 16:26:01'),
(43, '6436547460', 'Tilda', 'Yè', 'Wagstaff', '元', '470 Pennsylvania Center', '690-894-78', '928-653-29', 'twagstaff16@symantec.com', 'madre/padre', 'I', 10, '2023-07-02 16:26:01'),
(44, '0851130313', 'Marketa', 'Séverine', 'Towne', '井', '6538 3rd Hill', '941-480-88', '588-476-72', 'mtowne17@telegraph.co.uk', 'madre/padre', 'I', 15, '2023-07-02 16:26:01'),
(45, '6915807217', 'Tuesday', 'Sòng', 'Barczynski', '谷', '552 Mallory Park', '669-516-67', '912-575-01', 'tbarczynski18@berkeley.edu', 'madre/padre', 'I', 28, '2023-07-02 16:26:01'),
(46, '0182228096', 'Peggie', 'Pénélope', 'Spittal', '於', '53558 Westerfield Junction', '827-256-75', '225-997-24', 'pspittal19@blog.com', 'abuelo/a', 'I', 21, '2023-07-02 16:26:01'),
(47, '4920129904', 'Nerte', 'Marie-françoise', 'Gadie', '昌', '36 Steensland Crossing', '589-854-56', '689-520-52', 'ngadie1a@pen.io', 'abuelo/a', 'A', 9, '2023-07-02 16:26:01'),
(48, '3194641107', 'Valaria', 'Fèi', 'Esom', '奚', '5 Clarendon Pass', '870-721-28', '282-504-47', 'vesom1b@freewebs.com', 'abuelo/a', 'A', 15, '2023-07-02 16:26:01'),
(49, '4770396880', 'Alvan', 'Estée', 'Mayne', '益', '1920 Myrtle Circle', '350-647-20', '909-143-88', 'amayne1c@blogs.com', 'tio/a', 'I', 18, '2023-07-02 16:26:01'),
(50, '8719512538', 'Sella', 'Mélinda', 'Lahive', '古', '6 2nd Hill', '162-347-75', '871-390-10', 'slahive1d@hubpages.com', 'madre/padre', 'A', 22, '2023-07-02 16:26:01'),
(51, '7627964989', 'Enoch', 'Sélène', 'Hackly', '历', '4513 Warner Center', '967-982-77', '178-109-15', 'ehackly1e@discuz.net', 'hermano/a', 'I', 38, '2023-07-02 16:26:01'),
(52, '2015147764', 'Rickey', 'Maëlys', 'Lutman', '狄', '7119 Moland Drive', '942-426-64', '509-901-72', 'rlutman1f@oracle.com', 'madre/padre', 'A', 35, '2023-07-02 16:26:01'),
(53, '7496832626', 'Matthus', 'Andréa', 'Poll', '薛', '0207 Grover Park', '526-565-05', '333-729-56', 'mpoll1g@chron.com', 'cuñado/cuñada', 'A', 22, '2023-07-02 16:26:01'),
(54, '4970683476', 'Jamill', 'Anaëlle', 'Roder', '湛', '42 Prentice Trail', '636-755-31', '321-773-04', 'jroder1h@hibu.com', 'cuñado/cuñada', 'A', 26, '2023-07-02 16:26:01'),
(55, '9712506428', 'Jerry', 'Naéva', 'Whichelow', '仇', '831 Delaware Plaza', '898-641-71', '981-519-22', 'jwhichelow1i@tumblr.com', 'abuelo/a', 'A', 39, '2023-07-02 16:26:01'),
(56, '9427480130', 'Cynthie', 'Hélène', 'Guesford', '堵', '51 Parkside Park', '321-835-76', '452-993-97', 'cguesford1j@ovh.net', 'abuelo/a', 'A', 23, '2023-07-02 16:26:01'),
(57, '9346478322', 'Barde', 'Irène', 'Harbard', '郝', '9 Muir Center', '247-985-45', '105-917-35', 'bharbard1k@boston.com', 'madre/padre', 'I', 48, '2023-07-02 16:26:01'),
(58, '2835836969', 'Carlotta', 'Yóu', 'Naughton', '白', '17 Blue Bill Park Hill', '508-662-87', '784-220-24', 'cnaughton1l@live.com', 'madre/padre', 'A', 31, '2023-07-02 16:26:01'),
(59, '2610226470', 'Eulalie', 'Amélie', 'Gooly', '伊', '96408 Menomonie Court', '502-496-29', '341-419-52', 'egooly1m@cargocollective.com', 'hermano/a', 'A', 1, '2023-07-02 16:26:01'),
(60, '3761159951', 'Howie', 'Lén', 'Brahms', '堵', '3 Mayfield Hill', '979-369-73', '702-295-54', 'hbrahms1n@webeden.co.uk', 'tio/a', 'I', 48, '2023-07-02 16:26:01'),
(61, '7998011173', 'Lucian', 'Pélagie', 'Slowey', '朱', '43 Dryden Hill', '364-651-70', '532-355-69', 'lslowey1o@github.com', 'tio/a', 'I', 41, '2023-07-02 16:26:01'),
(62, '5058102544', 'Hubie', 'Yénora', 'Pranger', '崔', '9 Union Crossing', '316-905-16', '298-782-22', 'hpranger1p@ed.gov', 'abuelo/a', 'I', 10, '2023-07-02 16:26:01'),
(63, '2648300295', 'Thedric', 'Stéphanie', 'Langman', '缪', '49911 Riverside Road', '813-738-94', '729-720-38', 'tlangman1q@acquirethisname.com', 'abuelo/a', 'A', 1, '2023-07-02 16:26:01'),
(64, '9716669062', 'Allayne', 'Eléonore', 'Granville', '梁', '67 Rockefeller Place', '775-244-62', '922-693-44', 'agranville1r@tinyurl.com', 'cuñado/cuñada', 'I', 22, '2023-07-02 16:26:01'),
(65, '6303159389', 'Herbie', 'Måns', 'Verryan', '於', '4253 Brown Crossing', '307-367-56', '667-417-13', 'hverryan1s@seattletimes.com', 'abuelo/a', 'I', 18, '2023-07-02 16:26:01'),
(66, '1127158651', 'Dasie', 'Örjan', 'Burgot', '谭', '479 Spenser Alley', '731-961-58', '916-729-05', 'dburgot1t@earthlink.net', 'madre/padre', 'A', 28, '2023-07-02 16:26:01'),
(67, '9131145833', 'Rani', 'Clémentine', 'MacFadden', '乔', '1030 Brentwood Circle', '292-107-81', '567-137-29', 'rmacfadden1u@ibm.com', 'hermano/a', 'I', 40, '2023-07-02 16:26:01'),
(68, '7201636987', 'Kalila', 'Simplifiés', 'Lilian', '桓', '01 Meadow Valley Junction', '636-399-46', '212-893-21', 'klilian1v@mac.com', 'hermano/a', 'A', 38, '2023-07-02 16:26:01'),
(69, '2883517851', 'Inna', 'Marie-françoise', 'Kingsford', '荀', '03 Waxwing Terrace', '243-659-61', '652-509-79', 'ikingsford1w@com.com', 'cuñado/cuñada', 'A', 3, '2023-07-02 16:26:01'),
(70, '4638037755', 'Johann', 'Eloïse', 'Haggarty', '黎', '5502 Chinook Plaza', '454-688-73', '364-991-23', 'jhaggarty1x@cisco.com', 'madre/padre', 'A', 21, '2023-07-02 16:26:01'),
(71, '0610154869', 'Almira', 'Eléonore', 'Petzold', '郗', '1920 Union Hill', '658-470-93', '666-822-83', 'apetzold1y@shareasale.com', 'abuelo/a', 'A', 45, '2023-07-02 16:26:01'),
(72, '6737411762', 'Vale', 'Marie-ève', 'Bauldrey', '明', '34 Lyons Trail', '859-223-61', '524-313-28', 'vbauldrey1z@sciencedaily.com', 'primo/prima', 'I', 1, '2023-07-02 16:26:01'),
(73, '3107729493', 'Evanne', 'Anaël', 'Geraudel', '彭', '8231 Farmco Junction', '574-111-85', '264-620-32', 'egeraudel20@behance.net', 'hermano/a', 'A', 40, '2023-07-02 16:26:01'),
(74, '5666882309', 'Catherin', 'Wá', 'Claisse', '施', '61 Dakota Plaza', '308-596-90', '502-644-52', 'cclaisse21@behance.net', 'tio/a', 'I', 45, '2023-07-02 16:26:01'),
(75, '6800324604', 'Garry', 'André', 'Kelwick', '王', '49 Delladonna Plaza', '475-256-99', '592-410-20', 'gkelwick22@flickr.com', 'abuelo/a', 'I', 11, '2023-07-02 16:26:01'),
(76, '2678882128', 'Merissa', 'Gwenaëlle', 'Sellor', '幸', '37 Vahlen Lane', '268-828-76', '383-743-32', 'msellor23@bandcamp.com', 'cuñado/cuñada', 'I', 45, '2023-07-02 16:26:01'),
(77, '0262388626', 'Norina', 'Léana', 'Foulkes', '胡', '022 Hauk Road', '973-413-98', '362-356-12', 'nfoulkes24@utexas.edu', 'primo/prima', 'I', 42, '2023-07-02 16:26:01'),
(78, '5164254816', 'Toiboid', 'Eléonore', 'Klaff', '董', '102 Clyde Gallagher Parkway', '603-323-41', '890-812-85', 'tklaff25@foxnews.com', 'hermano/a', 'I', 7, '2023-07-02 16:26:01'),
(79, '1310019584', 'Harland', 'Noëlla', 'Eckersall', '连', '24 Ilene Drive', '283-967-39', '226-574-89', 'heckersall26@springer.com', 'hermano/a', 'I', 9, '2023-07-02 16:26:01'),
(80, '7579517361', 'Nolana', 'Lucrèce', 'Championnet', '朱', '265 Texas Place', '280-427-20', '433-213-13', 'nchampionnet27@wikipedia.org', 'primo/prima', 'A', 15, '2023-07-02 16:26:01'),
(81, '1322032173', 'Daron', 'Fèi', 'Blemen', '慎', '01 Londonderry Lane', '903-387-59', '950-361-71', 'dblemen28@loc.gov', 'hermano/a', 'I', 18, '2023-07-02 16:26:01'),
(82, '1920702989', 'Kevyn', 'Edmée', 'Mixon', '饶', '232 Laurel Street', '703-488-80', '374-438-96', 'kmixon29@blogtalkradio.com', 'primo/prima', 'A', 31, '2023-07-02 16:26:01'),
(83, '3305011637', 'Guido', 'Gaëlle', 'Darlasson', '荣', '10 Florence Road', '627-297-89', '125-461-55', 'gdarlasson2a@jimdo.com', 'primo/prima', 'I', 14, '2023-07-02 16:26:01'),
(84, '6182651091', 'Rois', 'Uò', 'Audibert', '乌', '632 Arizona Alley', '295-571-24', '999-807-77', 'raudibert2b@xing.com', 'primo/prima', 'A', 10, '2023-07-02 16:26:01'),
(85, '5161647027', 'Israel', 'Solène', 'Champken', '许', '17639 Fallview Road', '614-933-55', '555-412-89', 'ichampken2c@gov.uk', 'primo/prima', 'I', 7, '2023-07-02 16:26:01'),
(86, '7994855083', 'Rodie', 'Anaïs', 'Duckworth', '吉', '08 Rieder Street', '512-129-28', '474-487-92', 'rduckworth2d@hc360.com', 'primo/prima', 'I', 18, '2023-07-02 16:26:01'),
(87, '9817460045', 'Godwin', 'Faîtes', 'Fudge', '路', '2864 Elka Avenue', '879-723-39', '423-865-37', 'gfudge2e@cnbc.com', 'cuñado/cuñada', 'I', 27, '2023-07-02 16:26:01'),
(88, '7095701849', 'Janine', 'Maëlla', 'Manshaw', '段', '129 Graedel Trail', '469-881-09', '425-147-15', 'jmanshaw2f@jalbum.net', 'tio/a', 'A', 33, '2023-07-02 16:26:01'),
(89, '6476841807', 'Aluino', 'Léonore', 'Coase', '锺', '582 Vahlen Circle', '986-325-12', '392-446-69', 'acoase2g@edublogs.org', 'abuelo/a', 'A', 1, '2023-07-02 16:26:02'),
(90, '7877788177', 'Petunia', 'Nélie', 'Choudhury', '逄', '23256 Knutson Pass', '214-646-14', '990-632-70', 'pchoudhury2h@bloglines.com', 'hermano/a', 'I', 42, '2023-07-02 16:26:02'),
(91, '8192103579', 'Anna-maria', 'Naéva', 'Hearne', '鄂', '6596 Portage Plaza', '264-346-72', '477-717-10', 'ahearne2i@mozilla.com', 'cuñado/cuñada', 'A', 18, '2023-07-02 16:26:02'),
(92, '0440647517', 'Welbie', 'Ophélie', 'Gravatt', '贲', '8305 Fallview Way', '792-525-21', '606-607-17', 'wgravatt2j@npr.org', 'primo/prima', 'A', 16, '2023-07-02 16:26:02'),
(93, '3020162130', 'Amanda', 'Almérinda', 'Goodyer', '司', '53325 Erie Court', '817-183-62', '772-125-86', 'agoodyer2k@forbes.com', 'tio/a', 'A', 7, '2023-07-02 16:26:02'),
(94, '6723219635', 'Alie', 'Bécassine', 'Sitlinton', '溥', '900 Bluestem Junction', '915-436-17', '861-138-10', 'asitlinton2l@soup.io', 'primo/prima', 'A', 23, '2023-07-02 16:26:02'),
(95, '0761783474', 'Lawton', 'Yáo', 'Abramchik', '蔺', '4768 Esch Crossing', '265-782-87', '229-657-45', 'labramchik2m@youtu.be', 'madre/padre', 'I', 26, '2023-07-02 16:26:02'),
(96, '6247333536', 'Claudetta', 'Ophélie', 'Brookzie', '步', '9 Tomscot Street', '790-454-48', '979-841-06', 'cbrookzie2n@oaic.gov.au', 'abuelo/a', 'I', 38, '2023-07-02 16:26:02'),
(97, '0919156630', 'Othella', 'Pélagie', 'Figurski', '鲁', '4262 Lakewood Gardens Parkway', '958-654-65', '955-982-44', 'ofigurski2o@xing.com', 'tio/a', 'A', 7, '2023-07-02 16:26:02'),
(98, '8696965566', 'Evie', 'Léa', 'Semiras', '臧', '3 Hoepker Court', '440-255-01', '248-181-19', 'esemiras2p@sohu.com', 'tio/a', 'A', 23, '2023-07-02 16:26:02'),
(99, '8611162277', 'Addie', 'Åslög', 'Ridsdell', '阚', '41 Park Meadow Hill', '333-811-31', '121-564-99', 'aridsdell2q@slate.com', 'madre/padre', 'A', 16, '2023-07-02 16:26:02'),
(100, '3091412849', 'Jeno', 'Marylène', 'Assiter', '连', '37 Glendale Road', '133-423-48', '901-173-02', 'jassiter2r@squidoo.com', 'primo/prima', 'A', 15, '2023-07-02 16:26:02'),
(101, '1540502228', 'Jilli', 'Jú', 'Schroeder', '宦', '2264 Mockingbird Point', '971-752-06', '760-586-77', 'jschroeder2s@abc.net.au', 'madre/padre', 'I', 19, '2023-07-02 16:26:02'),
(102, '5816776118', 'Giuditta', 'Léone', 'McDonough', '姚', '41 Colorado Terrace', '425-947-31', '919-166-87', 'gmcdonough2t@github.com', 'primo/prima', 'I', 19, '2023-07-02 16:26:02'),
(103, '8089462286', 'Geralda', 'Gaétane', 'Bleacher', '薛', '11209 Stephen Hill', '610-590-76', '225-628-03', 'gbleacher2u@china.com.cn', 'cuñado/cuñada', 'A', 10, '2023-07-02 16:26:02'),
(104, '8861602010', 'Stewart', 'Yè', 'Gauch', '秦', '2511 Little Fleur Drive', '784-404-24', '858-319-80', 'sgauch2v@nba.com', 'abuelo/a', 'I', 17, '2023-07-02 16:26:02'),
(105, '8787374692', 'Kelly', 'Danièle', 'Woodworth', '糜', '5 Northfield Circle', '671-923-11', '731-475-51', 'kwoodworth2w@miitbeian.gov.cn', 'cuñado/cuñada', 'I', 36, '2023-07-02 16:26:02'),
(106, '4219140328', 'Dwayne', 'Laïla', 'Freda', '薛', '0 Anniversary Trail', '989-968-72', '195-935-61', 'dfreda2x@mlb.com', 'tio/a', 'A', 4, '2023-07-02 16:26:02'),
(107, '4853172548', 'Hadrian', 'Pélagie', 'Prescott', '毛', '447 Derek Pass', '716-211-44', '666-265-35', 'hprescott2y@mozilla.org', 'tio/a', 'I', 36, '2023-07-02 16:26:02'),
(108, '5829952742', 'Libbi', 'Pénélope', 'Armer', '弓', '204 Manufacturers Alley', '759-985-61', '834-946-48', 'larmer2z@ovh.net', 'madre/padre', 'I', 35, '2023-07-02 16:26:02'),
(109, '6021258967', 'West', 'Almérinda', 'Allchin', '后', '295 Surrey Place', '193-600-73', '987-465-91', 'wallchin30@salon.com', 'tio/a', 'I', 16, '2023-07-02 16:26:02'),
(110, '3774068208', 'Suzi', 'Marie-françoise', 'Dennerley', '郁', '687 Ludington Park', '621-215-34', '667-646-11', 'sdennerley31@hao123.com', 'cuñado/cuñada', 'I', 13, '2023-07-02 16:26:02'),
(111, '5288567921', 'Cyndie', 'Dà', 'Daynter', '蒋', '7 Kennedy Drive', '595-842-70', '832-130-53', 'cdaynter32@house.gov', 'primo/prima', 'A', 25, '2023-07-02 16:26:02'),
(112, '1406743348', 'Englebert', 'Yú', 'Gonet', '温', '3186 Northridge Avenue', '825-142-17', '306-346-33', 'egonet33@posterous.com', 'primo/prima', 'A', 35, '2023-07-02 16:26:02'),
(113, '1740645839', 'Merola', 'Gaëlle', 'Rappa', '农', '9299 Doe Crossing Alley', '656-976-01', '651-551-87', 'mrappa34@tamu.edu', 'tio/a', 'A', 30, '2023-07-02 16:26:02'),
(114, '7016849112', 'Neall', 'Néhémie', 'Dmtrovic', '牧', '392 Arapahoe Plaza', '372-143-76', '702-965-65', 'ndmtrovic35@miitbeian.gov.cn', 'tio/a', 'A', 2, '2023-07-02 16:26:02'),
(115, '8517870999', 'Faydra', 'Frédérique', 'Buxam', '褚', '6699 Kedzie Point', '575-638-20', '398-616-00', 'fbuxam36@phpbb.com', 'cuñado/cuñada', 'I', 23, '2023-07-02 16:26:02'),
(116, '4500890718', 'Antonie', 'Örjan', 'McColgan', '阚', '92455 Duke Trail', '973-294-59', '120-674-94', 'amccolgan37@epa.gov', 'primo/prima', 'I', 4, '2023-07-02 16:26:02'),
(117, '5155943469', 'Betsey', 'Gaétane', 'Brodest', '蒙', '09 Lunder Plaza', '931-461-47', '615-660-27', 'bbrodest38@dailymotion.com', 'cuñado/cuñada', 'A', 7, '2023-07-02 16:26:02'),
(118, '5419080079', 'Nealon', 'Almérinda', 'Gover', '祁', '6256 Shelley Hill', '200-729-25', '541-604-15', 'ngover39@stumbleupon.com', 'cuñado/cuñada', 'I', 13, '2023-07-02 16:26:02'),
(119, '9220843501', 'Husein', 'Laïla', 'Stickles', '冷', '30499 Badeau Parkway', '949-856-12', '540-439-34', 'hstickles3a@smugmug.com', 'cuñado/cuñada', 'A', 4, '2023-07-02 16:26:02'),
(120, '6019883345', 'Robena', 'Gwenaëlle', 'Edensor', '甄', '0027 Thompson Crossing', '824-344-39', '688-778-69', 'redensor3b@bloglovin.com', 'cuñado/cuñada', 'A', 21, '2023-07-02 16:26:02'),
(121, '3202885979', 'Lyssa', 'Michèle', 'Whitemarsh', '武', '953 Melrose Street', '585-906-60', '271-515-38', 'lwhitemarsh3c@spotify.com', 'cuñado/cuñada', 'A', 14, '2023-07-02 16:26:02'),
(122, '1069988723', 'Melamie', 'Loïc', 'Lyosik', '郦', '02 Doe Crossing Terrace', '948-884-00', '599-136-36', 'mlyosik3d@list-manage.com', 'madre/padre', 'I', 17, '2023-07-02 16:26:02'),
(123, '2072206782', 'Marcelia', 'Mélissandre', 'Flattman', '骆', '1119 Butternut Trail', '375-974-85', '288-160-49', 'mflattman3e@de.vu', 'hermano/a', 'A', 39, '2023-07-02 16:26:02'),
(124, '9519987029', 'Chev', 'Fèi', 'MacKaile', '富', '3749 Lyons Hill', '832-516-33', '182-336-90', 'cmackaile3f@sciencedirect.com', 'tio/a', 'A', 42, '2023-07-02 16:26:02'),
(125, '6421745881', 'Jamaal', 'Görel', 'Widdecombe', '翁', '213 Mesta Way', '893-813-40', '535-217-19', 'jwiddecombe3g@domainmarket.com', 'primo/prima', 'A', 22, '2023-07-02 16:26:02'),
(126, '0138355266', 'Harlen', 'Anaïs', 'Ramstead', '益', '4160 Morrow Terrace', '446-825-42', '866-840-73', 'hramstead3h@chicagotribune.com', 'tio/a', 'A', 22, '2023-07-02 16:26:02'),
(127, '4086179725', 'Moishe', 'Marylène', 'Golsthorp', '蔡', '8 Hazelcrest Crossing', '947-352-36', '494-422-60', 'mgolsthorp3i@sourceforge.net', 'primo/prima', 'I', 40, '2023-07-02 16:26:02'),
(128, '8793685556', 'Natala', 'Méng', 'McDougle', '历', '88 Steensland Junction', '872-340-66', '706-955-10', 'nmcdougle3j@dmoz.org', 'abuelo/a', 'A', 43, '2023-07-02 16:26:02'),
(129, '5371873864', 'Cathee', 'Simplifiés', 'Haselwood', '弘', '00 Swallow Way', '377-185-31', '139-684-92', 'chaselwood3k@usnews.com', 'hermano/a', 'I', 25, '2023-07-02 16:26:02'),
(130, '3060991685', 'Gertruda', 'Kuí', 'Huntar', '吴', '354 Sunfield Drive', '660-449-61', '109-242-67', 'ghuntar3l@zdnet.com', 'cuñado/cuñada', 'A', 47, '2023-07-02 16:26:02'),
(131, '0848294459', 'Cathee', 'Bécassine', 'Bowser', '连', '8 Onsgard Alley', '949-179-68', '962-760-05', 'cbowser3m@hostgator.com', 'tio/a', 'I', 17, '2023-07-02 16:26:02'),
(132, '9311986348', 'Maiga', 'Annotée', 'Ghidelli', '宦', '799 Oriole Alley', '144-585-32', '950-607-90', 'mghidelli3n@amazon.de', 'abuelo/a', 'I', 43, '2023-07-02 16:26:02'),
(133, '5611028403', 'Hercule', 'Anaé', 'O\'Brian', '卞', '926 Schlimgen Road', '496-807-15', '244-191-43', 'hobrian3o@deviantart.com', 'abuelo/a', 'I', 28, '2023-07-02 16:26:02'),
(134, '2726546110', 'Pauletta', 'Aloïs', 'Bethell', '左', '38954 Sunnyside Court', '148-820-38', '943-701-50', 'pbethell3p@paginegialle.it', 'primo/prima', 'I', 36, '2023-07-02 16:26:02'),
(135, '4798626740', 'Eugine', 'Dà', 'O\'Kielt', '冯', '1 Raven Lane', '256-863-23', '790-605-26', 'eokielt3q@odnoklassniki.ru', 'abuelo/a', 'I', 1, '2023-07-02 16:26:02'),
(136, '0640564542', 'Westbrooke', 'Maïté', 'Marnane', '曾', '40 Kinsman Trail', '741-524-95', '370-665-74', 'wmarnane3r@moonfruit.com', 'hermano/a', 'A', 21, '2023-07-02 16:26:02'),
(137, '2238695966', 'Eddie', 'Rachèle', 'Hulks', '郜', '8 School Court', '405-805-18', '655-381-70', 'ehulks3s@slideshare.net', 'hermano/a', 'A', 6, '2023-07-02 16:26:02'),
(138, '6935411718', 'Caressa', 'Lèi', 'Blethyn', '后', '47143 Northwestern Street', '780-822-63', '969-613-81', 'cblethyn3t@wikia.com', 'abuelo/a', 'I', 5, '2023-07-02 16:26:02'),
(139, '3480136052', 'Valene', 'Pélagie', 'Prince', '沃', '12 Moulton Pass', '842-809-65', '210-510-66', 'vprince3u@cpanel.net', 'abuelo/a', 'I', 24, '2023-07-02 16:26:02'),
(140, '1564546187', 'Abramo', 'Loïs', 'McAlpine', '卢', '18 Judy Avenue', '614-920-02', '179-309-55', 'amcalpine3v@ihg.com', 'cuñado/cuñada', 'A', 28, '2023-07-02 16:26:02'),
(141, '9326201449', 'Marya', 'Irène', 'Kobisch', '葛', '264 Jackson Place', '190-727-53', '461-617-64', 'mkobisch3w@exblog.jp', 'primo/prima', 'I', 18, '2023-07-02 16:26:02'),
(142, '8668527606', 'Tobye', 'Audréanne', 'Irlam', '封', '7 Sugar Street', '892-836-72', '794-259-91', 'tirlam3x@ycombinator.com', 'cuñado/cuñada', 'I', 42, '2023-07-02 16:26:02'),
(143, '1511222913', 'Aurel', 'Anaé', 'Cane', '莘', '972 Susan Road', '281-240-85', '195-584-73', 'acane3y@yelp.com', 'tio/a', 'I', 27, '2023-07-02 16:26:02'),
(144, '6445559506', 'Pet', 'Anaé', 'Miguel', '怀', '3801 Straubel Parkway', '231-615-20', '272-162-35', 'pmiguel3z@elpais.com', 'hermano/a', 'A', 30, '2023-07-02 16:26:02'),
(145, '1274092965', 'Kennett', 'Kuí', 'Bigland', '耿', '9 Magdeline Center', '384-898-33', '250-954-42', 'kbigland40@umn.edu', 'madre/padre', 'I', 12, '2023-07-02 16:26:02'),
(146, '3753764124', 'Domini', 'Bérangère', 'Lytton', '杜', '24 Amoth Place', '770-612-99', '699-867-38', 'dlytton41@constantcontact.com', 'primo/prima', 'A', 14, '2023-07-02 16:26:02'),
(147, '9153625854', 'Matty', 'Anaël', 'Curryer', '冀', '326 Summer Ridge Lane', '594-792-37', '705-916-23', 'mcurryer42@smh.com.au', 'tio/a', 'I', 21, '2023-07-02 16:26:02'),
(148, '1659019958', 'Taffy', 'Mylène', 'Kerrey', '雷', '102 Surrey Terrace', '146-971-80', '649-162-68', 'tkerrey43@bravesites.com', 'tio/a', 'I', 30, '2023-07-02 16:26:02'),
(149, '2259541771', 'Daniel', 'Séverine', 'Pinnegar', '寿', '6 Corry Trail', '777-871-93', '156-620-94', 'dpinnegar44@ibm.com', 'cuñado/cuñada', 'I', 21, '2023-07-02 16:26:02'),
(150, '8517831373', 'Walker', 'Mélodie', 'Pelzer', '石', '49052 Brentwood Avenue', '449-497-96', '342-104-81', 'wpelzer45@free.fr', 'abuelo/a', 'A', 10, '2023-07-02 16:26:02'),
(151, '4214057449', 'Nancey', 'Méryl', 'Stefanovic', '元', '88 Anderson Place', '376-795-09', '761-209-60', 'nstefanovic46@theglobeandmail.com', 'cuñado/cuñada', 'I', 43, '2023-07-02 16:26:02'),
(152, '7142391162', 'Jed', 'Mélinda', 'Darlison', '钮', '9012 Graceland Parkway', '512-425-67', '826-127-47', 'jdarlison47@un.org', 'madre/padre', 'A', 11, '2023-07-02 16:26:02'),
(153, '4254507283', 'Carolin', 'André', 'Larwell', '伍', '9 Quincy Crossing', '178-298-93', '763-417-92', 'clarwell48@toplist.cz', 'tio/a', 'I', 30, '2023-07-02 16:26:02'),
(154, '9880484789', 'Joelly', 'Réjane', 'Yearne', '彭', '1684 Sundown Pass', '532-526-87', '426-406-51', 'jyearne49@seattletimes.com', 'abuelo/a', 'I', 22, '2023-07-02 16:26:02'),
(155, '0388955007', 'Candice', 'Cinéma', 'Stedall', '穆', '1 Springs Crossing', '130-656-27', '986-528-69', 'cstedall4a@hud.gov', 'tio/a', 'A', 26, '2023-07-02 16:26:02'),
(156, '1007209186', 'Jess', 'Marlène', 'Tripe', '计', '50 Mandrake Parkway', '399-112-51', '646-332-39', 'jtripe4b@google.com.br', 'abuelo/a', 'I', 8, '2023-07-02 16:26:02'),
(157, '4144420787', 'Georgena', 'Dafnée', 'Suatt', '骆', '71521 Arizona Pass', '569-937-80', '596-952-80', 'gsuatt4c@goo.gl', 'primo/prima', 'A', 26, '2023-07-02 16:26:02'),
(158, '2250471606', 'Gwenneth', 'Yú', 'Kinkead', '隆', '28 Lukken Place', '766-696-03', '781-871-58', 'gkinkead4d@hp.com', 'madre/padre', 'I', 26, '2023-07-02 16:26:02'),
(159, '2587634849', 'Juliette', 'Dafnée', 'Grevatt', '暨', '8 Helena Pass', '152-293-04', '678-951-47', 'jgrevatt4e@biglobe.ne.jp', 'hermano/a', 'I', 22, '2023-07-02 16:26:02'),
(160, '8442597557', 'Clayton', 'Véronique', 'Barsby', '吕', '59581 Troy Alley', '632-863-99', '301-895-39', 'cbarsby4f@naver.com', 'madre/padre', 'I', 41, '2023-07-02 16:26:02'),
(161, '4602003702', 'Winna', 'Anaëlle', 'Layus', '季', '761 Spenser Trail', '915-610-17', '448-205-82', 'wlayus4g@odnoklassniki.ru', 'abuelo/a', 'I', 24, '2023-07-02 16:26:02'),
(162, '2514895987', 'Jenni', 'Michèle', 'Castelow', '封', '1194 Petterle Street', '163-751-19', '315-469-42', 'jcastelow4h@ibm.com', 'abuelo/a', 'A', 38, '2023-07-02 16:26:02'),
(163, '7528141402', 'Hiram', 'Annotés', 'O Sullivan', '乔', '5 Onsgard Lane', '467-893-18', '479-756-83', 'hosullivan4i@goo.gl', 'primo/prima', 'A', 12, '2023-07-02 16:26:02'),
(164, '0735891036', 'Donnell', 'Léonie', 'Middlehurst', '鲍', '9 Emmet Place', '740-979-76', '914-797-83', 'dmiddlehurst4j@so-net.ne.jp', 'abuelo/a', 'I', 44, '2023-07-02 16:26:02'),
(165, '6102547705', 'Alistair', 'Marylène', 'Tilly', '冉', '57 Rutledge Alley', '134-810-56', '269-340-71', 'atilly4k@uiuc.edu', 'primo/prima', 'A', 29, '2023-07-02 16:26:02'),
(166, '5341615573', 'Albertine', 'Yénora', 'Breznovic', '竺', '0796 Anniversary Junction', '651-191-97', '117-469-24', 'abreznovic4l@google.it', 'abuelo/a', 'A', 42, '2023-07-02 16:26:02'),
(167, '2613233206', 'Sigismund', 'Sélène', 'Meneghi', '钱', '48860 Claremont Court', '559-374-14', '852-447-52', 'smeneghi4m@slate.com', 'madre/padre', 'I', 2, '2023-07-02 16:26:02'),
(168, '8946190264', 'Cori', 'Zoé', 'Rames', '吕', '5529 Melrose Crossing', '354-133-99', '334-123-73', 'crames4n@jugem.jp', 'hermano/a', 'I', 16, '2023-07-02 16:26:02'),
(169, '3591677302', 'Nikolai', 'Françoise', 'Rallin', '邴', '45378 Mitchell Court', '889-467-19', '964-665-09', 'nrallin4o@vinaora.com', 'hermano/a', 'A', 24, '2023-07-02 16:26:02'),
(170, '3590616679', 'Phyllis', 'Maïlis', 'Legan', '苏', '70 Melody Hill', '576-124-33', '668-825-08', 'plegan4p@shop-pro.jp', 'abuelo/a', 'A', 33, '2023-07-02 16:26:02'),
(171, '9140275132', 'Aldin', 'Mélissandre', 'Koche', '冀', '46 Haas Point', '979-350-80', '386-567-55', 'akoche4q@comcast.net', 'tio/a', 'A', 10, '2023-07-02 16:26:02'),
(172, '3998275088', 'Leora', 'Börje', 'Keeltagh', '仰', '4686 Darwin Junction', '334-549-52', '485-450-77', 'lkeeltagh4r@about.com', 'abuelo/a', 'A', 46, '2023-07-02 16:26:02'),
(173, '4309346073', 'Ralf', 'Eléa', 'McDoual', '空', '1 Summerview Hill', '482-640-83', '222-686-37', 'rmcdoual4s@bravesites.com', 'primo/prima', 'A', 47, '2023-07-02 16:26:02'),
(174, '2493818563', 'Terra', 'Gwenaëlle', 'Bonds', '鞠', '1 Fairview Alley', '972-403-30', '303-249-72', 'tbonds4t@youtube.com', 'abuelo/a', 'A', 41, '2023-07-02 16:26:02'),
(175, '2664789260', 'Kylen', 'Lèi', 'Meriott', '印', '25 Graceland Center', '885-571-28', '913-573-23', 'kmeriott4u@google.fr', 'hermano/a', 'A', 31, '2023-07-02 16:26:02'),
(176, '4342548992', 'Dulcia', 'Françoise', 'Betho', '空', '82799 Sloan Way', '380-315-17', '721-470-88', 'dbetho4v@gravatar.com', 'hermano/a', 'A', 9, '2023-07-02 16:26:02'),
(177, '9257928039', 'Jayme', 'Audréanne', 'Itzkovwitch', '居', '6 Reindahl Avenue', '476-444-38', '560-118-22', 'jitzkovwitch4w@ameblo.jp', 'hermano/a', 'A', 16, '2023-07-02 16:26:02'),
(178, '5165027414', 'Rockey', 'Marie-thérèse', 'Varty', '干', '43 Mitchell Crossing', '486-999-02', '746-624-49', 'rvarty4x@google.it', 'cuñado/cuñada', 'I', 34, '2023-07-02 16:26:02'),
(179, '6692474515', 'Gilligan', 'Marie-josée', 'Cokely', '余', '7896 Little Fleur Lane', '206-239-49', '190-780-19', 'gcokely4y@prlog.org', 'abuelo/a', 'A', 33, '2023-07-02 16:26:02'),
(180, '5515935365', 'Abbi', 'Loïca', 'Fould', '束', '72991 Northview Parkway', '730-839-84', '654-810-65', 'afould4z@google.co.uk', 'tio/a', 'A', 25, '2023-07-02 16:26:02'),
(181, '3377310118', 'Erin', 'Eliès', 'Rutigliano', '汲', '91189 Monument Place', '244-159-77', '931-728-33', 'erutigliano50@multiply.com', 'abuelo/a', 'A', 29, '2023-07-02 16:26:02'),
(182, '8884663792', 'Aguste', 'Laïla', 'Ivanchikov', '通', '0762 Becker Point', '330-544-51', '416-941-74', 'aivanchikov51@thetimes.co.uk', 'cuñado/cuñada', 'I', 27, '2023-07-02 16:26:02'),
(183, '2705260250', 'Carly', 'Bérangère', 'Steanyng', '柳', '9181 Mayfield Junction', '120-846-90', '379-686-25', 'csteanyng52@soundcloud.com', 'primo/prima', 'A', 33, '2023-07-02 16:26:02'),
(184, '1010501577', 'Robin', 'Séréna', 'Frayling', '冉', '43409 Sutteridge Lane', '927-734-52', '435-922-91', 'rfrayling53@wix.com', 'hermano/a', 'A', 35, '2023-07-02 16:26:02'),
(185, '8288104185', 'Hurleigh', 'Danièle', 'MacDearmid', '华', '65210 Cascade Alley', '795-858-28', '133-629-24', 'hmacdearmid54@berkeley.edu', 'madre/padre', 'A', 18, '2023-07-02 16:26:02'),
(186, '2466543176', 'Mar', 'Méline', 'Leneve', '燕', '41 Eliot Point', '107-697-53', '114-991-00', 'mleneve55@live.com', 'madre/padre', 'A', 33, '2023-07-02 16:26:02'),
(187, '1908766808', 'Graig', 'Chloé', 'Shevlin', '冉', '39536 Butternut Street', '408-754-64', '499-786-38', 'gshevlin56@timesonline.co.uk', 'tio/a', 'A', 18, '2023-07-02 16:26:02'),
(188, '2530743193', 'Julius', 'Andrée', 'Joysey', '贲', '4815 Butterfield Avenue', '276-436-47', '351-883-85', 'jjoysey57@com.com', 'primo/prima', 'A', 42, '2023-07-02 16:26:02'),
(189, '5121092342', 'Darlleen', 'Torbjörn', 'Curnock', '米', '34 Ryan Junction', '482-956-84', '359-465-17', 'dcurnock58@yahoo.com', 'madre/padre', 'A', 22, '2023-07-02 16:26:02'),
(190, '0207012490', 'Onofredo', 'Joséphine', 'Tansly', '和', '47 Summerview Park', '392-636-91', '650-991-36', 'otansly59@google.de', 'tio/a', 'A', 23, '2023-07-02 16:26:02'),
(191, '2140785983', 'Hilario', 'Bécassine', 'Plues', '籍', '8126 Transport Crossing', '849-913-90', '344-630-21', 'hplues5a@oaic.gov.au', 'abuelo/a', 'A', 3, '2023-07-02 16:26:02'),
(192, '6866818060', 'Valeria', 'Almérinda', 'Symmons', '姬', '649 Westend Hill', '295-941-81', '864-915-69', 'vsymmons5b@umn.edu', 'primo/prima', 'A', 43, '2023-07-02 16:26:02'),
(193, '1124158324', 'Dorthy', 'Maïly', 'Reina', '富', '33 Maryland Court', '106-105-41', '878-889-28', 'dreina5c@indiegogo.com', 'primo/prima', 'A', 39, '2023-07-02 16:26:02'),
(194, '1781945241', 'Marjy', 'Maïly', 'Hamel', '后', '8 Columbus Parkway', '678-813-83', '201-787-70', 'mhamel5d@huffingtonpost.com', 'madre/padre', 'A', 12, '2023-07-02 16:26:02'),
(195, '4622434059', 'Anna-diana', 'Aí', 'Chafer', '蓝', '11966 Laurel Crossing', '118-389-92', '648-439-71', 'achafer5e@huffingtonpost.com', 'madre/padre', 'A', 28, '2023-07-02 16:26:02'),
(196, '1866477633', 'Raleigh', 'Bérengère', 'Woodward', '扶', '85 Waxwing Way', '878-564-81', '931-723-93', 'rwoodward5f@weebly.com', 'cuñado/cuñada', 'I', 44, '2023-07-02 16:26:02'),
(197, '3103215797', 'Brittne', 'Lóng', 'Anten', '戈', '828 Harbort Crossing', '657-120-56', '170-109-30', 'banten5g@123-reg.co.uk', 'abuelo/a', 'I', 39, '2023-07-02 16:26:02'),
(198, '2529608997', 'Herschel', 'Danièle', 'Boddice', '杜', '6850 Lotheville Drive', '569-126-62', '266-712-28', 'hboddice5h@alexa.com', 'abuelo/a', 'A', 10, '2023-07-02 16:26:02'),
(199, '0811719308', 'Lorri', 'Eliès', 'Tefft', '段', '09111 Mendota Point', '824-404-41', '996-586-29', 'ltefft5i@cam.ac.uk', 'abuelo/a', 'A', 34, '2023-07-02 16:26:02'),
(200, '4710876878', 'Dominique', 'Léonore', 'Goosnell', '龙', '9 Warrior Alley', '106-288-48', '172-643-06', 'dgoosnell5j@dmoz.org', 'hermano/a', 'A', 13, '2023-07-02 16:26:02'),
(201, '0161091482', 'Weber', 'Audréanne', 'Pakes', '雷', '0 Goodland Pass', '695-155-90', '830-321-17', 'wpakes5k@narod.ru', 'primo/prima', 'I', 40, '2023-07-02 16:26:02'),
(202, '5578103073', 'Merline', 'Mélina', 'Glanfield', '巫', '14444 Graceland Pass', '571-281-58', '899-309-74', 'mglanfield5l@flavors.me', 'cuñado/cuñada', 'A', 42, '2023-07-02 16:26:02'),
(203, '8313954949', 'Monroe', 'Maëly', 'Soppett', '阎', '614 American Street', '309-501-98', '940-422-66', 'msoppett5m@telegraph.co.uk', 'primo/prima', 'A', 28, '2023-07-02 16:26:02'),
(204, '5037176220', 'Andres', 'Anaïs', 'McCulley', '奚', '7906 Toban Center', '943-416-37', '128-287-31', 'amcculley5n@cnet.com', 'hermano/a', 'I', 33, '2023-07-02 16:26:02'),
(205, '3752293845', 'Christye', 'Loïc', 'Angrave', '石', '05 Duke Court', '492-166-12', '119-461-35', 'cangrave5o@yolasite.com', 'cuñado/cuñada', 'I', 9, '2023-07-02 16:26:02'),
(206, '3029760138', 'My', 'Célia', 'Dorbin', '陶', '95 Melrose Trail', '631-410-51', '190-916-33', 'mdorbin5p@dailymail.co.uk', 'hermano/a', 'I', 47, '2023-07-02 16:26:02'),
(207, '4905264413', 'Ynez', 'Mårten', 'Trunkfield', '高', '31809 Mockingbird Avenue', '307-912-98', '928-894-97', 'ytrunkfield5q@dailymotion.com', 'tio/a', 'I', 8, '2023-07-02 16:26:02'),
(208, '1945502991', 'Trevor', 'Simplifiés', 'Jankowski', '田', '21 Amoth Parkway', '967-759-61', '571-449-09', 'tjankowski5r@rediff.com', 'cuñado/cuñada', 'A', 27, '2023-07-02 16:26:02'),
(209, '6994066274', 'Ralph', 'Maïlys', 'Dunbobin', '欧', '24 Division Trail', '948-386-68', '819-874-16', 'rdunbobin5s@angelfire.com', 'hermano/a', 'I', 42, '2023-07-02 16:26:02'),
(210, '7305558060', 'Sayre', 'Thérèsa', 'Tembridge', '廉', '92299 Stone Corner Lane', '918-955-41', '947-714-14', 'stembridge5t@diigo.com', 'primo/prima', 'A', 12, '2023-07-02 16:26:02'),
(211, '5767695229', 'Laverne', 'Cléopatre', 'Diviney', '边', '9861 Novick Park', '844-946-29', '953-647-88', 'ldiviney5u@seattletimes.com', 'hermano/a', 'I', 28, '2023-07-02 16:26:02'),
(212, '6688430177', 'Bebe', 'Frédérique', 'Jedrasik', '苏', '2278 1st Drive', '846-399-33', '953-360-76', 'bjedrasik5v@usa.gov', 'tio/a', 'A', 45, '2023-07-02 16:26:02'),
(213, '7480721056', 'Olivie', 'Géraldine', 'Ilymanov', '莘', '2 Westport Street', '477-146-22', '323-354-12', 'oilymanov5w@hhs.gov', 'madre/padre', 'I', 45, '2023-07-02 16:26:02'),
(214, '7033941234', 'Stillman', 'Angélique', 'Harkness', '郑', '05624 Esker Junction', '528-647-69', '303-398-75', 'sharkness5x@google.nl', 'tio/a', 'I', 32, '2023-07-02 16:26:02'),
(215, '6153324118', 'Amargo', 'Anaëlle', 'Ridsdale', '池', '45 Washington Court', '161-920-62', '219-576-67', 'aridsdale5y@over-blog.com', 'primo/prima', 'A', 21, '2023-07-02 16:26:02'),
(216, '2968844555', 'Dode', 'Estée', 'Roizin', '巩', '81274 Vera Hill', '624-874-23', '695-806-22', 'droizin5z@hostgator.com', 'madre/padre', 'I', 35, '2023-07-02 16:26:02'),
(217, '1809970717', 'Maddalena', 'Lorène', 'Empson', '匡', '7 Prairie Rose Avenue', '930-715-92', '653-622-56', 'mempson60@pen.io', 'madre/padre', 'A', 29, '2023-07-02 16:26:02'),
(218, '1025969308', 'Lynnet', 'Aurélie', 'Lydden', '容', '575 Veith Pass', '870-245-76', '381-919-31', 'llydden61@creativecommons.org', 'abuelo/a', 'A', 2, '2023-07-02 16:26:02'),
(219, '6868481462', 'Maia', 'Maëline', 'Gott', '薛', '8385 Graedel Place', '714-585-17', '516-758-66', 'mgott62@twitpic.com', 'hermano/a', 'I', 34, '2023-07-02 16:26:02'),
(220, '9678961369', 'Klarika', 'Clélia', 'Vispo', '双', '04806 Lunder Terrace', '445-392-53', '695-143-86', 'kvispo63@goo.ne.jp', 'cuñado/cuñada', 'A', 27, '2023-07-02 16:26:02'),
(221, '4883554341', 'Nanete', 'Séverine', 'Loxley', '元', '5440 Jana Hill', '525-232-78', '278-929-70', 'nloxley64@ehow.com', 'tio/a', 'I', 10, '2023-07-02 16:26:02'),
(222, '7850860012', 'Sol', 'Maëlyss', 'Liggens', '桂', '68 Erie Place', '486-906-00', '398-461-53', 'sliggens65@tmall.com', 'abuelo/a', 'A', 15, '2023-07-02 16:26:02'),
(223, '7079755646', 'Tailor', 'Maéna', 'Coveny', '戎', '57 Northfield Junction', '872-590-04', '113-777-49', 'tcoveny66@eepurl.com', 'abuelo/a', 'A', 24, '2023-07-02 16:26:02'),
(224, '9109926003', 'Garnette', 'Camélia', 'Broschke', '乜', '30898 Orin Junction', '858-489-22', '615-872-43', 'gbroschke67@adobe.com', 'primo/prima', 'I', 42, '2023-07-02 16:26:02'),
(225, '0302553681', 'Tonye', 'Göran', 'Moores', '柳', '52 Valley Edge Circle', '604-790-28', '984-593-99', 'tmoores68@t-online.de', 'cuñado/cuñada', 'A', 14, '2023-07-02 16:26:02'),
(226, '9165151089', 'Ambur', 'Françoise', 'Kilbride', '晏', '4 Hollow Ridge Terrace', '346-806-59', '514-416-07', 'akilbride69@eepurl.com', 'cuñado/cuñada', 'I', 10, '2023-07-02 16:26:02'),
(227, '0953072541', 'Alfred', 'Médiamass', 'Henrichs', '穆', '8 Judy Way', '290-594-25', '925-726-07', 'ahenrichs6a@simplemachines.org', 'madre/padre', 'I', 41, '2023-07-02 16:26:02'),
(228, '5595621893', 'Halsy', 'Hélène', 'Radki', '束', '675 Coolidge Plaza', '237-386-17', '286-699-84', 'hradki6b@spiegel.de', 'abuelo/a', 'A', 8, '2023-07-02 16:26:02'),
(229, '8226308100', 'Sheridan', 'Renée', 'Rablen', '仇', '7 La Follette Hill', '287-667-08', '381-999-40', 'srablen6c@fema.gov', 'cuñado/cuñada', 'A', 22, '2023-07-02 16:26:02'),
(230, '5976827462', 'Georgie', 'Maïly', 'Likly', '夏', '43576 Moland Alley', '967-475-01', '305-845-95', 'glikly6d@macromedia.com', 'cuñado/cuñada', 'I', 22, '2023-07-02 16:26:02'),
(231, '5557183914', 'Minnnie', 'Anaé', 'Joel', '明', '2 Hanover Center', '298-873-09', '753-650-29', 'mjoel6e@youtube.com', 'abuelo/a', 'I', 19, '2023-07-02 16:26:02'),
(232, '0960021302', 'Christiane', 'Maëlle', 'Hardinge', '吴', '58 Talmadge Junction', '443-622-99', '141-435-85', 'chardinge6f@princeton.edu', 'primo/prima', 'A', 24, '2023-07-02 16:26:02'),
(233, '7254058244', 'Saunderson', 'Styrbjörn', 'Mandre', '居', '27 Moose Junction', '221-854-83', '107-708-06', 'smandre6g@wisc.edu', 'tio/a', 'A', 48, '2023-07-02 16:26:02'),
(234, '4738677802', 'Joane', 'Kévina', 'Van Der Weedenburg', '昌', '539 Bultman Point', '603-140-29', '616-587-04', 'jvanderweedenburg6h@vk.com', 'madre/padre', 'I', 24, '2023-07-02 16:26:02'),
(235, '5809597173', 'Ricky', 'Torbjörn', 'Tanby', '麴', '5 Jackson Circle', '209-246-62', '353-119-60', 'rtanby6i@miibeian.gov.cn', 'madre/padre', 'A', 31, '2023-07-02 16:26:02'),
(236, '6158856622', 'Aimee', 'Adélie', 'Kellogg', '俞', '7 Texas Junction', '312-163-09', '731-942-94', 'akellogg6j@spiegel.de', 'cuñado/cuñada', 'A', 22, '2023-07-02 16:26:02'),
(237, '4758111200', 'Reina', 'Annotée', 'Plank', '慕', '00629 Dexter Plaza', '676-674-79', '805-223-73', 'rplank6k@cornell.edu', 'tio/a', 'A', 3, '2023-07-02 16:26:02'),
(238, '1594062633', 'Ericha', 'Cloé', 'Beardon', '程', '30820 Scofield Avenue', '683-419-98', '373-801-46', 'ebeardon6l@microsoft.com', 'primo/prima', 'A', 26, '2023-07-02 16:26:02'),
(239, '4908854734', 'Camille', 'Annotés', 'Keysall', '鲍', '30 Jay Street', '250-891-11', '650-412-21', 'ckeysall6m@blogger.com', 'primo/prima', 'I', 31, '2023-07-02 16:26:02'),
(240, '1521436991', 'Mona', 'Esbjörn', 'Wakeham', '贝', '6406 La Follette Point', '136-800-97', '203-170-91', 'mwakeham6n@devhub.com', 'tio/a', 'A', 26, '2023-07-02 16:26:02'),
(241, '0188457631', 'Jeffie', 'Maïté', 'Bendley', '步', '9 Chinook Street', '257-928-57', '768-793-78', 'jbendley6o@phpbb.com', 'cuñado/cuñada', 'I', 35, '2023-07-02 16:26:02'),
(242, '4376685011', 'Della', 'Aloïs', 'Marcam', '浦', '31 Hanover Crossing', '979-233-47', '739-763-52', 'dmarcam6p@msu.edu', 'tio/a', 'A', 38, '2023-07-02 16:26:02'),
(243, '9660017413', 'Karlie', 'Marylène', 'Cotton', '廉', '495 Pearson Terrace', '244-692-48', '668-975-75', 'kcotton6q@latimes.com', 'madre/padre', 'A', 13, '2023-07-02 16:26:02'),
(244, '3553347554', 'Margi', 'Maëlys', 'Oxtoby', '廖', '09224 Eggendart Road', '767-981-00', '966-663-63', 'moxtoby6r@mayoclinic.com', 'madre/padre', 'I', 20, '2023-07-02 16:26:02'),
(245, '2554261636', 'Harlan', 'Yénora', 'Ricard', '祖', '97 Buell Place', '640-174-81', '593-832-29', 'hricard6s@un.org', 'tio/a', 'A', 4, '2023-07-02 16:26:02'),
(246, '8890884215', 'Maison', 'Gösta', 'Sked', '僪', '069 Pankratz Way', '779-435-22', '773-195-14', 'msked6t@hatena.ne.jp', 'hermano/a', 'A', 43, '2023-07-02 16:26:02'),
(247, '4488719333', 'Andrea', 'Adélaïde', 'Ounsworth', '欧', '68 Nelson Junction', '562-206-60', '491-201-38', 'aounsworth6u@google.ru', 'hermano/a', 'I', 2, '2023-07-02 16:26:02'),
(248, '2371210846', 'Mohammed', 'Nuó', 'Human', '季', '0 Brentwood Trail', '210-502-12', '387-903-17', 'mhuman6v@pagesperso-orange.fr', 'hermano/a', 'I', 36, '2023-07-02 16:26:02'),
(249, '1694117111', 'Tansy', 'Ruì', 'Skuce', '须', '24691 Lotheville Avenue', '213-204-02', '137-470-98', 'tskuce6w@oracle.com', 'madre/padre', 'A', 25, '2023-07-02 16:26:02'),
(250, '9867502019', 'Andriana', 'André', 'Miell', '终', '51334 Hooker Pass', '853-532-07', '748-160-13', 'amiell6x@narod.ru', 'cuñado/cuñada', 'I', 27, '2023-07-02 16:26:02'),
(251, '5814536683', 'Eldridge', 'Kévina', 'Bollard', '陈', '48147 Ridgeway Plaza', '169-586-37', '893-205-49', 'ebollard6y@cafepress.com', 'hermano/a', 'I', 36, '2023-07-02 16:26:02'),
(252, '6172166492', 'Brinn', 'Cécile', 'Hulse', '宦', '949 Fieldstone Pass', '976-934-10', '392-788-04', 'bhulse6z@nhs.uk', 'abuelo/a', 'I', 22, '2023-07-02 16:26:02'),
(253, '2858040753', 'Goraud', 'Almérinda', 'Blue', '林', '4 Green Ridge Trail', '794-363-12', '372-981-38', 'gblue70@smugmug.com', 'tio/a', 'I', 37, '2023-07-02 16:26:02'),
(254, '3054377148', 'Michele', 'Tán', 'Pellingar', '糜', '8 Parkside Road', '418-728-57', '762-404-16', 'mpellingar71@yelp.com', 'abuelo/a', 'I', 40, '2023-07-02 16:26:02'),
(255, '2321177535', 'Sibby', 'Naéva', 'Aitkenhead', '丁', '64234 Melody Court', '470-508-63', '617-630-04', 'saitkenhead72@squarespace.com', 'abuelo/a', 'I', 29, '2023-07-02 16:26:02'),
(256, '2728608377', 'Rubi', 'Renée', 'Magor', '关', '476 Continental Trail', '189-735-01', '359-930-81', 'rmagor73@devhub.com', 'cuñado/cuñada', 'A', 13, '2023-07-02 16:26:02'),
(257, '2079221116', 'Delcine', 'Almérinda', 'Arlt', '蒋', '00 Sachs Junction', '844-247-06', '180-160-12', 'darlt74@163.com', 'cuñado/cuñada', 'I', 39, '2023-07-02 16:26:02'),
(258, '0144724030', 'Adriena', 'Maëline', 'Jillins', '牧', '07 Corry Park', '309-941-55', '608-575-70', 'ajillins75@amazon.de', 'madre/padre', 'I', 9, '2023-07-02 16:26:02'),
(259, '3559406862', 'Northrop', 'Östen', 'Chisholme', '甘', '89 Bunting Center', '636-910-56', '747-222-28', 'nchisholme76@intel.com', 'abuelo/a', 'A', 18, '2023-07-02 16:26:02'),
(260, '0859871266', 'Loretta', 'Thérèse', 'Lightwood', '米', '02935 Muir Junction', '945-545-91', '843-466-91', 'llightwood77@oracle.com', 'primo/prima', 'I', 20, '2023-07-02 16:26:02'),
(261, '5435376718', 'Paquito', 'Publicité', 'Brader', '山', '77 Glacier Hill Point', '274-349-63', '674-753-14', 'pbrader78@tinyurl.com', 'primo/prima', 'I', 32, '2023-07-02 16:26:02'),
(262, '2824293128', 'Selinda', 'Bécassine', 'Belli', '郜', '4 Bobwhite Pass', '104-192-24', '908-156-37', 'sbelli79@rediff.com', 'abuelo/a', 'I', 33, '2023-07-02 16:26:02'),
(263, '4785106034', 'Nelson', 'Marlène', 'Jordeson', '柯', '41242 Daystar Center', '212-424-13', '581-509-55', 'njordeson7a@cbsnews.com', 'cuñado/cuñada', 'A', 27, '2023-07-02 16:26:02'),
(264, '4511415889', 'Querida', 'Adélie', 'Hankin', '郜', '906 Onsgard Road', '228-798-65', '361-858-18', 'qhankin7b@apache.org', 'tio/a', 'A', 1, '2023-07-02 16:26:02'),
(265, '2816154807', 'Goddard', 'Marylène', 'Pesik', '和', '01583 Fremont Place', '244-744-75', '969-193-20', 'gpesik7c@squidoo.com', 'madre/padre', 'I', 31, '2023-07-02 16:26:02'),
(266, '0302548548', 'Alfy', 'Léonie', 'Hawkey', '边', '491 Summit Place', '503-754-27', '823-856-62', 'ahawkey7d@ucoz.com', 'hermano/a', 'A', 32, '2023-07-02 16:26:02'),
(267, '6582910760', 'Con', 'Thérèsa', 'Hadkins', '阚', '3 Porter Drive', '830-298-98', '369-477-59', 'chadkins7e@a8.net', 'cuñado/cuñada', 'I', 16, '2023-07-02 16:26:02'),
(268, '3846199745', 'Darrick', 'Andrée', 'Tarbatt', '栾', '54697 Gulseth Pass', '819-178-25', '872-549-25', 'dtarbatt7f@unc.edu', 'hermano/a', 'I', 21, '2023-07-02 16:26:02'),
(269, '6221698448', 'Murvyn', 'Mélinda', 'Bohlmann', '糜', '60 New Castle Terrace', '163-509-92', '312-804-08', 'mbohlmann7g@phoca.cz', 'hermano/a', 'I', 14, '2023-07-02 16:26:02'),
(270, '8585015322', 'Tonia', 'Yú', 'Grube', '文', '7 Gerald Alley', '614-189-45', '513-300-13', 'tgrube7h@patch.com', 'cuñado/cuñada', 'A', 19, '2023-07-02 16:26:02'),
(271, '1064475825', 'Sayer', 'Aimée', 'Poile', '支', '40920 Duke Center', '276-751-13', '965-120-28', 'spoile7i@altervista.org', 'hermano/a', 'A', 47, '2023-07-02 16:26:02'),
(272, '2408761565', 'Sarette', 'Garçon', 'Huntley', '隗', '224 Grim Terrace', '304-998-01', '586-941-29', 'shuntley7j@dot.gov', 'madre/padre', 'I', 11, '2023-07-02 16:26:02'),
(273, '8890918438', 'Jobyna', 'Maëlyss', 'Tomkies', '胥', '72 Corben Terrace', '549-404-40', '348-835-03', 'jtomkies7k@slideshare.net', 'abuelo/a', 'I', 3, '2023-07-02 16:26:02'),
(274, '9034803473', 'Toni', 'Bérangère', 'Jaskowicz', '钮', '28 Buena Vista Lane', '721-872-43', '642-823-16', 'tjaskowicz7l@jimdo.com', 'madre/padre', 'A', 28, '2023-07-02 16:26:02'),
(275, '2346346047', 'Fayina', 'Mahélie', 'Whitehorne', '宣', '6 Granby Place', '967-494-65', '937-393-76', 'fwhitehorne7m@businessweek.com', 'primo/prima', 'A', 25, '2023-07-02 16:26:02'),
(276, '5976695477', 'Blanch', 'Håkan', 'Houtbie', '潘', '956 Hudson Junction', '769-839-77', '750-468-17', 'bhoutbie7n@sakura.ne.jp', 'abuelo/a', 'A', 9, '2023-07-02 16:26:02'),
(277, '6670959974', 'Malachi', 'Mélodie', 'Goffe', '滕', '025 Rockefeller Avenue', '877-985-81', '844-524-09', 'mgoffe7o@census.gov', 'primo/prima', 'I', 8, '2023-07-02 16:26:02'),
(278, '9225921764', 'Bibbye', 'Léana', 'Tombling', '蓝', '92 Crescent Oaks Crossing', '561-902-24', '764-188-36', 'btombling7p@china.com.cn', 'primo/prima', 'A', 39, '2023-07-02 16:26:02'),
(279, '2085488676', 'Keane', 'Valérie', 'Pays', '魏', '1 Mariners Cove Junction', '965-300-00', '667-965-12', 'kpays7q@51.la', 'primo/prima', 'A', 5, '2023-07-02 16:26:02'),
(280, '3538148767', 'Nicolai', 'Marylène', 'Shackle', '景', '414 Bonner Road', '647-479-44', '412-986-40', 'nshackle7r@gov.uk', 'abuelo/a', 'I', 42, '2023-07-02 16:26:02'),
(281, '2108731288', 'Laryssa', 'Nadège', 'McKendo', '游', '02043 Atwood Court', '859-966-21', '486-712-69', 'lmckendo7s@merriam-webster.com', 'tio/a', 'A', 25, '2023-07-02 16:26:02'),
(282, '9070008785', 'Englebert', 'Bécassine', 'Crepel', '穆', '220 Grasskamp Road', '886-495-44', '506-282-76', 'ecrepel7t@com.com', 'tio/a', 'I', 4, '2023-07-02 16:26:02'),
(283, '1762412918', 'Albrecht', 'Ophélie', 'Smeaton', '钮', '272 Doe Crossing Plaza', '416-832-63', '350-187-67', 'asmeaton7u@ox.ac.uk', 'cuñado/cuñada', 'I', 23, '2023-07-02 16:26:02');
INSERT INTO `representante` (`REP_ID`, `REP_DNI`, `REP_NOM`, `REP_NOM2`, `REP_APE`, `REP_APE2`, `REP_DIR`, `REP_CEL`, `REP_TEL`, `REP_MAIL`, `REP_REL_FAM`, `REP_ESTADO`, `USR_CREADOR_ID`, `FECHA_CREACION`) VALUES
(284, '0455032173', 'Mavra', 'Garçon', 'Buncher', '都', '816 Marcy Point', '554-756-82', '761-331-87', 'mbuncher7v@digg.com', 'madre/padre', 'I', 9, '2023-07-02 16:26:02'),
(285, '8785844772', 'Fidelia', 'Régine', 'Prangle', '邹', '54 Drewry Plaza', '846-552-18', '539-677-61', 'fprangle7w@ning.com', 'madre/padre', 'I', 14, '2023-07-02 16:26:02'),
(286, '8890374349', 'Terrijo', 'Mélanie', 'Broom', '葛', '21 Hermina Avenue', '890-588-68', '874-669-14', 'tbroom7x@slashdot.org', 'hermano/a', 'A', 36, '2023-07-02 16:26:02'),
(287, '2057674401', 'Tamas', 'Géraldine', 'Furmage', '昝', '9081 Quincy Circle', '490-641-00', '210-708-26', 'tfurmage7y@printfriendly.com', 'hermano/a', 'A', 27, '2023-07-02 16:26:02'),
(288, '2817696352', 'Rosaline', 'Nélie', 'Brolly', '元', '1 Morning Way', '957-757-20', '110-717-31', 'rbrolly7z@is.gd', 'cuñado/cuñada', 'A', 36, '2023-07-02 16:26:02'),
(289, '7439283910', 'Krysta', 'Gösta', 'Larman', '霍', '6588 Comanche Circle', '873-255-12', '375-575-65', 'klarman80@odnoklassniki.ru', 'madre/padre', 'A', 12, '2023-07-02 16:26:02'),
(290, '0667822208', 'Annnora', 'Bérengère', 'Queree', '余', '002 Knutson Circle', '429-279-34', '125-686-23', 'aqueree81@samsung.com', 'tio/a', 'A', 6, '2023-07-02 16:26:02'),
(291, '0949661473', 'Violet', 'Ophélie', 'Medley', '戈', '38 Transport Court', '395-634-58', '697-675-21', 'vmedley82@wired.com', 'abuelo/a', 'I', 14, '2023-07-02 16:26:02'),
(292, '3886512312', 'Melina', 'Judicaël', 'Lawlie', '仇', '8280 Lien Place', '307-385-88', '851-241-76', 'mlawlie83@sitemeter.com', 'abuelo/a', 'I', 39, '2023-07-02 16:26:02'),
(293, '2576505961', 'Julina', 'Loïs', 'Keith', '翁', '74 Melvin Terrace', '466-535-01', '778-982-29', 'jkeith84@imageshack.us', 'madre/padre', 'I', 21, '2023-07-02 16:26:02'),
(294, '0845154680', 'Kathryn', 'Eloïse', 'Ingle', '颜', '92 Carberry Point', '418-186-57', '284-751-98', 'kingle85@sohu.com', 'primo/prima', 'A', 19, '2023-07-02 16:26:02'),
(295, '2348092778', 'Melessa', 'Táng', 'Ziems', '温', '80 Warner Way', '682-744-96', '171-657-75', 'mziems86@vistaprint.com', 'tio/a', 'A', 3, '2023-07-02 16:26:02'),
(296, '6051942599', 'Chickie', 'Eliès', 'Buckham', '容', '762 Scoville Parkway', '186-976-26', '519-247-65', 'cbuckham87@nbcnews.com', 'abuelo/a', 'I', 12, '2023-07-02 16:26:02'),
(297, '6044570290', 'Ansel', 'Mélia', 'Northleigh', '麻', '83 David Plaza', '226-522-73', '481-663-21', 'anorthleigh88@shop-pro.jp', 'madre/padre', 'I', 7, '2023-07-02 16:26:02'),
(298, '4141255912', 'Diego', 'Görel', 'Hambatch', '龚', '09 Manitowish Circle', '372-386-77', '563-963-00', 'dhambatch89@house.gov', 'primo/prima', 'A', 18, '2023-07-02 16:26:02'),
(299, '4658416328', 'Stanislaw', 'Nélie', 'Duddy', '麻', '3004 Garrison Hill', '698-224-39', '326-129-41', 'sduddy8a@state.tx.us', 'tio/a', 'I', 48, '2023-07-02 16:26:02'),
(300, '9398607743', 'Kain', 'Mélina', 'Hoyland', '郗', '39317 Cody Park', '220-992-94', '281-507-70', 'khoyland8b@jimdo.com', 'abuelo/a', 'I', 15, '2023-07-02 16:26:02'),
(301, '0143596357', 'Vally', 'Björn', 'Mottram', '苏', '17396 Macpherson Pass', '326-662-18', '392-746-19', 'vmottram8c@google.es', 'tio/a', 'A', 16, '2023-07-02 16:26:02'),
(302, '8674101003', 'Filberte', 'Gaïa', 'Smedmoor', '洪', '9618 Prairieview Pass', '646-740-40', '476-177-53', 'fsmedmoor8d@guardian.co.uk', 'primo/prima', 'A', 11, '2023-07-02 16:26:02'),
(303, '9684407793', 'Thaddeus', 'Mén', 'Strete', '幸', '14417 Gateway Terrace', '155-552-96', '359-478-40', 'tstrete8e@is.gd', 'primo/prima', 'A', 43, '2023-07-02 16:26:02'),
(304, '3196050394', 'Pepillo', 'Françoise', 'Lockless', '陶', '0 Bellgrove Point', '734-651-96', '732-201-00', 'plockless8f@pbs.org', 'abuelo/a', 'A', 5, '2023-07-02 16:26:02'),
(305, '8109996051', 'Gilbert', 'Andréanne', 'Priddy', '赵', '6108 Tomscot Crossing', '711-900-17', '641-534-43', 'gpriddy8g@blogtalkradio.com', 'madre/padre', 'A', 13, '2023-07-02 16:26:02'),
(306, '6104281826', 'Stormie', 'Tán', 'Tolfrey', '阮', '65867 Clarendon Junction', '420-330-68', '565-165-63', 'stolfrey8h@opera.com', 'abuelo/a', 'I', 37, '2023-07-02 16:26:02'),
(307, '1758265477', 'Bentlee', 'Hélène', 'Hastings', '宓', '72 Mifflin Junction', '818-211-24', '230-206-07', 'bhastings8i@hugedomains.com', 'cuñado/cuñada', 'I', 48, '2023-07-02 16:26:02'),
(308, '3242039874', 'Nerissa', 'Dafnée', 'Rubertis', '蔡', '55 Annamark Hill', '797-669-75', '941-342-78', 'nrubertis8j@apache.org', 'tio/a', 'I', 3, '2023-07-02 16:26:02'),
(309, '9124407909', 'Gusella', 'Alizée', 'Mingo', '勾', '22 Monument Court', '970-821-83', '227-854-87', 'gmingo8k@zdnet.com', 'primo/prima', 'I', 37, '2023-07-02 16:26:02'),
(310, '2085174078', 'Arabel', 'Mårten', 'Harring', '蒋', '593 School Alley', '282-909-66', '356-908-29', 'aharring8l@drupal.org', 'primo/prima', 'A', 40, '2023-07-02 16:26:02'),
(311, '7008144326', 'Riannon', 'Laïla', 'Abrahamoff', '施', '22751 Katie Lane', '669-521-41', '405-821-40', 'rabrahamoff8m@uiuc.edu', 'cuñado/cuñada', 'I', 24, '2023-07-02 16:26:02'),
(312, '2815030845', 'Merline', 'Torbjörn', 'Freeberne', '唐', '26512 Hauk Alley', '348-410-04', '306-286-64', 'mfreeberne8n@pen.io', 'tio/a', 'I', 26, '2023-07-02 16:26:02'),
(313, '9599981812', 'Jasper', 'Anaël', 'Senecaux', '卓', '0759 5th Plaza', '112-267-36', '867-930-89', 'jsenecaux8o@w3.org', 'madre/padre', 'I', 8, '2023-07-02 16:26:03'),
(314, '5305321956', 'Hamish', 'Méthode', 'Adanet', '何', '8 Helena Point', '333-192-74', '908-948-74', 'hadanet8p@wordpress.org', 'abuelo/a', 'A', 46, '2023-07-02 16:26:03'),
(315, '9948756967', 'Em', 'Dorothée', 'Melmoth', '勾', '89 Stone Corner Plaza', '628-579-22', '841-291-90', 'emelmoth8q@cdbaby.com', 'cuñado/cuñada', 'A', 8, '2023-07-02 16:26:03'),
(316, '0951980912', 'Rodie', 'Cécile', 'Curd', '锺', '90 Onsgard Alley', '485-225-86', '862-919-08', 'rcurd8r@wsj.com', 'madre/padre', 'A', 19, '2023-07-02 16:26:03'),
(317, '3814936566', 'Merrie', 'Géraldine', 'Minci', '后', '5864 Sachs Hill', '981-636-31', '770-995-96', 'mminci8s@bbc.co.uk', 'abuelo/a', 'A', 41, '2023-07-02 16:26:03'),
(318, '1929250371', 'Briney', 'Eléa', 'Gilliatt', '詹', '065 Coolidge Street', '961-810-94', '337-747-45', 'bgilliatt8t@twitpic.com', 'hermano/a', 'A', 31, '2023-07-02 16:26:03'),
(319, '1764797469', 'Deonne', 'Aurélie', 'Thirkettle', '孙', '16792 Brown Drive', '199-893-55', '424-377-52', 'dthirkettle8u@biblegateway.com', 'hermano/a', 'I', 4, '2023-07-02 16:26:03'),
(320, '8310089511', 'Alverta', 'Adélie', 'Smythe', '田', '388 Village Green Junction', '823-847-18', '809-956-95', 'asmythe8v@google.fr', 'abuelo/a', 'I', 5, '2023-07-02 16:26:03'),
(321, '1288172850', 'Henrietta', 'Maëline', 'Voce', '印', '92 Dahle Point', '459-135-01', '695-974-73', 'hvoce8w@amazon.co.jp', 'hermano/a', 'I', 21, '2023-07-02 16:26:03'),
(322, '8631669091', 'Al', 'Åke', 'Itzkovitch', '富', '2855 Portage Way', '869-449-80', '697-892-83', 'aitzkovitch8x@angelfire.com', 'primo/prima', 'A', 46, '2023-07-02 16:26:03'),
(323, '2948130379', 'Delmar', 'Gisèle', 'Draycott', '石', '879 Florence Court', '707-333-00', '118-356-42', 'ddraycott8y@bbc.co.uk', 'tio/a', 'A', 3, '2023-07-02 16:26:03'),
(324, '8486400805', 'Guinevere', 'Laïla', 'Lippitt', '方', '2968 Toban Place', '530-504-71', '200-929-65', 'glippitt8z@intel.com', 'hermano/a', 'I', 42, '2023-07-02 16:26:03'),
(325, '9571746355', 'Amitie', 'Gösta', 'Halt', '孙', '1099 Leroy Terrace', '417-369-34', '203-318-85', 'ahalt90@symantec.com', 'madre/padre', 'I', 46, '2023-07-02 16:26:03'),
(326, '7486738902', 'Pammy', 'Méghane', 'Wheatcroft', '倪', '172 Dahle Park', '645-454-06', '497-359-32', 'pwheatcroft91@weebly.com', 'primo/prima', 'I', 23, '2023-07-02 16:26:03'),
(327, '8682024934', 'Lazar', 'Céline', 'Stuer', '荣', '849 Kim Plaza', '108-400-88', '567-737-19', 'lstuer92@vk.com', 'cuñado/cuñada', 'A', 10, '2023-07-02 16:26:03'),
(328, '5390647033', 'Marten', 'Styrbjörn', 'Budgen', '胡', '35 Michigan Parkway', '995-194-65', '221-419-05', 'mbudgen93@mac.com', 'hermano/a', 'A', 28, '2023-07-02 16:26:03'),
(329, '9295252977', 'Giordano', 'Maëlann', 'Yakobowitch', '羿', '1399 Hazelcrest Alley', '823-910-77', '333-174-21', 'gyakobowitch94@opera.com', 'hermano/a', 'A', 19, '2023-07-02 16:26:03'),
(330, '1490452613', 'Kelci', 'Léana', 'Tither', '卜', '45414 Homewood Center', '354-233-47', '289-761-00', 'ktither95@redcross.org', 'abuelo/a', 'A', 33, '2023-07-02 16:26:03'),
(331, '4928311655', 'Perry', 'Judicaël', 'Probat', '鲍', '8913 Fairview Way', '312-122-03', '694-929-65', 'pprobat96@addthis.com', 'hermano/a', 'I', 27, '2023-07-02 16:26:03'),
(332, '3500752594', 'Dorita', 'Sélène', 'Lathee', '嵇', '029 Stang Way', '738-961-25', '854-978-15', 'dlathee97@virginia.edu', 'abuelo/a', 'A', 22, '2023-07-02 16:26:03'),
(333, '3689407257', 'Lizzie', 'Maëlys', 'Try', '宰', '347 Lotheville Parkway', '605-433-48', '609-767-09', 'ltry98@mlb.com', 'tio/a', 'I', 4, '2023-07-02 16:26:03'),
(334, '1304041964', 'Yance', 'Åsa', 'Whitehair', '池', '6 Westport Lane', '721-926-68', '338-404-41', 'ywhitehair99@usgs.gov', 'tio/a', 'I', 13, '2023-07-02 16:26:03'),
(335, '9165785606', 'Gennie', 'Vénus', 'Santore', '巢', '94 Gina Terrace', '152-363-20', '358-380-52', 'gsantore9a@merriam-webster.com', 'primo/prima', 'A', 9, '2023-07-02 16:26:03'),
(336, '3317626313', 'Tory', 'Marie-françoise', 'Butterick', '殳', '73080 School Road', '938-180-21', '165-765-49', 'tbutterick9b@businesswire.com', 'madre/padre', 'A', 32, '2023-07-02 16:26:03'),
(337, '1545461996', 'Analiese', 'Michèle', 'Gilberthorpe', '阚', '627 Hanover Street', '686-928-90', '503-359-35', 'agilberthorpe9c@businesswire.com', 'madre/padre', 'A', 18, '2023-07-02 16:26:03'),
(338, '7740952303', 'Terza', 'Annotée', 'Leverson', '申', '6 Fieldstone Road', '399-390-99', '392-880-28', 'tleverson9d@japanpost.jp', 'cuñado/cuñada', 'A', 13, '2023-07-02 16:26:03'),
(339, '6821175624', 'Dee dee', 'Marlène', 'Murricanes', '国', '6 Pawling Road', '835-573-66', '632-417-87', 'dmurricanes9e@imageshack.us', 'madre/padre', 'A', 38, '2023-07-02 16:26:03'),
(340, '1139523910', 'Annalise', 'Pénélope', 'Peirazzi', '邹', '09 Grim Junction', '840-853-85', '359-361-39', 'apeirazzi9f@furl.net', 'cuñado/cuñada', 'I', 8, '2023-07-02 16:26:03'),
(341, '6892117562', 'Tab', 'Amélie', 'Swannie', '尹', '08831 Toban Street', '693-318-18', '623-742-61', 'tswannie9g@webmd.com', 'cuñado/cuñada', 'A', 26, '2023-07-02 16:26:03'),
(342, '6709362833', 'Devonna', 'Styrbjörn', 'Golthorpp', '融', '14 Forest Dale Avenue', '331-254-02', '117-623-29', 'dgolthorpp9h@wp.com', 'hermano/a', 'A', 36, '2023-07-02 16:26:03'),
(343, '0743344286', 'Hunt', 'Léana', 'Shaudfurth', '郗', '53570 South Plaza', '428-326-67', '880-399-49', 'hshaudfurth9i@drupal.org', 'abuelo/a', 'I', 48, '2023-07-02 16:26:03'),
(344, '1097835545', 'Neila', 'Maëly', 'Gosnell', '郭', '5930 Doe Crossing Road', '808-765-05', '709-641-57', 'ngosnell9j@skyrock.com', 'cuñado/cuñada', 'I', 18, '2023-07-02 16:26:03'),
(345, '6029277480', 'Gill', 'Léane', 'Farmar', '虞', '94 Porter Place', '715-253-27', '385-398-81', 'gfarmar9k@domainmarket.com', 'primo/prima', 'I', 28, '2023-07-02 16:26:03'),
(346, '6084978568', 'Kassey', 'Vénus', 'Ingleby', '杨', '1 Goodland Place', '813-137-97', '189-495-97', 'kingleby9l@so-net.ne.jp', 'madre/padre', 'I', 7, '2023-07-02 16:26:03'),
(347, '9073982308', 'Shaine', 'Thérèsa', 'Bauman', '贡', '561 Melody Circle', '964-601-12', '846-872-29', 'sbauman9m@slashdot.org', 'cuñado/cuñada', 'I', 28, '2023-07-02 16:26:03'),
(348, '9285013201', 'Lauritz', 'Göran', 'Heams', '霍', '57 Mendota Parkway', '820-991-15', '585-689-48', 'lheams9n@alibaba.com', 'tio/a', 'I', 37, '2023-07-02 16:26:03'),
(349, '1391055551', 'Smith', 'Uò', 'De Few', '水', '61 Northview Junction', '261-195-43', '424-840-21', 'sdefew9o@dailymotion.com', 'tio/a', 'A', 10, '2023-07-02 16:26:03'),
(350, '5642785885', 'Darnall', 'Maïlis', 'Shacklady', '夏', '884 Holmberg Pass', '419-762-98', '323-687-41', 'dshacklady9p@wix.com', 'tio/a', 'A', 26, '2023-07-02 16:26:03'),
(351, '4042913075', 'Catharine', 'Örjan', 'Page', '耿', '013 Eagle Crest Park', '223-675-30', '697-519-72', 'cpage9q@macromedia.com', 'abuelo/a', 'A', 43, '2023-07-02 16:26:03'),
(352, '5038729525', 'Bartholomeo', 'Björn', 'Sinnie', '相', '10 Canary Park', '779-754-24', '664-687-01', 'bsinnie9r@google.ca', 'hermano/a', 'I', 47, '2023-07-02 16:26:03'),
(353, '9161440701', 'Sonnnie', 'Mégane', 'Nevitt', '邱', '0 Memorial Point', '251-551-27', '811-816-65', 'snevitt9s@mediafire.com', 'madre/padre', 'A', 15, '2023-07-02 16:26:03'),
(354, '6405997030', 'Manuel', 'Agnès', 'McGrale', '於', '4 Hanover Crossing', '354-378-54', '538-899-69', 'mmcgrale9t@symantec.com', 'cuñado/cuñada', 'A', 1, '2023-07-02 16:26:03'),
(355, '3578932051', 'Anna-diana', 'Maëlyss', 'Brugmann', '左', '9669 Lakewood Gardens Alley', '113-215-54', '321-407-69', 'abrugmann9u@epa.gov', 'tio/a', 'A', 4, '2023-07-02 16:26:03'),
(356, '4470557935', 'Nichols', 'Eléonore', 'Landrean', '幸', '548 Maple Wood Hill', '817-773-92', '500-439-06', 'nlandrean9v@senate.gov', 'tio/a', 'I', 31, '2023-07-02 16:26:03'),
(357, '2518139370', 'Antonino', 'Sòng', 'Markson', '蓝', '059 Luster Parkway', '735-871-87', '701-453-16', 'amarkson9w@mit.edu', 'tio/a', 'I', 44, '2023-07-02 16:26:03'),
(358, '9634923623', 'Deva', 'Estève', 'O\' Mulderrig', '昝', '178 Randy Road', '142-132-15', '218-975-20', 'domulderrig9x@instagram.com', 'hermano/a', 'A', 27, '2023-07-02 16:26:03'),
(359, '3233912080', 'Jannel', 'Maëline', 'McKinie', '卞', '19 Hoffman Street', '660-704-01', '645-925-57', 'jmckinie9y@oaic.gov.au', 'hermano/a', 'A', 20, '2023-07-02 16:26:03'),
(360, '2700101332', 'Mona', 'Laïla', 'Finlaison', '金', '24 Kipling Point', '753-383-07', '937-210-87', 'mfinlaison9z@yale.edu', 'cuñado/cuñada', 'A', 28, '2023-07-02 16:26:03'),
(361, '5519002312', 'Rosette', 'Adélie', 'Maydwell', '宋', '13946 Stephen Court', '137-303-69', '639-787-63', 'rmaydwella0@fastcompany.com', 'madre/padre', 'A', 29, '2023-07-02 16:26:03'),
(362, '1025615735', 'Ximenez', 'Léane', 'Paolinelli', '寇', '29351 Corry Street', '754-424-38', '657-867-64', 'xpaolinellia1@addthis.com', 'cuñado/cuñada', 'A', 28, '2023-07-02 16:26:03'),
(363, '2972272749', 'Alicea', 'Maëlla', 'Doncom', '暨', '9 Warner Parkway', '924-996-46', '571-356-84', 'adoncoma2@flavors.me', 'primo/prima', 'A', 22, '2023-07-02 16:26:03'),
(364, '4143015811', 'Gigi', 'Magdalène', 'Noke', '郝', '74645 Carpenter Lane', '972-914-25', '125-306-99', 'gnokea3@unblog.fr', 'cuñado/cuñada', 'A', 46, '2023-07-02 16:26:03'),
(365, '0622268481', 'Symon', 'Séverine', 'Ecob', '陆', '09257 8th Court', '126-882-96', '516-978-98', 'secoba4@amazonaws.com', 'tio/a', 'A', 6, '2023-07-02 16:26:03'),
(366, '6359936127', 'Alix', 'Daphnée', 'Lilbourne', '养', '716 Corben Junction', '715-207-49', '536-602-72', 'alilbournea5@hao123.com', 'madre/padre', 'A', 7, '2023-07-02 16:26:03'),
(367, '8431643226', 'Harwilll', 'Lucrèce', 'Braferton', '晏', '0 Gulseth Circle', '610-168-30', '602-188-15', 'hbrafertona6@multiply.com', 'cuñado/cuñada', 'I', 45, '2023-07-02 16:26:03'),
(368, '4330977885', 'Irita', 'Lèi', 'Docwra', '溥', '28 7th Terrace', '952-152-27', '465-448-58', 'idocwraa7@arstechnica.com', 'abuelo/a', 'I', 42, '2023-07-02 16:26:03'),
(369, '0410766380', 'Tedi', 'Cléopatre', 'Rupp', '宓', '6421 Springs Trail', '116-736-27', '958-737-84', 'truppa8@technorati.com', 'madre/padre', 'I', 21, '2023-07-02 16:26:03'),
(370, '9067021741', 'Kylie', 'Méryl', 'Sambath', '毕', '50208 Calypso Hill', '192-391-59', '851-746-89', 'ksambatha9@wisc.edu', 'hermano/a', 'I', 46, '2023-07-02 16:26:03'),
(371, '2497900205', 'Shirl', 'Aimée', 'Biggadyke', '茅', '1394 Carey Park', '617-371-94', '571-407-49', 'sbiggadykeaa@vimeo.com', 'cuñado/cuñada', 'I', 41, '2023-07-02 16:26:03'),
(372, '3178085351', 'June', 'Séréna', 'Briar', '危', '14 Bartillon Place', '755-995-29', '822-338-97', 'jbriarab@studiopress.com', 'cuñado/cuñada', 'A', 17, '2023-07-02 16:26:03'),
(373, '0212348256', 'Jenda', 'Lài', 'Yashnov', '屠', '41 Myrtle Parkway', '911-243-04', '995-674-60', 'jyashnovac@amazon.com', 'hermano/a', 'I', 17, '2023-07-02 16:26:03'),
(374, '6771940934', 'Danell', 'Marie-françoise', 'Penas', '冀', '4247 Kinsman Point', '363-733-41', '656-843-49', 'dpenasad@is.gd', 'madre/padre', 'I', 35, '2023-07-02 16:26:03'),
(375, '7711922132', 'Renaldo', 'Anaël', 'Yearns', '宫', '43 Hanover Street', '207-141-92', '646-538-71', 'ryearnsae@creativecommons.org', 'madre/padre', 'I', 17, '2023-07-02 16:26:03'),
(376, '5574100770', 'Allix', 'Håkan', 'Noye', '富', '0761 Dunning Center', '939-803-61', '227-425-81', 'anoyeaf@clickbank.net', 'madre/padre', 'A', 33, '2023-07-02 16:26:03'),
(377, '3261156287', 'Meryl', 'Uò', 'MacCafferky', '越', '19838 Weeping Birch Hill', '420-596-07', '367-655-77', 'mmaccafferkyag@example.com', 'abuelo/a', 'I', 10, '2023-07-02 16:26:03'),
(378, '9364319362', 'Fletch', 'Dà', 'Chastaing', '敖', '79052 Sherman Terrace', '619-453-69', '266-583-50', 'fchastaingah@freewebs.com', 'primo/prima', 'I', 33, '2023-07-02 16:26:03'),
(379, '6768149873', 'Britni', 'Lài', 'Sadry', '勾', '62 Stang Trail', '235-328-77', '816-534-60', 'bsadryai@arstechnica.com', 'hermano/a', 'I', 32, '2023-07-02 16:26:03'),
(380, '1645902994', 'Rudolph', 'Aimée', 'Whiffin', '红', '8257 Mayer Pass', '532-798-62', '335-819-98', 'rwhiffinaj@sciencedirect.com', 'hermano/a', 'A', 35, '2023-07-02 16:26:03'),
(381, '2500900835', 'Alexina', 'Pål', 'Dominiak', '王', '672 Welch Center', '191-853-77', '903-240-67', 'adominiakak@yale.edu', 'cuñado/cuñada', 'I', 8, '2023-07-02 16:26:03'),
(382, '6799540159', 'Flossi', 'Nuó', 'Ellar', '茹', '29031 Harbort Road', '621-103-45', '606-398-30', 'fellaral@sphinn.com', 'tio/a', 'I', 3, '2023-07-02 16:26:03'),
(383, '5674415161', 'Jamie', 'Tú', 'Satterlee', '季', '5747 Mallard Trail', '312-408-05', '665-279-23', 'jsatterleeam@dailymail.co.uk', 'tio/a', 'A', 19, '2023-07-02 16:26:03'),
(384, '4280104247', 'Vera', 'Amélie', 'Ensor', '史', '6 Arizona Pass', '945-579-44', '941-734-50', 'vensoran@nps.gov', 'madre/padre', 'A', 30, '2023-07-02 16:26:03'),
(385, '8343523814', 'Chandler', 'Noémie', 'Ramble', '嵇', '68 Banding Lane', '647-357-40', '817-693-77', 'crambleao@godaddy.com', 'madre/padre', 'A', 18, '2023-07-02 16:26:03'),
(386, '9429031023', 'Quentin', 'Gösta', 'Lillistone', '毕', '751 Commercial Pass', '773-292-39', '407-154-24', 'qlillistoneap@state.tx.us', 'hermano/a', 'I', 48, '2023-07-02 16:26:03'),
(387, '1273391306', 'Bambi', 'Lóng', 'Antill', '计', '8 Anhalt Terrace', '908-738-68', '229-775-09', 'bantillaq@ucsd.edu', 'primo/prima', 'A', 18, '2023-07-02 16:26:03'),
(388, '9173678457', 'Leigh', 'Séréna', 'Chaucer', '姜', '02316 Service Terrace', '345-282-98', '719-946-33', 'lchaucerar@furl.net', 'cuñado/cuñada', 'I', 20, '2023-07-02 16:26:03'),
(389, '8528991768', 'Fredek', 'Naéva', 'Yanshinov', '季', '04 Longview Junction', '697-281-01', '279-700-09', 'fyanshinovas@admin.ch', 'primo/prima', 'A', 29, '2023-07-02 16:26:03'),
(390, '4286659232', 'Patty', 'Erwéi', 'Bellon', '狄', '896 Sugar Hill', '922-647-46', '689-895-33', 'pbellonat@jimdo.com', 'cuñado/cuñada', 'I', 29, '2023-07-02 16:26:03'),
(391, '0249909901', 'Richart', 'Rachèle', 'Bowmer', '荀', '8 Moland Avenue', '234-540-69', '483-644-08', 'rbowmerau@tamu.edu', 'madre/padre', 'I', 26, '2023-07-02 16:26:03'),
(392, '9172818212', 'Anastasia', 'Mylène', 'Mintoft', '颜', '90961 Monument Terrace', '893-403-44', '835-946-80', 'amintoftav@timesonline.co.uk', 'hermano/a', 'A', 40, '2023-07-02 16:26:03'),
(393, '3497253138', 'Vania', 'Léonie', 'Freckingham', '索', '75930 Pleasure Drive', '616-793-37', '258-703-71', 'vfreckinghamaw@eventbrite.com', 'madre/padre', 'I', 11, '2023-07-02 16:26:03'),
(394, '7883025759', 'Milton', 'Styrbjörn', 'Traske', '夏', '1 Scofield Avenue', '464-375-75', '700-680-60', 'mtraskeax@stumbleupon.com', 'primo/prima', 'I', 32, '2023-07-02 16:26:03'),
(395, '0847705390', 'Jeth', 'Marlène', 'Aubri', '伏', '50 Hagan Avenue', '105-906-09', '843-777-96', 'jaubriay@seesaa.net', 'hermano/a', 'A', 38, '2023-07-02 16:26:03'),
(396, '1739205618', 'Verena', 'Marie-ève', 'Chantler', '巢', '4 Sutherland Alley', '756-806-38', '379-295-20', 'vchantleraz@cyberchimps.com', 'cuñado/cuñada', 'I', 8, '2023-07-02 16:26:03'),
(397, '6983152026', 'Kippy', 'Océane', 'Laidlow', '景', '73 Dayton Trail', '223-685-89', '449-930-45', 'klaidlowb0@nih.gov', 'cuñado/cuñada', 'I', 4, '2023-07-02 16:26:03'),
(398, '3718791773', 'Vinnie', 'Méthode', 'Beecker', '牧', '80 Calypso Road', '470-884-63', '360-611-20', 'vbeeckerb1@netscape.com', 'abuelo/a', 'I', 44, '2023-07-02 16:26:03'),
(399, '5717975317', 'Deb', 'Cloé', 'Walliker', '江', '155 Kipling Circle', '750-448-35', '450-627-55', 'dwallikerb2@cdc.gov', 'tio/a', 'A', 4, '2023-07-02 16:26:03'),
(400, '5122265194', 'Prudi', 'Annotés', 'Lemary', '姬', '305 Dayton Parkway', '496-714-39', '898-432-53', 'plemaryb3@businessweek.com', 'abuelo/a', 'A', 8, '2023-07-02 16:26:03'),
(401, '2102577309', 'Abel', 'Géraldine', 'Dorkin', '贝', '9 Warrior Parkway', '584-151-15', '252-728-58', 'adorkinb4@vk.com', 'abuelo/a', 'A', 7, '2023-07-02 16:26:03'),
(402, '5402049122', 'Isabel', 'Maï', 'Cristofol', '蒙', '54 Anniversary Street', '146-824-95', '978-586-28', 'icristofolb5@indiegogo.com', 'abuelo/a', 'A', 17, '2023-07-02 16:26:03'),
(403, '2191975801', 'Anny', 'Solène', 'Quail', '谈', '57245 Starling Junction', '225-804-93', '580-547-83', 'aquailb6@stumbleupon.com', 'primo/prima', 'I', 21, '2023-07-02 16:26:03'),
(404, '5409868056', 'Kelley', 'Athéna', 'Maneylaws', '边', '1 Sommers Crossing', '468-186-00', '278-863-17', 'kmaneylawsb7@zimbio.com', 'hermano/a', 'A', 32, '2023-07-02 16:26:03'),
(405, '4206978123', 'Effie', 'Judicaël', 'Buntine', '山', '86 Stuart Circle', '770-988-26', '431-866-78', 'ebuntineb8@twitter.com', 'abuelo/a', 'A', 35, '2023-07-02 16:26:03'),
(406, '5663012648', 'Alfi', 'Amélie', 'Malicki', '蓟', '4020 Mesta Alley', '399-153-58', '493-887-39', 'amalickib9@skyrock.com', 'tio/a', 'A', 35, '2023-07-02 16:26:03'),
(407, '8908477969', 'Carine', 'Åslög', 'Stork', '慎', '78733 Arrowood Junction', '967-143-03', '748-809-32', 'cstorkba@ft.com', 'primo/prima', 'I', 45, '2023-07-02 16:26:03'),
(408, '7906929047', 'Filippo', 'Frédérique', 'Blonfield', '历', '95 Fallview Lane', '232-732-75', '674-316-54', 'fblonfieldbb@whitehouse.gov', 'cuñado/cuñada', 'I', 19, '2023-07-02 16:26:03'),
(409, '3837966356', 'Timofei', 'Almérinda', 'Gerrelt', '左', '7586 Parkside Hill', '429-746-88', '172-721-45', 'tgerreltbc@va.gov', 'hermano/a', 'I', 47, '2023-07-02 16:26:03'),
(410, '9385318365', 'Miranda', 'Maëlyss', 'Arnke', '鱼', '981 Del Sol Plaza', '106-532-54', '782-172-07', 'marnkebd@springer.com', 'madre/padre', 'A', 9, '2023-07-02 16:26:03'),
(411, '6744739484', 'Sascha', 'Styrbjörn', 'Gammade', '浦', '38086 Brentwood Plaza', '947-369-52', '809-410-59', 'sgammadebe@sciencedaily.com', 'primo/prima', 'I', 11, '2023-07-02 16:26:03'),
(412, '5258235459', 'Terrijo', 'Audréanne', 'Nealon', '裴', '0006 Hintze Terrace', '312-561-04', '153-656-03', 'tnealonbf@prweb.com', 'hermano/a', 'I', 31, '2023-07-02 16:26:03'),
(413, '8388992872', 'Reube', 'Camélia', 'Miguet', '解', '1 Barnett Court', '626-415-30', '518-269-07', 'rmiguetbg@chron.com', 'tio/a', 'I', 43, '2023-07-02 16:26:03'),
(414, '7554308114', 'Claribel', 'Céline', 'Behne', '陶', '3 Park Meadow Crossing', '484-425-52', '513-244-01', 'cbehnebh@hubpages.com', 'tio/a', 'I', 44, '2023-07-02 16:26:03'),
(415, '9698416013', 'Clifford', 'Marie-hélène', 'Maciejak', '曹', '389 Clemons Pass', '905-240-02', '929-638-97', 'cmaciejakbi@chron.com', 'tio/a', 'A', 38, '2023-07-02 16:26:03'),
(416, '2363678281', 'Julienne', 'Bénédicte', 'Simison', '温', '7 Hanson Avenue', '476-528-67', '920-794-50', 'jsimisonbj@oaic.gov.au', 'primo/prima', 'A', 3, '2023-07-02 16:26:03'),
(417, '4521683983', 'Elyssa', 'Maïwenn', 'Boardman', '戎', '98747 Kedzie Lane', '341-701-96', '549-139-43', 'eboardmanbk@behance.net', 'primo/prima', 'I', 2, '2023-07-02 16:26:03'),
(418, '0370633180', 'Daisey', 'Félicie', 'Gunter', '富', '4510 Ilene Junction', '335-150-68', '639-100-51', 'dgunterbl@dropbox.com', 'tio/a', 'A', 18, '2023-07-02 16:26:03'),
(419, '6458088787', 'Ricard', 'Réjane', 'Broggini', '蔚', '59705 Katie Drive', '251-575-37', '503-410-66', 'rbrogginibm@bloglines.com', 'primo/prima', 'A', 34, '2023-07-02 16:26:03'),
(420, '5599729311', 'Ansel', 'Garçon', 'Amoss', '钭', '2 Holy Cross Avenue', '744-917-79', '796-558-31', 'aamossbn@soundcloud.com', 'cuñado/cuñada', 'I', 19, '2023-07-02 16:26:03'),
(421, '2996935691', 'Emmerich', 'Vérane', 'Tremouille', '柴', '78 Mifflin Road', '253-739-10', '172-534-24', 'etremouillebo@businesswire.com', 'cuñado/cuñada', 'I', 37, '2023-07-02 16:26:03'),
(422, '4906012760', 'Sutton', 'Tú', 'Marquess', '崔', '2 Prentice Street', '950-752-81', '988-399-81', 'smarquessbp@netvibes.com', 'primo/prima', 'I', 2, '2023-07-02 16:26:03'),
(423, '0201262622', 'Raquel', 'Marie-thérèse', 'Pedersen', '师', '58 School Crossing', '604-155-05', '460-967-80', 'rpedersenbq@facebook.com', 'abuelo/a', 'I', 5, '2023-07-02 16:26:03'),
(424, '1477555455', 'Erena', 'Cléa', 'Blundan', '任', '3 Anhalt Point', '424-654-94', '866-499-63', 'eblundanbr@pen.io', 'abuelo/a', 'A', 13, '2023-07-02 16:26:03'),
(425, '3653598222', 'Othilia', 'Simplifiés', 'Raiman', '融', '5 Garrison Parkway', '753-725-93', '765-364-01', 'oraimanbs@ft.com', 'primo/prima', 'I', 32, '2023-07-02 16:26:03'),
(426, '4890027955', 'Tansy', 'Marie-josée', 'Ruddick', '家', '5 Nevada Lane', '588-295-86', '950-798-55', 'truddickbt@addtoany.com', 'madre/padre', 'I', 23, '2023-07-02 16:26:03'),
(427, '9344900922', 'Diandra', 'Méng', 'Malyan', '杨', '3631 Fieldstone Terrace', '895-138-91', '739-415-14', 'dmalyanbu@about.com', 'abuelo/a', 'A', 17, '2023-07-02 16:26:03'),
(428, '5004069050', 'Willyt', 'Kallisté', 'Minette', '阳', '00 Sugar Place', '617-376-31', '769-152-83', 'wminettebv@youku.com', 'abuelo/a', 'A', 2, '2023-07-02 16:26:03'),
(429, '5257188066', 'Leona', 'Esbjörn', 'Sheehan', '逄', '49862 Bobwhite Point', '125-294-80', '107-734-02', 'lsheehanbw@blinklist.com', 'primo/prima', 'A', 40, '2023-07-02 16:26:03'),
(430, '4974397028', 'Virge', 'Bérangère', 'Woffinden', '葛', '164 Brentwood Hill', '379-343-79', '566-727-17', 'vwoffindenbx@illinois.edu', 'hermano/a', 'A', 39, '2023-07-02 16:26:03'),
(431, '1262380804', 'Antony', 'Aí', 'Jardine', '樊', '21610 Dapin Way', '742-663-31', '227-947-55', 'ajardineby@a8.net', 'hermano/a', 'A', 36, '2023-07-02 16:26:03'),
(432, '4483071793', 'Jude', 'Kallisté', 'Torrance', '广', '4036 Randy Parkway', '199-368-04', '451-108-38', 'jtorrancebz@telegraph.co.uk', 'abuelo/a', 'A', 4, '2023-07-02 16:26:03'),
(433, '4036220012', 'Evania', 'Irène', 'Greenroad', '储', '276 Dennis Alley', '473-204-64', '426-612-88', 'egreenroadc0@google.it', 'tio/a', 'A', 19, '2023-07-02 16:26:03'),
(434, '2124851667', 'Velma', 'Maëlyss', 'Strand', '施', '38916 Oakridge Way', '810-872-23', '139-504-88', 'vstrandc1@wiley.com', 'madre/padre', 'I', 40, '2023-07-02 16:26:03'),
(435, '2165271630', 'Sheilakathryn', 'Valérie', 'Ells', '姚', '68 Lillian Center', '793-942-21', '595-922-67', 'sellsc2@amazon.co.uk', 'cuñado/cuñada', 'I', 19, '2023-07-02 16:26:03'),
(436, '5906389725', 'Sylvan', 'Personnalisée', 'Eggleton', '郝', '4469 Emmet Drive', '736-748-79', '786-872-90', 'seggletonc3@ftc.gov', 'madre/padre', 'A', 21, '2023-07-02 16:26:03'),
(437, '4120005658', 'Marla', 'Mélys', 'Learmont', '罗', '3262 Morning Alley', '990-839-49', '427-884-40', 'mlearmontc4@rambler.ru', 'cuñado/cuñada', 'A', 43, '2023-07-02 16:26:03'),
(438, '5586868865', 'Stevie', 'Marie-françoise', 'Tattersfield', '邢', '5144 Russell Hill', '397-798-49', '961-946-07', 'stattersfieldc5@jimdo.com', 'madre/padre', 'I', 21, '2023-07-02 16:26:03'),
(439, '2876179644', 'Travers', 'Laïla', 'Giaomozzo', '郎', '530 Pearson Point', '758-875-51', '288-729-61', 'tgiaomozzoc6@un.org', 'primo/prima', 'I', 34, '2023-07-02 16:26:03'),
(440, '4722870683', 'Jerrie', 'Marie-josée', 'Dickson', '邓', '05 Morningstar Crossing', '954-193-96', '943-419-17', 'jdicksonc7@alibaba.com', 'cuñado/cuñada', 'A', 40, '2023-07-02 16:26:03'),
(441, '5232684590', 'Sidney', 'Marie-noël', 'Rentoul', '管', '22 Loftsgordon Way', '443-884-51', '651-711-44', 'srentoulc8@ocn.ne.jp', 'hermano/a', 'I', 37, '2023-07-02 16:26:03'),
(442, '4431219528', 'Brittaney', 'Mén', 'Adey', '卜', '251 Florence Pass', '442-874-19', '957-834-90', 'badeyc9@goodreads.com', 'tio/a', 'I', 39, '2023-07-02 16:26:03'),
(443, '0653973284', 'Adamo', 'Angèle', 'De Blase', '鲁', '21880 Old Shore Plaza', '322-112-97', '314-837-39', 'adeblaseca@people.com.cn', 'primo/prima', 'A', 47, '2023-07-02 16:26:03'),
(444, '4741811115', 'Jarrett', 'Léonore', 'Brigshaw', '宫', '16258 Lake View Way', '895-468-09', '310-712-87', 'jbrigshawcb@fema.gov', 'primo/prima', 'A', 15, '2023-07-02 16:26:03'),
(445, '2432477677', 'Lammond', 'Eugénie', 'Gascoyen', '公', '404 Rockefeller Way', '407-618-94', '161-354-98', 'lgascoyencc@utexas.edu', 'madre/padre', 'A', 31, '2023-07-02 16:26:03'),
(446, '3321765284', 'Katharyn', 'Daphnée', 'Whitter', '邱', '914 Colorado Court', '879-890-04', '619-747-12', 'kwhittercd@mozilla.org', 'cuñado/cuñada', 'I', 21, '2023-07-02 16:26:03'),
(447, '8907625484', 'Baxie', 'Esbjörn', 'Rhubottom', '廖', '317 Petterle Pass', '177-634-49', '899-839-48', 'brhubottomce@studiopress.com', 'tio/a', 'I', 45, '2023-07-02 16:26:03'),
(448, '5889298216', 'Berget', 'Réjane', 'Pawelec', '吉', '1541 Mcguire Place', '461-994-33', '209-874-76', 'bpaweleccf@youtube.com', 'cuñado/cuñada', 'I', 43, '2023-07-02 16:26:03'),
(449, '2625689447', 'Theodoric', 'Lài', 'Habbema', '史', '54 Old Gate Crossing', '664-580-31', '566-680-30', 'thabbemacg@tumblr.com', 'primo/prima', 'A', 39, '2023-07-02 16:26:03'),
(450, '3529428582', 'York', 'Naëlle', 'Pointin', '阳', '48212 Del Mar Alley', '288-526-32', '746-203-06', 'ypointinch@domainmarket.com', 'hermano/a', 'A', 14, '2023-07-02 16:26:03'),
(451, '2854156250', 'Wolfgang', 'Maïlys', 'Everton', '蔚', '8 Cambridge Plaza', '205-841-20', '118-708-57', 'wevertonci@biblegateway.com', 'tio/a', 'I', 8, '2023-07-02 16:26:03'),
(452, '7623657666', 'Shay', 'Célia', 'McGinny', '勾', '615 Leroy Pass', '900-121-65', '204-229-98', 'smcginnycj@flickr.com', 'hermano/a', 'A', 18, '2023-07-02 16:26:03'),
(453, '7706135721', 'Ade', 'Marie-ève', 'Lightbody', '宫', '60 Cardinal Parkway', '773-320-88', '429-344-37', 'alightbodyck@xing.com', 'madre/padre', 'A', 19, '2023-07-02 16:26:03'),
(454, '1442927259', 'Dorthea', 'Åsa', 'Mackett', '牧', '7336 Merry Way', '379-756-93', '639-204-30', 'dmackettcl@ustream.tv', 'tio/a', 'I', 38, '2023-07-02 16:26:03'),
(455, '6439626108', 'Lulita', 'Bérengère', 'Spurdens', '燕', '565 Lakeland Hill', '172-682-65', '197-272-89', 'lspurdenscm@techcrunch.com', 'abuelo/a', 'A', 8, '2023-07-02 16:26:03'),
(456, '8528577163', 'Carter', 'Lorène', 'Bestar', '糜', '5 Evergreen Street', '154-782-57', '597-442-59', 'cbestarcn@google.ru', 'abuelo/a', 'I', 36, '2023-07-02 16:26:03'),
(457, '6846544003', 'Matti', 'Cléa', 'Charlton', '和', '5731 Birchwood Court', '152-739-90', '377-135-65', 'mcharltonco@usda.gov', 'primo/prima', 'A', 21, '2023-07-02 16:26:03'),
(458, '3856009299', 'Manolo', 'Mélina', 'Danev', '贝', '46 American Ash Circle', '819-641-86', '908-159-66', 'mdanevcp@msu.edu', 'cuñado/cuñada', 'I', 40, '2023-07-02 16:26:03'),
(459, '0748679111', 'Peria', 'Kallisté', 'Savell', '罗', '4 Grim Court', '560-569-26', '459-154-94', 'psavellcq@indiegogo.com', 'primo/prima', 'A', 48, '2023-07-02 16:26:03'),
(460, '0050385151', 'Georgine', 'Erwéi', 'Senussi', '暨', '9169 Scofield Center', '631-387-83', '754-114-19', 'gsenussicr@printfriendly.com', 'primo/prima', 'A', 8, '2023-07-02 16:26:03'),
(461, '9305755917', 'Fairleigh', 'Lài', 'Haker', '魏', '6760 Kim Center', '789-127-78', '306-734-24', 'fhakercs@mediafire.com', 'abuelo/a', 'I', 37, '2023-07-02 16:26:03'),
(462, '2150231387', 'Neil', 'Andrée', 'McCall', '羊', '366 Jenifer Junction', '363-883-60', '225-932-98', 'nmccallct@weather.com', 'tio/a', 'I', 7, '2023-07-02 16:26:03'),
(463, '2100465643', 'Elfrida', 'Zhì', 'Paviour', '阎', '1076 Di Loreto Parkway', '646-880-65', '214-821-44', 'epaviourcu@census.gov', 'cuñado/cuñada', 'A', 6, '2023-07-02 16:26:03'),
(464, '5847729707', 'Honor', 'Nélie', 'Veelers', '岑', '12 Sullivan Trail', '762-849-59', '471-941-13', 'hveelerscv@t-online.de', 'abuelo/a', 'A', 31, '2023-07-02 16:26:03'),
(465, '6473215573', 'Crystal', 'Alizée', 'Kinnen', '孟', '73 Schlimgen Street', '485-108-58', '126-777-95', 'ckinnencw@hostgator.com', 'primo/prima', 'I', 2, '2023-07-02 16:26:03'),
(466, '0808001205', 'Ronnie', 'Intéressant', 'Reah', '羿', '7 Thackeray Drive', '415-471-75', '163-506-09', 'rreahcx@joomla.org', 'hermano/a', 'A', 20, '2023-07-02 16:26:03'),
(467, '6436597166', 'Cornela', 'Sòng', 'Sandell', '顾', '7048 Becker Parkway', '293-216-63', '925-528-33', 'csandellcy@sfgate.com', 'madre/padre', 'A', 40, '2023-07-02 16:26:03'),
(468, '8978011098', 'Kinny', 'Almérinda', 'Trow', '薛', '2 Rowland Avenue', '130-906-59', '249-205-70', 'ktrowcz@vistaprint.com', 'cuñado/cuñada', 'A', 11, '2023-07-02 16:26:03'),
(469, '4883947173', 'Gilbertina', 'Clémentine', 'Gladding', '常', '28983 Acker Crossing', '918-683-64', '532-882-14', 'ggladdingd0@mediafire.com', 'cuñado/cuñada', 'I', 18, '2023-07-02 16:26:03'),
(470, '9809066597', 'Frederich', 'Stéphanie', 'Smittoune', '毛', '28 Brickson Park Avenue', '384-944-83', '247-598-02', 'fsmittouned1@toplist.cz', 'tio/a', 'A', 40, '2023-07-02 16:26:03'),
(471, '9894138500', 'Loleta', 'Lyséa', 'Muffett', '蒯', '7626 Nancy Lane', '146-900-23', '895-709-28', 'lmuffettd2@cpanel.net', 'hermano/a', 'I', 12, '2023-07-02 16:26:03'),
(472, '6383089242', 'Arvin', 'Daphnée', 'Pilmoor', '莘', '30139 Utah Street', '749-188-00', '272-547-83', 'apilmoord3@cbc.ca', 'hermano/a', 'A', 30, '2023-07-02 16:26:03'),
(473, '7523985297', 'Tonia', 'Maïly', 'Scorah', '韶', '791 Center Avenue', '526-643-40', '867-774-02', 'tscorahd4@merriam-webster.com', 'hermano/a', 'I', 32, '2023-07-02 16:26:03'),
(474, '7829559120', 'Gorden', 'Tán', 'Howsin', '黄', '4141 Menomonie Street', '620-939-73', '773-593-47', 'ghowsind5@ed.gov', 'madre/padre', 'I', 47, '2023-07-02 16:26:03'),
(475, '4744619118', 'Laurianne', 'Rébecca', 'Brocket', '桑', '4748 Monica Pass', '883-733-50', '160-278-28', 'lbrocketd6@stumbleupon.com', 'cuñado/cuñada', 'I', 2, '2023-07-02 16:26:03'),
(476, '5404384344', 'Norah', 'Håkan', 'Le Grand', '步', '12 Forest Circle', '388-548-21', '415-819-75', 'nlegrandd7@state.tx.us', 'tio/a', 'I', 43, '2023-07-02 16:26:03'),
(477, '7951001333', 'Ethelyn', 'Aimée', 'Rooksby', '尤', '8641 Pond Pass', '650-576-83', '849-351-01', 'erooksbyd8@youtu.be', 'hermano/a', 'I', 48, '2023-07-02 16:26:03'),
(478, '1467008427', 'Adrian', 'Médiamass', 'Quaintance', '咸', '1849 Ridge Oak Place', '679-726-72', '515-307-68', 'aquaintanced9@php.net', 'abuelo/a', 'I', 23, '2023-07-02 16:26:03'),
(479, '1081560983', 'Cassey', 'Mélia', 'Sandey', '姜', '29 Fairfield Plaza', '821-744-99', '987-506-41', 'csandeyda@mtv.com', 'abuelo/a', 'I', 48, '2023-07-02 16:26:03'),
(480, '2649744642', 'Wald', 'Géraldine', 'Lesley', '养', '190 Merchant Center', '713-185-62', '194-707-82', 'wlesleydb@scientificamerican.com', 'abuelo/a', 'I', 37, '2023-07-02 16:26:03'),
(481, '6996538092', 'Crissy', 'Mårten', 'Figge', '查', '35448 Butternut Way', '813-435-88', '663-188-88', 'cfiggedc@google.co.uk', 'madre/padre', 'I', 45, '2023-07-02 16:26:03'),
(482, '0572295359', 'Katheryn', 'Yú', 'Beckson', '董', '19 Dottie Hill', '706-725-90', '737-582-00', 'kbecksondd@wordpress.org', 'madre/padre', 'A', 31, '2023-07-02 16:26:03'),
(483, '6806940005', 'Aube', 'Léandre', 'Force', '吕', '437 Hooker Circle', '497-586-98', '571-115-90', 'aforcede@google.com.hk', 'cuñado/cuñada', 'I', 17, '2023-07-02 16:26:03'),
(484, '1601590350', 'Hamil', 'Gérald', 'MacClancey', '季', '63 Northridge Center', '736-779-31', '657-826-84', 'hmacclanceydf@utexas.edu', 'madre/padre', 'I', 22, '2023-07-02 16:26:03'),
(485, '8065970788', 'Ketty', 'Célestine', 'Ugolotti', '索', '0896 Moulton Circle', '153-456-69', '195-999-71', 'kugolottidg@liveinternet.ru', 'tio/a', 'I', 11, '2023-07-02 16:26:03'),
(486, '1620824388', 'Gilburt', 'Mégane', 'Yeardley', '邴', '28 Atwood Avenue', '906-583-53', '822-265-98', 'gyeardleydh@rambler.ru', 'madre/padre', 'I', 31, '2023-07-02 16:26:03'),
(487, '2469434173', 'Heriberto', 'Andréanne', 'Ogbourne', '蓟', '4 Nancy Crossing', '404-718-32', '704-492-26', 'hogbournedi@harvard.edu', 'primo/prima', 'A', 31, '2023-07-02 16:26:03'),
(488, '6999155925', 'Clayson', 'Stéphanie', 'Deal', '凤', '127 Armistice Lane', '328-362-00', '269-246-28', 'cdealdj@businessweek.com', 'madre/padre', 'I', 11, '2023-07-02 16:26:03'),
(489, '4854639539', 'Minni', 'Zoé', 'Ewence', '符', '11333 Dapin Way', '145-716-65', '325-602-78', 'mewencedk@harvard.edu', 'madre/padre', 'A', 10, '2023-07-02 16:26:03'),
(490, '2168580847', 'Normy', 'Maï', 'Stronack', '卢', '182 Dahle Plaza', '584-277-38', '552-663-49', 'nstronackdl@cloudflare.com', 'abuelo/a', 'A', 40, '2023-07-02 16:26:03'),
(491, '8390246813', 'Tierney', 'Félicie', 'Trowsdall', '屠', '53748 Dahle Junction', '839-388-67', '464-505-31', 'ttrowsdalldm@g.co', 'madre/padre', 'I', 40, '2023-07-02 16:26:03'),
(492, '2719145882', 'Omero', 'Maëlys', 'Kirsz', '郭', '92 Hanson Avenue', '732-408-16', '290-869-91', 'okirszdn@parallels.com', 'madre/padre', 'A', 38, '2023-07-02 16:26:03'),
(493, '0217400612', 'Ruy', 'Léa', 'Hattiff', '缪', '9 Michigan Drive', '164-723-20', '942-137-86', 'rhattiffdo@columbia.edu', 'tio/a', 'A', 46, '2023-07-02 16:26:03'),
(494, '6663450522', 'Phyllis', 'Loïca', 'Gard', '党', '53393 Mcguire Road', '802-274-85', '198-695-99', 'pgarddp@europa.eu', 'primo/prima', 'A', 42, '2023-07-02 16:26:03'),
(495, '6425968923', 'Gal', 'Amélie', 'Brabin', '葛', '84547 Moland Circle', '325-672-75', '801-582-12', 'gbrabindq@house.gov', 'abuelo/a', 'I', 9, '2023-07-02 16:26:03'),
(496, '3436176338', 'Ed', 'Bécassine', 'Lissaman', '向', '070 American Ash Lane', '548-621-12', '575-594-16', 'elissamandr@telegraph.co.uk', 'tio/a', 'I', 40, '2023-07-02 16:26:03'),
(497, '7451454541', 'Nellie', 'Anaïs', 'MacCostye', '向', '06533 Melvin Way', '351-750-77', '560-860-87', 'nmaccostyeds@wikipedia.org', 'tio/a', 'A', 3, '2023-07-02 16:26:03'),
(498, '9625441255', 'Fey', 'Miléna', 'Waterland', '糜', '235 Fremont Drive', '687-619-47', '322-881-17', 'fwaterlanddt@diigo.com', 'madre/padre', 'I', 31, '2023-07-02 16:26:03'),
(499, '4397457816', 'Clementius', 'Ráo', 'Longmaid', '左', '0513 Village Green Pass', '206-433-92', '520-264-18', 'clongmaiddu@youtu.be', 'cuñado/cuñada', 'I', 16, '2023-07-02 16:26:03'),
(500, '3958610099', 'Patience', 'Gösta', 'Calley', '李', '4 Jay Trail', '524-175-45', '743-254-73', 'pcalleydv@cargocollective.com', 'abuelo/a', 'A', 30, '2023-07-02 16:26:03'),
(501, '0791135519', 'Maiga', 'Maïlis', 'Kunkel', '孟', '0 Mesta Park', '877-277-27', '782-215-07', 'mkunkeldw@yolasite.com', 'hermano/a', 'I', 10, '2023-07-02 16:26:03'),
(502, '8086364526', 'Bethena', 'Fèi', 'Cunniam', '项', '5475 Dexter Road', '553-735-14', '449-981-33', 'bcunniamdx@wsj.com', 'tio/a', 'I', 33, '2023-07-02 16:26:03'),
(503, '3260773746', 'Roby', 'Loïs', 'Heaton', '吉', '68 Village Circle', '387-203-65', '954-548-40', 'rheatondy@narod.ru', 'hermano/a', 'I', 36, '2023-07-02 16:26:03'),
(504, '9775420520', 'Jeno', 'Marylène', 'Heberden', '丁', '619 3rd Parkway', '462-643-31', '289-345-68', 'jheberdendz@redcross.org', 'abuelo/a', 'I', 6, '2023-07-02 16:26:03'),
(505, '7765633686', 'Ulises', 'Naëlle', 'Goodwell', '章', '95768 Linden Terrace', '969-195-46', '344-738-33', 'ugoodwelle0@liveinternet.ru', 'hermano/a', 'A', 2, '2023-07-02 16:26:03'),
(506, '2971183173', 'Mil', 'Ruò', 'Flook', '应', '8786 Barby Road', '346-434-79', '303-309-96', 'mflooke1@theglobeandmail.com', 'abuelo/a', 'I', 15, '2023-07-02 16:26:03'),
(507, '1752209338', 'Aguie', 'Garçon', 'Cockings', '翟', '9951 Claremont Crossing', '211-312-30', '919-142-50', 'acockingse2@scribd.com', 'primo/prima', 'I', 14, '2023-07-02 16:26:03'),
(508, '5292930008', 'Elwira', 'Béatrice', 'Standing', '匡', '87991 Dexter Circle', '313-479-52', '736-802-69', 'estandinge3@examiner.com', 'madre/padre', 'A', 18, '2023-07-02 16:26:03'),
(509, '4132974391', 'Isidore', 'Mylène', 'Grimwad', '伊', '9269 Sachtjen Court', '913-719-58', '369-770-47', 'igrimwade4@oaic.gov.au', 'cuñado/cuñada', 'A', 24, '2023-07-02 16:26:03'),
(510, '8673906660', 'Alexei', 'Hélèna', 'Feldmann', '幸', '9521 Mcguire Circle', '580-936-88', '926-513-48', 'afeldmanne5@si.edu', 'cuñado/cuñada', 'A', 17, '2023-07-02 16:26:03'),
(511, '1998032353', 'Aimee', 'Östen', 'Pittock', '古', '11049 Esker Junction', '561-240-87', '730-371-52', 'apittocke6@hatena.ne.jp', 'abuelo/a', 'A', 36, '2023-07-02 16:26:03'),
(512, '5660864961', 'Gracie', 'Crééz', 'Cashford', '公', '0 Norway Maple Point', '700-341-91', '493-463-16', 'gcashforde7@technorati.com', 'primo/prima', 'I', 7, '2023-07-02 16:26:03'),
(513, '1273025385', 'Karia', 'Pélagie', 'Thatcham', '支', '4 Quincy Trail', '965-600-27', '773-554-20', 'kthatchame8@yale.edu', 'hermano/a', 'I', 10, '2023-07-02 16:26:03'),
(514, '4431399976', 'Robinia', 'Méryl', 'Ortsmann', '柳', '6301 Alpine Hill', '719-553-41', '193-764-91', 'rortsmanne9@nature.com', 'abuelo/a', 'A', 28, '2023-07-02 16:26:03'),
(515, '3262353663', 'Hortense', 'Marie-noël', 'Saben', '辛', '94973 Esker Hill', '442-926-87', '988-763-98', 'hsabenea@economist.com', 'hermano/a', 'I', 6, '2023-07-02 16:26:03'),
(516, '3158719363', 'Erna', 'Adélaïde', 'Fallawe', '温', '4381 Monterey Point', '371-777-04', '166-311-82', 'efallaweeb@quantcast.com', 'hermano/a', 'I', 20, '2023-07-02 16:26:03'),
(517, '2181651175', 'Perren', 'Frédérique', 'Mantle', '籍', '37 Cambridge Plaza', '897-406-49', '745-634-25', 'pmantleec@boston.com', 'madre/padre', 'A', 14, '2023-07-02 16:26:03'),
(518, '8937381907', 'Blisse', 'Adèle', 'Exroll', '辛', '50603 Milwaukee Alley', '233-301-26', '476-409-64', 'bexrolled@hao123.com', 'hermano/a', 'I', 29, '2023-07-02 16:26:03'),
(519, '5532040567', 'Thayne', 'Agnès', 'Bechley', '童', '4 Spaight Junction', '101-263-53', '300-511-77', 'tbechleyee@msu.edu', 'abuelo/a', 'A', 32, '2023-07-02 16:26:03'),
(520, '4972067071', 'Kathryn', 'Alizée', 'Hallbird', '通', '18 Reinke Place', '789-784-25', '358-847-79', 'khallbirdef@hhs.gov', 'hermano/a', 'A', 11, '2023-07-02 16:26:03'),
(521, '1245767151', 'Liam', 'Séréna', 'Eschalotte', '舒', '64145 Sheridan Street', '561-859-38', '326-962-68', 'leschalotteeg@nps.gov', 'cuñado/cuñada', 'I', 22, '2023-07-02 16:26:03'),
(522, '1867582929', 'Johnathan', 'Vénus', 'MacTrusty', '阮', '47 Ridgeview Pass', '990-197-20', '962-436-45', 'jmactrustyeh@mediafire.com', 'abuelo/a', 'I', 5, '2023-07-02 16:26:03'),
(523, '8154498286', 'Clyde', 'Maïté', 'Antoniottii', '宿', '4 Loftsgordon Court', '678-874-32', '839-814-06', 'cantoniottiiei@walmart.com', 'hermano/a', 'A', 22, '2023-07-02 16:26:03'),
(524, '4587317683', 'Klement', 'Ophélie', 'Luddy', '冷', '073 Laurel Lane', '207-409-01', '160-495-38', 'kluddyej@merriam-webster.com', 'cuñado/cuñada', 'A', 39, '2023-07-02 16:26:03'),
(525, '2963491719', 'Clare', 'Méryl', 'Mayston', '冀', '5 Bluestem Park', '905-260-31', '484-640-93', 'cmaystonek@technorati.com', 'madre/padre', 'I', 40, '2023-07-02 16:26:03'),
(526, '5694446674', 'Norma', 'Åke', 'Moxham', '湛', '4 Buena Vista Way', '139-417-35', '750-590-01', 'nmoxhamel@nytimes.com', 'primo/prima', 'A', 33, '2023-07-02 16:26:03'),
(527, '1472474260', 'Laurel', 'Ophélie', 'Nenci', '席', '349 Grover Hill', '384-744-40', '611-388-88', 'lnenciem@yellowbook.com', 'tio/a', 'I', 22, '2023-07-02 16:26:03'),
(528, '8324747389', 'Valry', 'Personnalisée', 'Willden', '宦', '3778 Old Gate Point', '128-241-70', '274-721-53', 'vwilldenen@xrea.com', 'cuñado/cuñada', 'I', 36, '2023-07-02 16:26:03'),
(529, '0971405387', 'Niko', 'Marie-josée', 'Boshers', '关', '36 Grayhawk Trail', '663-828-20', '422-670-51', 'nbosherseo@discovery.com', 'primo/prima', 'I', 21, '2023-07-02 16:26:03'),
(530, '4705642511', 'Cindie', 'Yénora', 'Wilmore', '通', '7 Brickson Park Road', '321-139-15', '270-332-68', 'cwilmoreep@multiply.com', 'cuñado/cuñada', 'A', 18, '2023-07-02 16:26:03'),
(531, '4683161168', 'Jonathon', 'Célestine', 'De Courtney', '宣', '8 Northridge Center', '471-408-41', '780-823-29', 'jdecourtneyeq@prnewswire.com', 'primo/prima', 'I', 19, '2023-07-02 16:26:03'),
(532, '2514587301', 'Hamid', 'Rébecca', 'Scholtis', '符', '42 Nova Alley', '469-721-68', '258-702-80', 'hscholtiser@ow.ly', 'hermano/a', 'I', 37, '2023-07-02 16:26:03'),
(533, '6383762052', 'Brendin', 'Pò', 'Cawston', '隆', '47102 Merry Hill', '947-277-24', '916-612-92', 'bcawstones@adobe.com', 'cuñado/cuñada', 'I', 5, '2023-07-02 16:26:03'),
(534, '5989648537', 'Brenda', 'Annotée', 'Lydon', '越', '1782 Hovde Plaza', '483-647-11', '189-162-24', 'blydonet@statcounter.com', 'abuelo/a', 'I', 28, '2023-07-02 16:26:03'),
(535, '4768263062', 'Eward', 'Yú', 'Hovy', '常', '1916 Forest Run Plaza', '924-355-27', '860-277-86', 'ehovyeu@paypal.com', 'madre/padre', 'A', 7, '2023-07-02 16:26:03'),
(536, '8640093644', 'Laurence', 'Lèi', 'Staveley', '章', '1279 Ridgeview Center', '198-760-47', '309-696-54', 'lstaveleyev@tripadvisor.com', 'madre/padre', 'I', 39, '2023-07-02 16:26:03'),
(537, '6020060012', 'Sheela', 'Léonore', 'Simoes', '堵', '88 Southridge Way', '832-961-51', '243-185-18', 'ssimoesew@mlb.com', 'primo/prima', 'A', 42, '2023-07-02 16:26:03'),
(538, '2161597582', 'Teressa', 'Hélèna', 'Brisbane', '都', '70165 Prairie Rose Court', '117-656-49', '829-753-43', 'tbrisbaneex@ow.ly', 'abuelo/a', 'I', 23, '2023-07-02 16:26:03'),
(539, '0340557095', 'Alasdair', 'Irène', 'Betham', '家', '4057 Brentwood Street', '291-476-47', '421-769-26', 'abethamey@google.it', 'cuñado/cuñada', 'I', 16, '2023-07-02 16:26:03'),
(540, '6271720870', 'Quintilla', 'Magdalène', 'Clawsley', '劳', '77853 Sundown Circle', '313-280-90', '563-220-28', 'qclawsleyez@netlog.com', 'cuñado/cuñada', 'I', 17, '2023-07-02 16:26:03'),
(541, '0913021504', 'Atlanta', 'Léone', 'Tyce', '赖', '4700 Lien Hill', '843-939-66', '146-998-11', 'atycef0@wordpress.com', 'primo/prima', 'A', 39, '2023-07-02 16:26:03'),
(542, '0965882373', 'Rocky', 'Océane', 'Martschke', '容', '62694 Corscot Avenue', '756-356-01', '889-387-34', 'rmartschkef1@instagram.com', 'tio/a', 'A', 46, '2023-07-02 16:26:03'),
(543, '7761976708', 'Tull', 'Pò', 'Kingh', '汲', '113 Heath Pass', '566-516-98', '739-649-10', 'tkinghf2@yelp.com', 'abuelo/a', 'I', 44, '2023-07-02 16:26:03'),
(544, '1674667426', 'Penni', 'Lèi', 'Jursch', '储', '8 Northview Plaza', '846-303-77', '138-190-30', 'pjurschf3@yelp.com', 'madre/padre', 'I', 9, '2023-07-02 16:26:03'),
(545, '9275876576', 'Lil', 'Pénélope', 'Wiltshier', '曾', '14 Graedel Lane', '694-710-23', '192-610-94', 'lwiltshierf4@xrea.com', 'tio/a', 'I', 28, '2023-07-02 16:26:03'),
(546, '5545265791', 'Artemas', 'Cécile', 'Maskill', '匡', '2872 Clyde Gallagher Alley', '509-990-26', '489-922-39', 'amaskillf5@google.com.br', 'abuelo/a', 'I', 38, '2023-07-02 16:26:03'),
(547, '0779055837', 'Lev', 'Illustrée', 'De Angelis', '怀', '0 Moland Center', '692-779-43', '208-366-34', 'ldeangelisf6@amazonaws.com', 'cuñado/cuñada', 'I', 48, '2023-07-02 16:26:03'),
(548, '2225741913', 'Jacklyn', 'Stévina', 'Coonan', '隆', '90 Prairieview Parkway', '905-185-80', '440-411-51', 'jcoonanf7@nifty.com', 'abuelo/a', 'A', 44, '2023-07-02 16:26:03'),
(549, '8078785097', 'Garry', 'Anaëlle', 'Ogle', '倪', '24017 Schlimgen Court', '966-130-80', '279-549-70', 'goglef8@surveymonkey.com', 'primo/prima', 'I', 36, '2023-07-02 16:26:03'),
(550, '8554927508', 'Iolanthe', 'Maëlys', 'Buxcey', '卓', '7 Lakeland Road', '191-729-21', '496-112-54', 'ibuxceyf9@omniture.com', 'madre/padre', 'I', 25, '2023-07-02 16:26:03'),
(551, '7117398582', 'Beverly', 'Noémie', 'Hinz', '伏', '3152 Arapahoe Terrace', '723-841-69', '305-861-24', 'bhinzfa@yandex.ru', 'cuñado/cuñada', 'A', 37, '2023-07-02 16:26:03'),
(552, '7833510556', 'Estele', 'Annotée', 'Hawsby', '强', '8 4th Hill', '418-193-74', '624-529-61', 'ehawsbyfb@eventbrite.com', 'primo/prima', 'I', 1, '2023-07-02 16:26:04'),
(553, '7787839880', 'Antonietta', 'Maëlle', 'Bevens', '裴', '26387 Morrow Road', '948-755-93', '563-596-57', 'abevensfc@europa.eu', 'primo/prima', 'A', 45, '2023-07-02 16:26:04'),
(554, '8219611561', 'Harald', 'Léane', 'Dannatt', '汤', '335 Dorton Place', '160-169-30', '892-322-96', 'hdannattfd@redcross.org', 'hermano/a', 'A', 13, '2023-07-02 16:26:04'),
(555, '3904757555', 'Kippy', 'Daphnée', 'Rizzello', '夏', '48 Banding Avenue', '507-599-25', '268-721-64', 'krizzellofe@mysql.com', 'primo/prima', 'I', 25, '2023-07-02 16:26:04'),
(556, '5200286751', 'Benedict', 'Geneviève', 'Challicombe', '蒙', '14208 Mallory Crossing', '909-816-08', '442-442-11', 'bchallicombeff@bigcartel.com', 'madre/padre', 'A', 19, '2023-07-02 16:26:04'),
(557, '8928164389', 'Harwilll', 'Bérengère', 'Figin', '丁', '3038 Mcbride Point', '566-574-09', '661-573-40', 'hfiginfg@gov.uk', 'madre/padre', 'I', 44, '2023-07-02 16:26:04'),
(558, '2109469722', 'Francine', 'Zoé', 'Petru', '秦', '20033 Eliot Parkway', '948-969-17', '229-133-83', 'fpetrufh@usda.gov', 'cuñado/cuñada', 'I', 30, '2023-07-02 16:26:04'),
(559, '0858233932', 'Riane', 'Kévina', 'Heinonen', '霍', '3864 Iowa Hill', '336-373-18', '350-102-85', 'rheinonenfi@altervista.org', 'abuelo/a', 'I', 9, '2023-07-02 16:26:04'),
(560, '0113682018', 'Vivyan', 'Bécassine', 'Proschek', '庾', '99 Summerview Drive', '288-546-15', '304-726-62', 'vproschekfj@exblog.jp', 'madre/padre', 'I', 23, '2023-07-02 16:26:04'),
(561, '2305679467', 'Baxy', 'Audréanne', 'Van der Krui', '荀', '95 Sunfield Hill', '253-596-76', '101-812-22', 'bvanderkruifk@nhs.uk', 'primo/prima', 'I', 42, '2023-07-02 16:26:04'),
(562, '3109859572', 'Latisha', 'Kuí', 'Oleksiak', '从', '81 Debra Lane', '378-586-61', '711-522-00', 'loleksiakfl@baidu.com', 'madre/padre', 'A', 15, '2023-07-02 16:26:04'),
(563, '7145670194', 'Ron', 'Gaïa', 'Getch', '井', '01908 Stone Corner Junction', '979-355-21', '694-279-54', 'rgetchfm@discuz.net', 'cuñado/cuñada', 'A', 15, '2023-07-02 16:26:04'),
(564, '4278305613', 'Kathryne', 'Méryl', 'Helgass', '麻', '86 Mifflin Center', '279-440-99', '612-918-17', 'khelgassfn@cpanel.net', 'cuñado/cuñada', 'I', 39, '2023-07-02 16:26:04'),
(565, '6557953117', 'Desmund', 'Sélène', 'Switzer', '易', '0 Chinook Plaza', '381-205-13', '420-204-91', 'dswitzerfo@cdbaby.com', 'abuelo/a', 'A', 44, '2023-07-02 16:26:04');
INSERT INTO `representante` (`REP_ID`, `REP_DNI`, `REP_NOM`, `REP_NOM2`, `REP_APE`, `REP_APE2`, `REP_DIR`, `REP_CEL`, `REP_TEL`, `REP_MAIL`, `REP_REL_FAM`, `REP_ESTADO`, `USR_CREADOR_ID`, `FECHA_CREACION`) VALUES
(566, '8924686739', 'Tomas', 'Anaëlle', 'Dalrymple', '葛', '37249 Morningstar Drive', '750-541-47', '915-146-26', 'tdalrymplefp@earthlink.net', 'primo/prima', 'I', 37, '2023-07-02 16:26:04'),
(567, '6221530784', 'Demeter', 'Tán', 'Swannell', '耿', '818 Carey Terrace', '436-251-14', '617-311-55', 'dswannellfq@vk.com', 'madre/padre', 'I', 42, '2023-07-02 16:26:04'),
(568, '4458582844', 'Donny', 'Kù', 'Elias', '时', '18 Bashford Pass', '719-175-83', '721-757-24', 'deliasfr@yandex.ru', 'madre/padre', 'A', 9, '2023-07-02 16:26:04'),
(569, '6893232829', 'Shermie', 'Geneviève', 'Hatliffe', '隆', '8952 Gerald Junction', '228-825-61', '214-227-01', 'shatliffefs@techcrunch.com', 'primo/prima', 'A', 39, '2023-07-02 16:26:04'),
(570, '6180378282', 'Ruperta', 'Lài', 'Ayce', '柴', '4057 Barnett Parkway', '974-788-55', '978-284-45', 'rayceft@businesswire.com', 'primo/prima', 'A', 48, '2023-07-02 16:26:04'),
(571, '9029425946', 'Erasmus', 'Kù', 'Dyhouse', '柳', '83 Lotheville Point', '581-657-21', '536-397-96', 'edyhousefu@dailymail.co.uk', 'madre/padre', 'A', 28, '2023-07-02 16:26:04'),
(572, '5317530725', 'Griselda', 'Pénélope', 'Grishukhin', '颜', '3250 Iowa Road', '668-238-41', '881-433-26', 'ggrishukhinfv@illinois.edu', 'madre/padre', 'I', 25, '2023-07-02 16:26:04'),
(573, '6898945394', 'Lew', 'Angèle', 'Hadingham', '隆', '24135 Arapahoe Junction', '621-550-86', '127-628-67', 'lhadinghamfw@google.ca', 'abuelo/a', 'A', 32, '2023-07-02 16:26:04'),
(574, '8286262603', 'Luther', 'Léandre', 'Tinkham', '居', '4 Bunting Way', '559-585-39', '741-532-52', 'ltinkhamfx@rakuten.co.jp', 'primo/prima', 'A', 4, '2023-07-02 16:26:04'),
(575, '7642806566', 'Nadeen', 'Daphnée', 'Aneley', '叶', '5 Miller Center', '323-331-96', '196-254-70', 'naneleyfy@cyberchimps.com', 'cuñado/cuñada', 'I', 13, '2023-07-02 16:26:04'),
(576, '4227172012', 'Kalli', 'Loïca', 'Baford', '强', '88105 Twin Pines Road', '390-677-25', '788-224-90', 'kbafordfz@wunderground.com', 'madre/padre', 'A', 20, '2023-07-02 16:26:04'),
(577, '7670043636', 'Farlay', 'Maïté', 'Careless', '麻', '4265 North Drive', '588-701-11', '259-454-69', 'fcarelessg0@mapquest.com', 'primo/prima', 'A', 38, '2023-07-02 16:26:04'),
(578, '0379226324', 'Thayne', 'Gaïa', 'Abys', '訾', '82 Bobwhite Terrace', '567-405-80', '263-276-02', 'tabysg1@upenn.edu', 'primo/prima', 'A', 30, '2023-07-02 16:26:04'),
(579, '3776477547', 'Dani', 'Mélanie', 'Murley', '巢', '2 Homewood Lane', '835-943-98', '133-488-54', 'dmurleyg2@exblog.jp', 'abuelo/a', 'I', 1, '2023-07-02 16:26:04'),
(580, '2795093545', 'Alisha', 'Yóu', 'Wollen', '林', '24183 Mcguire Place', '246-416-10', '251-672-24', 'awolleng3@cbslocal.com', 'tio/a', 'A', 30, '2023-07-02 16:26:04'),
(581, '7387843899', 'Harley', 'Irène', 'Brendel', '姚', '19 Pawling Alley', '452-660-54', '246-527-66', 'hbrendelg4@twitpic.com', 'hermano/a', 'I', 1, '2023-07-02 16:26:04'),
(582, '7158968960', 'Kylynn', 'Daphnée', 'Cail', '丁', '26 Warbler Trail', '293-592-07', '854-922-58', 'kcailg5@ning.com', 'abuelo/a', 'A', 46, '2023-07-02 16:26:04'),
(583, '5269531860', 'Elly', 'Liè', 'Huyghe', '危', '5 Old Gate Street', '673-161-79', '706-860-06', 'ehuygheg6@boston.com', 'abuelo/a', 'I', 45, '2023-07-02 16:26:04'),
(584, '9150701711', 'Dale', 'Gérald', 'Tregunnah', '蔡', '4 Atwood Hill', '123-518-78', '599-103-62', 'dtregunnahg7@microsoft.com', 'abuelo/a', 'A', 3, '2023-07-02 16:26:04'),
(585, '0869588745', 'Daffy', 'Adélie', 'Struan', '许', '5568 Fremont Lane', '767-868-00', '712-136-72', 'dstruang8@163.com', 'abuelo/a', 'A', 43, '2023-07-02 16:26:04'),
(586, '3482818983', 'Kippy', 'Yóu', 'Wynn', '杭', '92 Alpine Terrace', '207-709-98', '293-176-12', 'kwynng9@ft.com', 'abuelo/a', 'I', 10, '2023-07-02 16:26:04'),
(587, '1204545936', 'Katrine', 'Clémentine', 'Kingswood', '毕', '32 Petterle Alley', '804-956-42', '112-752-82', 'kkingswoodga@instagram.com', 'primo/prima', 'I', 6, '2023-07-02 16:26:04'),
(588, '3237582220', 'Nahum', 'Nuó', 'Verbrugghen', '席', '4383 New Castle Road', '308-250-91', '324-701-51', 'nverbrugghengb@youtube.com', 'hermano/a', 'A', 5, '2023-07-02 16:26:04'),
(589, '0897779355', 'Tallie', 'Miléna', 'Rothon', '刘', '40554 Westend Terrace', '541-382-04', '957-740-20', 'trothongc@nba.com', 'abuelo/a', 'I', 27, '2023-07-02 16:26:04'),
(590, '4810017613', 'Perri', 'Ráo', 'Hadlee', '居', '36775 Bowman Center', '914-649-38', '289-945-49', 'phadleegd@thetimes.co.uk', 'madre/padre', 'I', 47, '2023-07-02 16:26:04'),
(591, '7321718271', 'Konstantin', 'Dà', 'Cowterd', '卞', '6 John Wall Place', '678-972-00', '420-862-20', 'kcowterdge@mit.edu', 'abuelo/a', 'A', 5, '2023-07-02 16:26:04'),
(592, '4221341912', 'Sidonia', 'Médiamass', 'McBay', '葛', '45252 Ilene Plaza', '331-586-72', '779-958-33', 'smcbaygf@fema.gov', 'abuelo/a', 'A', 40, '2023-07-02 16:26:04'),
(593, '5871978347', 'Adrea', 'Maëlys', 'Dunn', '欧', '56336 Stephen Plaza', '565-700-72', '344-785-74', 'adunngg@cam.ac.uk', 'cuñado/cuñada', 'I', 41, '2023-07-02 16:26:04'),
(594, '6063559086', 'Taryn', 'Cléopatre', 'Bourtoumieux', '阙', '31245 Farragut Point', '275-666-93', '971-578-26', 'tbourtoumieuxgh@msu.edu', 'cuñado/cuñada', 'I', 1, '2023-07-02 16:26:04'),
(595, '8491317929', 'Carole', 'Sélène', 'Quant', '宦', '7 Nevada Alley', '209-280-83', '443-180-89', 'cquantgi@bluehost.com', 'tio/a', 'I', 35, '2023-07-02 16:26:04'),
(596, '7949262230', 'Arlyn', 'Zoé', 'Bannester', '方', '0910 Anniversary Trail', '950-137-00', '702-875-83', 'abannestergj@ebay.com', 'tio/a', 'A', 23, '2023-07-02 16:26:04'),
(597, '2072539501', 'Fayina', 'Desirée', 'Scahill', '甘', '0 Hauk Parkway', '169-150-92', '760-223-81', 'fscahillgk@gov.uk', 'hermano/a', 'A', 6, '2023-07-02 16:26:04'),
(598, '3951460245', 'Priscella', 'Marylène', 'Hiddsley', '袁', '89 Butterfield Street', '583-780-78', '992-237-20', 'phiddsleygl@eepurl.com', 'primo/prima', 'A', 41, '2023-07-02 16:26:04'),
(599, '9210361512', 'Ezequiel', 'Faîtes', 'McLaughlan', '慕', '7 Daystar Crossing', '109-621-07', '383-237-33', 'emclaughlangm@about.com', 'cuñado/cuñada', 'I', 47, '2023-07-02 16:26:04'),
(600, '2357185007', 'Pippo', 'Lén', 'Antunez', '后', '50570 Dennis Circle', '274-980-52', '665-733-54', 'pantunezgn@springer.com', 'abuelo/a', 'A', 34, '2023-07-02 16:26:04'),
(601, '1188124811', 'Michail', 'Solène', 'Tapenden', '逄', '5 Cordelia Crossing', '996-483-46', '737-200-73', 'mtapendengo@goodreads.com', 'madre/padre', 'I', 41, '2023-07-02 16:26:04'),
(602, '9642354969', 'Mirabella', 'Vénus', 'Fazackerley', '滑', '1 Kropf Crossing', '716-642-45', '901-372-27', 'mfazackerleygp@prnewswire.com', 'tio/a', 'A', 27, '2023-07-02 16:26:04'),
(603, '5966053545', 'Adler', 'Simplifiés', 'Rouke', '田', '78385 Riverside Point', '194-618-34', '415-132-50', 'aroukegq@goo.ne.jp', 'madre/padre', 'A', 1, '2023-07-02 16:26:04'),
(604, '7487703479', 'Kata', 'Michèle', 'Barzen', '费', '756 Transport Circle', '472-977-57', '300-259-65', 'kbarzengr@jigsy.com', 'hermano/a', 'A', 22, '2023-07-02 16:26:04'),
(605, '1835654134', 'Florinda', 'Daphnée', 'Tookill', '戈', '9 Division Park', '868-701-14', '651-125-60', 'ftookillgs@apple.com', 'madre/padre', 'A', 30, '2023-07-02 16:26:04'),
(606, '0855061545', 'Blake', 'Agnès', 'Brigham', '后', '9 Bartillon Way', '774-409-23', '680-475-22', 'bbrighamgt@narod.ru', 'cuñado/cuñada', 'A', 35, '2023-07-02 16:26:04'),
(607, '9342268773', 'Maud', 'Mén', 'O\' Culligan', '沃', '280 Esch Point', '785-495-48', '772-682-08', 'moculligangu@hc360.com', 'tio/a', 'A', 14, '2023-07-02 16:26:04'),
(608, '5992808906', 'Carine', 'Lorène', 'O\'Scannill', '古', '40323 Ramsey Point', '924-295-82', '416-209-55', 'coscannillgv@nytimes.com', 'hermano/a', 'A', 21, '2023-07-02 16:26:04'),
(609, '7714457406', 'Martelle', 'Aí', 'Grafham', '利', '72 Ruskin Junction', '559-662-73', '107-657-04', 'mgrafhamgw@aboutads.info', 'abuelo/a', 'I', 40, '2023-07-02 16:26:04'),
(610, '4831781614', 'Sutherlan', 'Maëlys', 'Peirson', '全', '977 Swallow Trail', '169-865-21', '532-178-50', 'speirsongx@gizmodo.com', 'hermano/a', 'I', 44, '2023-07-02 16:26:04'),
(611, '4481104856', 'Des', 'Anaïs', 'Mickan', '花', '5 Melrose Center', '734-831-61', '722-164-49', 'dmickangy@house.gov', 'tio/a', 'I', 35, '2023-07-02 16:26:04'),
(612, '6578863745', 'Prent', 'Pélagie', 'Creboe', '容', '47952 Talisman Junction', '861-483-97', '974-748-74', 'pcreboegz@sogou.com', 'hermano/a', 'I', 3, '2023-07-02 16:26:04'),
(613, '8582496559', 'Mozes', 'Frédérique', 'Nelmes', '鞠', '865 Elgar Terrace', '903-686-42', '973-209-97', 'mnelmesh0@hhs.gov', 'abuelo/a', 'I', 23, '2023-07-02 16:26:04'),
(614, '5773645807', 'De', 'Cécile', 'Maryin', '艾', '4 Moland Park', '193-239-39', '906-670-40', 'dmaryinh1@narod.ru', 'madre/padre', 'I', 3, '2023-07-02 16:26:04'),
(615, '4057767479', 'Legra', 'Loïc', 'Bruinsma', '戎', '788 Waxwing Crossing', '236-375-30', '662-332-05', 'lbruinsmah2@ucla.edu', 'hermano/a', 'I', 25, '2023-07-02 16:26:04'),
(616, '0946448698', 'Chev', 'Marie-josée', 'Hurley', '桑', '49344 Jenna Crossing', '350-721-52', '626-256-54', 'churleyh3@trellian.com', 'cuñado/cuñada', 'A', 10, '2023-07-02 16:26:04'),
(617, '7439789741', 'Marja', 'Göran', 'Caitlin', '卢', '803 Crescent Oaks Junction', '879-907-88', '355-223-77', 'mcaitlinh4@boston.com', 'hermano/a', 'A', 43, '2023-07-02 16:26:04'),
(618, '0492692718', 'Rosanne', 'Bécassine', 'Earwicker', '闵', '574 Cambridge Alley', '706-170-04', '396-910-49', 'rearwickerh5@plala.or.jp', 'tio/a', 'A', 44, '2023-07-02 16:26:04'),
(619, '4066277098', 'Inglis', 'Léandre', 'Aubin', '和', '89 Mallard Terrace', '163-733-23', '219-479-22', 'iaubinh6@japanpost.jp', 'primo/prima', 'A', 29, '2023-07-02 16:26:04'),
(620, '5213435556', 'Jasun', 'Néhémie', 'Shilladay', '钱', '0 Loomis Avenue', '834-935-82', '253-673-80', 'jshilladayh7@imgur.com', 'madre/padre', 'I', 45, '2023-07-02 16:26:04'),
(621, '7819392800', 'Isa', 'Lauréna', 'Willcox', '能', '061 Carioca Street', '685-855-99', '629-295-05', 'iwillcoxh8@shinystat.com', 'abuelo/a', 'A', 24, '2023-07-02 16:26:04'),
(622, '0762959533', 'Cheston', 'Chloé', 'O\'Hoolahan', '单', '955 Melvin Lane', '546-270-02', '329-673-45', 'cohoolahanh9@harvard.edu', 'tio/a', 'A', 3, '2023-07-02 16:26:04'),
(623, '1492351636', 'Roley', 'Gwenaëlle', 'Nias', '麴', '6208 Cordelia Circle', '585-512-68', '425-423-05', 'rniasha@constantcontact.com', 'madre/padre', 'A', 39, '2023-07-02 16:26:04'),
(624, '9845287999', 'Eachelle', 'Frédérique', 'Browell', '祖', '97075 Thompson Street', '476-356-57', '886-672-36', 'ebrowellhb@youtube.com', 'cuñado/cuñada', 'I', 5, '2023-07-02 16:26:04'),
(625, '6679200792', 'Joshuah', 'Lén', 'Fairclough', '袁', '517 Miller Drive', '723-646-69', '451-138-91', 'jfaircloughhc@vistaprint.com', 'hermano/a', 'I', 37, '2023-07-02 16:26:04'),
(626, '2915955719', 'Jeni', 'Marie-noël', 'Pechet', '阮', '45 Columbus Park', '352-887-53', '559-782-51', 'jpechethd@mlb.com', 'abuelo/a', 'I', 32, '2023-07-02 16:26:04'),
(627, '9050077048', 'Brana', 'Inès', 'Akast', '苍', '16274 Continental Drive', '596-662-73', '424-312-02', 'bakasthe@sphinn.com', 'madre/padre', 'A', 24, '2023-07-02 16:26:04'),
(628, '2784504395', 'Symon', 'Maéna', 'Duffell', '凌', '54 Bay Drive', '617-823-32', '688-745-99', 'sduffellhf@macromedia.com', 'primo/prima', 'I', 31, '2023-07-02 16:26:04'),
(629, '6512818350', 'Othelia', 'Adélaïde', 'Mityashev', '逄', '143 Manufacturers Street', '822-591-97', '919-187-19', 'omityashevhg@tinypic.com', 'hermano/a', 'I', 42, '2023-07-02 16:26:04'),
(630, '1082762202', 'Jacklin', 'Bécassine', 'Willcott', '禹', '2 Montana Junction', '138-294-56', '193-781-36', 'jwillcotthh@issuu.com', 'cuñado/cuñada', 'I', 30, '2023-07-02 16:26:04'),
(631, '1925085546', 'Martino', 'Céline', 'Pawelke', '濮', '16 Sullivan Plaza', '919-197-67', '143-471-24', 'mpawelkehi@bravesites.com', 'tio/a', 'I', 45, '2023-07-02 16:26:04'),
(632, '6896577711', 'Micheline', 'Crééz', 'Blance', '符', '8935 Crownhardt Road', '398-605-91', '644-637-28', 'mblancehj@themeforest.net', 'abuelo/a', 'I', 35, '2023-07-02 16:26:04'),
(633, '8307365929', 'Rollie', 'Börje', 'Shitliff', '吕', '070 Arapahoe Drive', '352-617-00', '516-129-89', 'rshitliffhk@vinaora.com', 'tio/a', 'I', 15, '2023-07-02 16:26:04'),
(634, '6671364699', 'Tailor', 'Réjane', 'Fetter', '刁', '7 Rockefeller Drive', '836-631-21', '892-500-53', 'tfetterhl@unc.edu', 'madre/padre', 'I', 23, '2023-07-02 16:26:04'),
(635, '5136169761', 'Gery', 'Mårten', 'Paske', '乐', '30 Browning Trail', '265-682-52', '416-219-00', 'gpaskehm@zimbio.com', 'hermano/a', 'A', 3, '2023-07-02 16:26:04'),
(636, '2883515808', 'Wyatt', 'Uò', 'Davidow', '浦', '1 Dovetail Alley', '655-925-00', '170-457-42', 'wdavidowhn@discuz.net', 'tio/a', 'A', 42, '2023-07-02 16:26:04'),
(637, '0650586190', 'Ashlin', 'Mélina', 'Batho', '伍', '43 Algoma Point', '525-453-02', '210-207-76', 'abathoho@tuttocitta.it', 'primo/prima', 'I', 1, '2023-07-02 16:26:04'),
(638, '2833475772', 'Whitaker', 'Aloïs', 'Staden', '龙', '43017 Caliangt Alley', '404-386-67', '804-947-13', 'wstadenhp@google.ru', 'cuñado/cuñada', 'A', 41, '2023-07-02 16:26:04'),
(639, '6961019706', 'Elladine', 'Séverine', 'Beecheno', '马', '4808 Carioca Avenue', '744-627-33', '322-431-29', 'ebeechenohq@e-recht24.de', 'primo/prima', 'I', 16, '2023-07-02 16:26:04'),
(640, '6174078019', 'Carey', 'Thérèsa', 'Ryall', '周', '608 Bellgrove Place', '541-319-81', '815-989-17', 'cryallhr@webeden.co.uk', 'tio/a', 'A', 1, '2023-07-02 16:26:04'),
(641, '4367090124', 'Waylan', 'Göran', 'Cogman', '邢', '6 Grim Drive', '726-436-53', '909-867-69', 'wcogmanhs@meetup.com', 'madre/padre', 'A', 31, '2023-07-02 16:26:04'),
(642, '1394730217', 'Cecil', 'Léane', 'Hedley', '邱', '092 Spaight Place', '658-667-53', '462-915-07', 'chedleyht@wunderground.com', 'madre/padre', 'I', 43, '2023-07-02 16:26:04'),
(643, '0423944800', 'Leighton', 'Torbjörn', 'Davet', '辛', '6 Myrtle Plaza', '227-980-81', '649-469-83', 'ldavethu@europa.eu', 'hermano/a', 'I', 8, '2023-07-02 16:26:04'),
(644, '8190562428', 'Cornelius', 'Noémie', 'Preshous', '索', '370 Mockingbird Terrace', '164-701-75', '625-442-26', 'cpreshoushv@mlb.com', 'cuñado/cuñada', 'I', 23, '2023-07-02 16:26:04'),
(645, '4385972591', 'Barbette', 'Marylène', 'Goldney', '庞', '675 Walton Road', '633-522-25', '656-675-41', 'bgoldneyhw@fastcompany.com', 'madre/padre', 'A', 39, '2023-07-02 16:26:04'),
(646, '6765243542', 'Millie', 'Kallisté', 'Matzel', '那', '5121 Acker Point', '777-595-88', '543-762-47', 'mmatzelhx@mysql.com', 'primo/prima', 'I', 43, '2023-07-02 16:26:04'),
(647, '3225279250', 'Saree', 'Bérengère', 'Aspden', '勾', '48669 Mariners Cove Way', '401-900-23', '236-698-13', 'saspdenhy@seesaa.net', 'hermano/a', 'A', 42, '2023-07-02 16:26:04'),
(648, '5437215517', 'Puff', 'Léana', 'Bentzen', '窦', '3430 Hovde Street', '546-665-59', '534-808-39', 'pbentzenhz@1688.com', 'madre/padre', 'I', 27, '2023-07-02 16:26:04'),
(649, '4801037569', 'Austina', 'Lucrèce', 'Redan', '宫', '0717 Eggendart Crossing', '196-107-21', '201-707-52', 'aredani0@loc.gov', 'madre/padre', 'A', 21, '2023-07-02 16:26:04'),
(650, '4377482084', 'Alicia', 'Loïs', 'Bembridge', '敖', '606 Northland Crossing', '439-934-74', '142-457-98', 'abembridgei1@adobe.com', 'tio/a', 'A', 8, '2023-07-02 16:26:04'),
(651, '9852365363', 'Joana', 'Maëlle', 'Sinnocke', '龙', '956 Fairview Lane', '476-713-28', '750-742-48', 'jsinnockei2@psu.edu', 'cuñado/cuñada', 'A', 35, '2023-07-02 16:26:04'),
(652, '8641388583', 'Jonas', 'Mårten', 'Gentreau', '盛', '330 Fairview Junction', '202-916-73', '151-927-51', 'jgentreaui3@tuttocitta.it', 'hermano/a', 'A', 28, '2023-07-02 16:26:04'),
(653, '4937360108', 'Marlo', 'Ruì', 'Heyball', '昌', '9033 Crest Line Lane', '754-422-47', '334-667-16', 'mheyballi4@last.fm', 'hermano/a', 'I', 35, '2023-07-02 16:26:04'),
(654, '3880559090', 'Claybourne', 'Anaé', 'Charlwood', '蒙', '5977 Dayton Crossing', '758-328-03', '696-794-82', 'ccharlwoodi5@google.pl', 'hermano/a', 'I', 19, '2023-07-02 16:26:04'),
(655, '3613442205', 'Petronella', 'Mà', 'Fawdry', '夏', '8297 Boyd Trail', '324-569-52', '524-206-89', 'pfawdryi6@slideshare.net', 'cuñado/cuñada', 'A', 14, '2023-07-02 16:26:04'),
(656, '9340804538', 'Kakalina', 'Anaëlle', 'Weetch', '唐', '74227 Rutledge Lane', '813-373-75', '597-267-62', 'kweetchi7@wisc.edu', 'abuelo/a', 'I', 4, '2023-07-02 16:26:04'),
(657, '6363353947', 'Tessa', 'Maïlys', 'Bellwood', '朱', '3 Birchwood Hill', '213-403-45', '615-494-56', 'tbellwoodi8@usa.gov', 'tio/a', 'A', 44, '2023-07-02 16:26:04'),
(658, '6958827910', 'Emlyn', 'Dù', 'Hampstead', '倪', '75071 Northland Terrace', '242-858-87', '574-798-38', 'ehampsteadi9@tuttocitta.it', 'primo/prima', 'A', 46, '2023-07-02 16:26:04'),
(659, '6330897654', 'Ailey', 'Mén', 'Ondrich', '宰', '882 Coleman Plaza', '531-659-47', '579-845-42', 'aondrichia@shinystat.com', 'hermano/a', 'A', 34, '2023-07-02 16:26:04'),
(660, '5714077601', 'Roanne', 'Marie-josée', 'Isabell', '古', '80100 Merry Circle', '588-545-61', '925-797-67', 'risabellib@hostgator.com', 'tio/a', 'I', 35, '2023-07-02 16:26:04'),
(661, '3398103650', 'Sharity', 'Maïwenn', 'Gallier', '江', '59808 Rockefeller Crossing', '650-419-62', '378-190-61', 'sgallieric@stumbleupon.com', 'primo/prima', 'A', 6, '2023-07-02 16:26:04'),
(662, '5595897902', 'Averell', 'Mà', 'Lepick', '穆', '727 Boyd Terrace', '292-101-94', '786-569-07', 'alepickid@trellian.com', 'abuelo/a', 'A', 15, '2023-07-02 16:26:04'),
(663, '6790015035', 'Archibald', 'Åsa', 'McSwan', '终', '47 Lien Drive', '102-129-42', '283-578-23', 'amcswanie@illinois.edu', 'hermano/a', 'A', 32, '2023-07-02 16:26:04'),
(664, '4171897955', 'Jannel', 'Måns', 'Shayler', '米', '02 Morrow Place', '396-123-80', '367-136-04', 'jshaylerif@rambler.ru', 'cuñado/cuñada', 'A', 44, '2023-07-02 16:26:04'),
(665, '2451319879', 'Jammal', 'Cunégonde', 'Peartree', '裘', '27 Roth Way', '107-602-10', '768-892-91', 'jpeartreeig@house.gov', 'cuñado/cuñada', 'I', 19, '2023-07-02 16:26:04'),
(666, '6275059877', 'Sephira', 'Anaé', 'Kenway', '束', '226 Hintze Center', '400-890-67', '893-657-94', 'skenwayih@google.ca', 'hermano/a', 'A', 1, '2023-07-02 16:26:04'),
(667, '9014856008', 'Olivero', 'Naëlle', 'Pashbee', '钭', '499 Bobwhite Pass', '540-556-87', '509-639-65', 'opashbeeii@spiegel.de', 'tio/a', 'I', 40, '2023-07-02 16:26:04'),
(668, '5785537923', 'Raimund', 'Aurélie', 'Giles', '易', '97710 Waxwing Terrace', '304-983-66', '905-256-49', 'rgilesij@hp.com', 'cuñado/cuñada', 'I', 14, '2023-07-02 16:26:04'),
(669, '0274043300', 'Immanuel', 'Maëlle', 'Tadd', '尚', '903 Ridgeview Parkway', '911-890-58', '669-877-04', 'itaddik@sphinn.com', 'cuñado/cuñada', 'A', 3, '2023-07-02 16:26:04'),
(670, '2712801059', 'Damara', 'Aurélie', 'Tungay', '郝', '057 Truax Park', '933-179-97', '112-337-32', 'dtungayil@shareasale.com', 'hermano/a', 'A', 15, '2023-07-02 16:26:04'),
(671, '6353277997', 'Alon', 'Méryl', 'Seath', '唐', '80 Hanson Way', '984-225-04', '656-618-20', 'aseathim@ed.gov', 'cuñado/cuñada', 'A', 20, '2023-07-02 16:26:04'),
(672, '5341927699', 'Julina', 'Agnès', 'Haslewood', '杨', '94999 Graedel Road', '274-894-40', '719-394-84', 'jhaslewoodin@usnews.com', 'abuelo/a', 'I', 20, '2023-07-02 16:26:04'),
(673, '1899485422', 'Dario', 'Torbjörn', 'Pacitti', '郁', '2 Scofield Hill', '708-221-53', '124-842-48', 'dpacittiio@prlog.org', 'abuelo/a', 'I', 24, '2023-07-02 16:26:04'),
(674, '2267671719', 'Matt', 'Göran', 'Growy', '阮', '8 Miller Point', '432-354-78', '340-847-75', 'mgrowyip@cdc.gov', 'abuelo/a', 'A', 4, '2023-07-02 16:26:04'),
(675, '4949762419', 'Parry', 'Laïla', 'Rowbottam', '湛', '29 Corry Alley', '515-432-98', '515-503-51', 'prowbottamiq@eventbrite.com', 'primo/prima', 'I', 30, '2023-07-02 16:26:04'),
(676, '0618271236', 'Letizia', 'Yóu', 'Harce', '李', '30 3rd Plaza', '746-198-66', '685-396-98', 'lharceir@prnewswire.com', 'primo/prima', 'A', 33, '2023-07-02 16:26:04'),
(677, '7534206820', 'Celesta', 'Estée', 'Luke', '逄', '0131 Dahle Junction', '817-949-88', '770-176-14', 'clukeis@hatena.ne.jp', 'abuelo/a', 'I', 45, '2023-07-02 16:26:04'),
(678, '6602591622', 'Arni', 'Cécilia', 'Feldbau', '幸', '6 West Hill', '987-373-48', '156-249-29', 'afeldbauit@studiopress.com', 'abuelo/a', 'I', 16, '2023-07-02 16:26:04'),
(679, '3699917517', 'Ajay', 'Thérèse', 'Portriss', '解', '721 Emmet Place', '714-269-83', '830-423-92', 'aportrissiu@rakuten.co.jp', 'hermano/a', 'I', 32, '2023-07-02 16:26:04'),
(680, '2159399175', 'Liliane', 'Josée', 'Foffano', '邴', '27 Eliot Trail', '629-749-62', '888-481-31', 'lfoffanoiv@bluehost.com', 'abuelo/a', 'A', 26, '2023-07-02 16:26:04'),
(681, '9824027262', 'Concordia', 'Anaëlle', 'Loud', '关', '09 Coolidge Hill', '171-821-01', '637-756-00', 'cloudiw@nhs.uk', 'hermano/a', 'I', 10, '2023-07-02 16:26:04'),
(682, '8723326913', 'Milo', 'Camélia', 'Danelet', '酆', '60462 Pennsylvania Way', '905-931-08', '751-827-97', 'mdaneletix@sina.com.cn', 'hermano/a', 'A', 4, '2023-07-02 16:26:04'),
(683, '4160688977', 'Henderson', 'Salomé', 'Kemetz', '白', '3 Straubel Street', '911-584-88', '154-734-73', 'hkemetziy@people.com.cn', 'tio/a', 'I', 5, '2023-07-02 16:26:04'),
(684, '1092810684', 'Ruthann', 'Liè', 'Fessier', '祁', '322 Pleasure Way', '953-986-30', '480-772-54', 'rfessieriz@unicef.org', 'tio/a', 'A', 10, '2023-07-02 16:26:04'),
(685, '6264591661', 'Stillmann', 'Marlène', 'Senchenko', '甘', '70883 Bluestem Trail', '635-401-40', '958-894-44', 'ssenchenkoj0@clickbank.net', 'tio/a', 'I', 33, '2023-07-02 16:26:04'),
(686, '0856438499', 'Ginny', 'Miléna', 'Ghelarducci', '隗', '1219 Grayhawk Circle', '116-909-95', '304-441-49', 'gghelarduccij1@indiatimes.com', 'primo/prima', 'A', 34, '2023-07-02 16:26:04'),
(687, '8452264747', 'Mead', 'Ruì', 'Skeffington', '殳', '93 Anthes Terrace', '136-419-23', '729-969-55', 'mskeffingtonj2@sciencedaily.com', 'abuelo/a', 'I', 22, '2023-07-02 16:26:04'),
(688, '3500069150', 'Les', 'Maïlis', 'Iacomini', '荣', '38666 Linden Circle', '646-489-40', '807-633-19', 'liacominij3@rakuten.co.jp', 'primo/prima', 'I', 12, '2023-07-02 16:26:04'),
(689, '6238007893', 'Bryce', 'Aimée', 'Sanper', '宓', '94 Golf Course Place', '605-864-08', '178-613-28', 'bsanperj4@seesaa.net', 'primo/prima', 'A', 19, '2023-07-02 16:26:04'),
(690, '3335770293', 'Griffith', 'Thérèse', 'Strafen', '单', '2 Warrior Point', '915-489-48', '728-514-13', 'gstrafenj5@booking.com', 'hermano/a', 'I', 38, '2023-07-02 16:26:04'),
(691, '3987124253', 'Maryjane', 'Adèle', 'Brownlea', '郁', '6830 Beilfuss Point', '832-165-78', '433-978-41', 'mbrownleaj6@hibu.com', 'cuñado/cuñada', 'I', 13, '2023-07-02 16:26:04'),
(692, '0310425999', 'Cort', 'Illustrée', 'O\'Dreain', '孟', '460 Starling Center', '451-649-51', '702-926-43', 'codreainj7@1und1.de', 'primo/prima', 'A', 36, '2023-07-02 16:26:04'),
(693, '2378842708', 'Karleen', 'Kù', 'Del Castello', '慎', '22 Truax Crossing', '170-513-07', '988-531-72', 'kdelcastelloj8@blogspot.com', 'abuelo/a', 'I', 8, '2023-07-02 16:26:04'),
(694, '8197223599', 'Tommie', 'Loïca', 'Fanning', '湛', '1 Gateway Crossing', '838-828-36', '567-964-39', 'tfanningj9@paginegialle.it', 'cuñado/cuñada', 'I', 15, '2023-07-02 16:26:04'),
(695, '0965871444', 'Evie', 'Marie-josée', 'Assender', '逄', '2111 Service Place', '154-213-27', '228-984-19', 'eassenderja@goodreads.com', 'tio/a', 'A', 14, '2023-07-02 16:26:04'),
(696, '1014385024', 'Allissa', 'Stévina', 'Barok', '满', '1 Esch Hill', '767-698-16', '196-445-04', 'abarokjb@nytimes.com', 'cuñado/cuñada', 'A', 39, '2023-07-02 16:26:04'),
(697, '4573319913', 'Zed', 'Annotés', 'Tiffin', '伊', '248 Hanson Avenue', '174-476-30', '775-252-24', 'ztiffinjc@blog.com', 'tio/a', 'A', 45, '2023-07-02 16:26:04'),
(698, '2754310150', 'Inez', 'Léone', 'Gasparro', '骆', '8 John Wall Drive', '536-934-35', '219-376-68', 'igasparrojd@altervista.org', 'hermano/a', 'A', 12, '2023-07-02 16:26:04'),
(699, '0227460391', 'Adda', 'Gwenaëlle', 'Andrag', '徐', '8375 Elgar Pass', '563-471-97', '719-249-07', 'aandragje@plala.or.jp', 'madre/padre', 'I', 45, '2023-07-02 16:26:04'),
(700, '7871489755', 'Tamarah', 'Gisèle', 'Brody', '周', '62 Saint Paul Point', '551-297-18', '247-167-77', 'tbrodyjf@hp.com', 'primo/prima', 'I', 1, '2023-07-02 16:26:04'),
(701, '0987961845', 'Dennison', 'Léana', 'Vasilik', '裴', '7966 Dorton Terrace', '894-651-95', '552-825-24', 'dvasilikjg@jalbum.net', 'tio/a', 'I', 14, '2023-07-02 16:26:04'),
(702, '2532295724', 'Carr', 'Mélina', 'Eaken', '束', '9947 Emmet Avenue', '806-330-87', '996-235-07', 'ceakenjh@psu.edu', 'madre/padre', 'A', 39, '2023-07-02 16:26:04'),
(703, '4130987461', 'Tera', 'Pò', 'Champneys', '皮', '6298 Kings Road', '402-205-03', '665-313-30', 'tchampneysji@1und1.de', 'abuelo/a', 'A', 13, '2023-07-02 16:26:04'),
(704, '0202122239', 'Josi', 'Simplifiés', 'Bordis', '蒯', '97650 Lotheville Place', '196-419-60', '265-834-20', 'jbordisjj@vk.com', 'cuñado/cuñada', 'A', 47, '2023-07-02 16:26:04'),
(705, '1409085570', 'Jillana', 'Dafnée', 'Gartshore', '贾', '779 Milwaukee Road', '568-139-55', '117-641-19', 'jgartshorejk@marketwatch.com', 'tio/a', 'A', 40, '2023-07-02 16:26:04'),
(706, '8513718742', 'Danny', 'Eugénie', 'Twiname', '许', '9 Marcy Terrace', '588-628-16', '564-752-61', 'dtwinamejl@jigsy.com', 'abuelo/a', 'A', 12, '2023-07-02 16:26:04'),
(707, '3168402877', 'Corinna', 'Miléna', 'Beidebeke', '国', '42 Fieldstone Junction', '108-322-59', '596-991-16', 'cbeidebekejm@yellowbook.com', 'abuelo/a', 'A', 48, '2023-07-02 16:26:04'),
(708, '4962411225', 'Garner', 'Magdalène', 'Biggin', '荆', '60634 Mcbride Place', '517-962-94', '188-880-35', 'gbigginjn@youku.com', 'abuelo/a', 'I', 47, '2023-07-02 16:26:04'),
(709, '4608395947', 'Cassaundra', 'Sòng', 'Tomaszewicz', '计', '0168 Harbort Center', '650-347-53', '788-244-95', 'ctomaszewiczjo@wired.com', 'abuelo/a', 'A', 31, '2023-07-02 16:26:04'),
(710, '2486175636', 'Bowie', 'Mélia', 'Dutton', '羿', '64045 Gulseth Point', '781-736-27', '508-560-88', 'bduttonjp@vinaora.com', 'cuñado/cuñada', 'A', 41, '2023-07-02 16:26:04'),
(711, '8647747704', 'Lavinia', 'Michèle', 'Chaunce', '勾', '2920 Blue Bill Park Hill', '987-635-01', '558-386-27', 'lchauncejq@xrea.com', 'abuelo/a', 'A', 18, '2023-07-02 16:26:04'),
(712, '4388408972', 'Cecily', 'Lài', 'Warstall', '蔡', '62136 Arkansas Hill', '955-592-77', '873-668-94', 'cwarstalljr@cbsnews.com', 'hermano/a', 'A', 24, '2023-07-02 16:26:04'),
(713, '5749422550', 'Opaline', 'Gwenaëlle', 'Vearncombe', '水', '01 Hollow Ridge Junction', '767-676-94', '876-304-20', 'ovearncombejs@google.com.hk', 'cuñado/cuñada', 'I', 17, '2023-07-02 16:26:04'),
(714, '7512752121', 'Niall', 'Mélissandre', 'Ekins', '窦', '28854 Nelson Terrace', '623-439-59', '785-838-38', 'nekinsjt@cornell.edu', 'cuñado/cuñada', 'A', 4, '2023-07-02 16:26:04'),
(715, '8621546728', 'Arty', 'Séréna', 'Flight', '匡', '03 Sutherland Trail', '496-240-52', '988-141-56', 'aflightju@npr.org', 'tio/a', 'A', 11, '2023-07-02 16:26:04'),
(716, '4890741240', 'Wye', 'Solène', 'Rays', '戎', '7 Green Ridge Place', '731-612-39', '288-860-27', 'wraysjv@facebook.com', 'hermano/a', 'A', 46, '2023-07-02 16:26:04'),
(717, '4548800840', 'Trevar', 'Maéna', 'Frazer', '双', '4 Bay Circle', '849-278-26', '835-366-19', 'tfrazerjw@nydailynews.com', 'primo/prima', 'A', 17, '2023-07-02 16:26:04'),
(718, '0461842521', 'Edgar', 'Publicité', 'Bartosch', '秋', '492 Park Meadow Circle', '494-346-23', '936-436-29', 'ebartoschjx@berkeley.edu', 'cuñado/cuñada', 'A', 5, '2023-07-02 16:26:04'),
(719, '9607183266', 'Cordelie', 'Mélanie', 'Boyall', '叶', '45251 Wayridge Avenue', '195-599-40', '777-928-41', 'cboyalljy@mtv.com', 'tio/a', 'A', 32, '2023-07-02 16:26:04'),
(720, '7639030358', 'Vally', 'Océanne', 'Kobieriecki', '诸', '525 Gateway Center', '538-767-75', '215-101-73', 'vkobierieckijz@netvibes.com', 'primo/prima', 'A', 6, '2023-07-02 16:26:04'),
(721, '0493628452', 'Ricky', 'Marlène', 'Wintringham', '索', '433 Hazelcrest Alley', '734-105-94', '410-844-98', 'rwintringhamk0@unesco.org', 'tio/a', 'I', 43, '2023-07-02 16:26:04'),
(722, '3281362451', 'Salomo', 'Thérèse', 'Prestage', '曾', '4 North Road', '116-451-86', '387-165-57', 'sprestagek1@mit.edu', 'cuñado/cuñada', 'A', 38, '2023-07-02 16:26:04'),
(723, '8422069202', 'Claudetta', 'Audréanne', 'Solesbury', '锺', '3082 Anthes Court', '743-580-83', '980-865-42', 'csolesburyk2@npr.org', 'cuñado/cuñada', 'A', 5, '2023-07-02 16:26:04'),
(724, '5498338775', 'Adriane', 'Maëlyss', 'Ginnaly', '宫', '029 Grover Drive', '305-644-69', '660-652-84', 'aginnalyk3@tmall.com', 'tio/a', 'I', 21, '2023-07-02 16:26:04'),
(725, '9897725016', 'Marten', 'Célestine', 'Greatreax', '郜', '83770 Monterey Plaza', '944-598-74', '266-302-96', 'mgreatreaxk4@telegraph.co.uk', 'primo/prima', 'A', 15, '2023-07-02 16:26:04'),
(726, '8717560500', 'Warden', 'Hélèna', 'Joesbury', '卜', '6 Northwestern Point', '217-571-65', '117-786-96', 'wjoesburyk5@bbc.co.uk', 'hermano/a', 'A', 15, '2023-07-02 16:26:04'),
(727, '4817183217', 'Massimiliano', 'Angèle', 'Silvers', '苗', '6847 Darwin Alley', '628-229-08', '683-915-57', 'msilversk6@godaddy.com', 'madre/padre', 'I', 26, '2023-07-02 16:26:04'),
(728, '0110157885', 'Nicoli', 'Åsa', 'McBeith', '融', '9567 Oriole Crossing', '399-457-15', '478-810-95', 'nmcbeithk7@usa.gov', 'primo/prima', 'I', 45, '2023-07-02 16:26:04'),
(729, '0440773466', 'Angy', 'Nélie', 'Hing', '秋', '2 Corscot Hill', '760-233-67', '166-566-99', 'ahingk8@free.fr', 'primo/prima', 'A', 36, '2023-07-02 16:26:04'),
(730, '5163263951', 'Rafa', 'Bécassine', 'Zecchetti', '诸', '190 Harper Trail', '930-371-81', '391-769-49', 'rzecchettik9@360.cn', 'primo/prima', 'I', 19, '2023-07-02 16:26:04'),
(731, '6448200878', 'Woodman', 'Océane', 'Toquet', '容', '9356 Dryden Hill', '199-569-01', '775-828-48', 'wtoquetka@apple.com', 'tio/a', 'I', 35, '2023-07-02 16:26:04'),
(732, '6739511691', 'Hershel', 'Gaïa', 'Fihelly', '衡', '65 Mccormick Crossing', '553-479-27', '393-260-58', 'hfihellykb@wordpress.com', 'cuñado/cuñada', 'I', 29, '2023-07-02 16:26:04'),
(733, '0429442351', 'Arlen', 'Marie-noël', 'Lebbon', '孙', '72501 Monterey Pass', '775-932-35', '509-678-69', 'alebbonkc@domainmarket.com', 'tio/a', 'A', 23, '2023-07-02 16:26:04'),
(734, '3516583908', 'Stafani', 'Yáo', 'Bashford', '习', '5 4th Point', '492-134-22', '175-738-66', 'sbashfordkd@lulu.com', 'abuelo/a', 'A', 35, '2023-07-02 16:26:04'),
(735, '4285922029', 'Laure', 'Crééz', 'Marczyk', '禹', '79401 Homewood Drive', '923-196-87', '946-307-37', 'lmarczykke@google.fr', 'cuñado/cuñada', 'I', 41, '2023-07-02 16:26:04'),
(736, '9580471339', 'Freddie', 'Médiamass', 'Westgate', '柏', '33 Gateway Street', '312-260-15', '801-811-66', 'fwestgatekf@storify.com', 'primo/prima', 'I', 25, '2023-07-02 16:26:04'),
(737, '7654764367', 'Britney', 'Lèi', 'Goulthorp', '厍', '88346 Pepper Wood Point', '426-104-90', '599-334-59', 'bgoulthorpkg@nydailynews.com', 'primo/prima', 'A', 21, '2023-07-02 16:26:04'),
(738, '0633422134', 'Loraine', 'Åslög', 'Stanger', '屠', '4 Gina Point', '890-225-90', '180-317-49', 'lstangerkh@businesswire.com', 'cuñado/cuñada', 'I', 37, '2023-07-02 16:26:04'),
(739, '3911424965', 'Aubrey', 'Andréanne', 'Steenson', '白', '313 Dwight Junction', '341-738-06', '241-561-67', 'asteensonki@google.de', 'madre/padre', 'A', 11, '2023-07-02 16:26:04'),
(740, '9189264851', 'Pippo', 'Josée', 'Toplin', '张', '8 Dawn Court', '180-894-56', '170-507-97', 'ptoplinkj@prweb.com', 'hermano/a', 'I', 13, '2023-07-02 16:26:04'),
(741, '0464312515', 'Denyse', 'Edmée', 'Giovanizio', '姚', '9 Milwaukee Junction', '101-523-64', '357-318-65', 'dgiovaniziokk@rambler.ru', 'abuelo/a', 'A', 27, '2023-07-02 16:26:04'),
(742, '0033493286', 'Shannen', 'Sòng', 'Owen', '连', '4 Spohn Place', '709-997-33', '724-342-78', 'sowenkl@oaic.gov.au', 'cuñado/cuñada', 'I', 37, '2023-07-02 16:26:04'),
(743, '8946660139', 'Teresina', 'Marie-ève', 'Bache', '余', '98 Daystar Circle', '384-210-65', '319-440-52', 'tbachekm@theatlantic.com', 'cuñado/cuñada', 'A', 10, '2023-07-02 16:26:04'),
(744, '2675676942', 'Danila', 'Cléa', 'Ondrak', '伍', '7 Burrows Pass', '889-201-11', '916-867-59', 'dondrakkn@biglobe.ne.jp', 'primo/prima', 'I', 29, '2023-07-02 16:26:04'),
(745, '0262973693', 'Kyle', 'Cléopatre', 'Ellington', '昌', '317 Hagan Lane', '501-182-10', '683-279-57', 'kellingtonko@163.com', 'primo/prima', 'A', 17, '2023-07-02 16:26:04'),
(746, '7971247230', 'Ivor', 'Maëlla', 'Beaney', '糜', '2203 Jackson Street', '746-718-11', '626-141-17', 'ibeaneykp@youku.com', 'cuñado/cuñada', 'I', 29, '2023-07-02 16:26:04'),
(747, '5565352738', 'Hendrik', 'Pò', 'Imorts', '谭', '46 Pierstorff Plaza', '346-716-19', '179-332-44', 'himortskq@printfriendly.com', 'tio/a', 'A', 25, '2023-07-02 16:26:04'),
(748, '9474066493', 'Tammara', 'Mélina', 'Greensmith', '羊', '3 Eastwood Park', '873-440-34', '376-943-24', 'tgreensmithkr@seesaa.net', 'cuñado/cuñada', 'A', 43, '2023-07-02 16:26:04'),
(749, '1980919208', 'Arleta', 'Valérie', 'Elfitt', '安', '6665 Village Green Plaza', '778-997-08', '477-909-38', 'aelfittks@tiny.cc', 'hermano/a', 'A', 26, '2023-07-02 16:26:04'),
(750, '0688229999', 'Dodie', 'Valérie', 'Mechan', '查', '6 Fieldstone Crossing', '137-555-91', '841-285-60', 'dmechankt@prnewswire.com', 'cuñado/cuñada', 'A', 32, '2023-07-02 16:26:04'),
(751, '7335008913', 'Leif', 'Agnès', 'Inchley', '秦', '0 Lillian Alley', '626-639-16', '792-979-41', 'linchleyku@google.com', 'tio/a', 'A', 24, '2023-07-02 16:26:04'),
(752, '8477317836', 'Lynnett', 'Anaëlle', 'Cowdry', '蔺', '148 Colorado Plaza', '595-909-13', '162-818-76', 'lcowdrykv@samsung.com', 'primo/prima', 'A', 10, '2023-07-02 16:26:04'),
(753, '9171191623', 'Northrup', 'Célia', 'Boyford', '夔', '820 Superior Drive', '917-351-80', '539-376-23', 'nboyfordkw@cnet.com', 'tio/a', 'A', 41, '2023-07-02 16:26:04'),
(754, '0922201080', 'Regina', 'Geneviève', 'Egarr', '鞠', '00 Golf Circle', '277-168-39', '535-377-28', 'regarrkx@guardian.co.uk', 'abuelo/a', 'A', 6, '2023-07-02 16:26:04'),
(755, '5609093996', 'Sari', 'Yénora', 'Towns', '包', '51 Hermina Avenue', '837-260-36', '121-548-34', 'stownsky@oracle.com', 'primo/prima', 'A', 39, '2023-07-02 16:26:04'),
(756, '1842728202', 'Annabal', 'Almérinda', 'Khomin', '牛', '6715 High Crossing Terrace', '914-760-08', '270-597-92', 'akhominkz@histats.com', 'cuñado/cuñada', 'I', 8, '2023-07-02 16:26:04'),
(757, '6876954765', 'Emogene', 'Rébecca', 'Josefsson', '邴', '1 Sutherland Drive', '341-964-01', '163-243-35', 'ejosefssonl0@unblog.fr', 'madre/padre', 'I', 34, '2023-07-02 16:26:04'),
(758, '3074801484', 'Francois', 'Marie-ève', 'Ellwood', '皮', '34 Bunker Hill Drive', '686-138-02', '711-989-82', 'fellwoodl1@reference.com', 'cuñado/cuñada', 'A', 31, '2023-07-02 16:26:04'),
(759, '5206906409', 'Valentia', 'Nadège', 'Sapseed', '曾', '768 Fordem Place', '205-326-47', '563-313-11', 'vsapseedl2@pagesperso-orange.fr', 'cuñado/cuñada', 'I', 22, '2023-07-02 16:26:04'),
(760, '6937342446', 'Coralyn', 'Amélie', 'Pulteneye', '伊', '37 Buell Hill', '961-963-66', '133-108-68', 'cpulteneyel3@freewebs.com', 'hermano/a', 'A', 23, '2023-07-02 16:26:04'),
(761, '3458024433', 'Adelle', 'Kù', 'Hegdonne', '伏', '9 Maywood Circle', '171-571-50', '589-849-83', 'ahegdonnel4@eepurl.com', 'primo/prima', 'I', 47, '2023-07-02 16:26:04'),
(762, '9932279676', 'Francisca', 'Liè', 'Vesco', '艾', '5928 4th Park', '813-599-62', '903-890-68', 'fvescol5@alexa.com', 'tio/a', 'I', 33, '2023-07-02 16:26:04'),
(763, '7314812403', 'Garwin', 'Faîtes', 'Sjostrom', '裘', '6463 Delladonna Parkway', '344-922-28', '167-702-18', 'gsjostroml6@hatena.ne.jp', 'cuñado/cuñada', 'A', 47, '2023-07-02 16:26:04'),
(764, '5071983109', 'Cully', 'Maïly', 'Siney', '尤', '668 Kingsford Junction', '425-625-85', '138-664-76', 'csineyl7@blinklist.com', 'madre/padre', 'I', 18, '2023-07-02 16:26:04'),
(765, '9695481000', 'Timmy', 'Noémie', 'Flight', '康', '4827 Paget Lane', '755-308-75', '869-505-73', 'tflightl8@pen.io', 'cuñado/cuñada', 'A', 30, '2023-07-02 16:26:04'),
(766, '1376020327', 'Alano', 'Marie-hélène', 'Larvin', '钭', '80 Ronald Regan Trail', '447-150-67', '374-974-53', 'alarvinl9@flavors.me', 'madre/padre', 'A', 20, '2023-07-02 16:26:04'),
(767, '1176103369', 'Rosemary', 'Méthode', 'Huntingford', '居', '71378 Tennyson Plaza', '709-155-07', '486-303-99', 'rhuntingfordla@i2i.jp', 'primo/prima', 'A', 5, '2023-07-02 16:26:04'),
(768, '2342784023', 'Seline', 'Gösta', 'Thoms', '计', '7902 Carberry Drive', '900-647-08', '118-847-77', 'sthomslb@technorati.com', 'hermano/a', 'I', 24, '2023-07-02 16:26:04'),
(769, '2121194614', 'Binni', 'Maïté', 'Petren', '权', '1230 Harbort Terrace', '757-680-64', '111-499-99', 'bpetrenlc@slideshare.net', 'cuñado/cuñada', 'A', 43, '2023-07-02 16:26:04'),
(770, '4686056659', 'Marya', 'Célestine', 'Rennicks', '满', '4 Dwight Pass', '375-455-01', '239-960-14', 'mrennicksld@free.fr', 'madre/padre', 'I', 24, '2023-07-02 16:26:04'),
(771, '8426026095', 'Webb', 'Zoé', 'Kindell', '盍', '97358 Mayfield Road', '535-689-83', '145-690-83', 'wkindellle@prlog.org', 'madre/padre', 'A', 30, '2023-07-02 16:26:04'),
(772, '5081566640', 'Karlis', 'Clémence', 'Savine', '邬', '0788 Old Shore Parkway', '679-779-18', '863-124-07', 'ksavinelf@go.com', 'primo/prima', 'A', 18, '2023-07-02 16:26:04'),
(773, '5192693667', 'Ferris', 'Léonore', 'Duffrie', '陶', '6 Portage Junction', '163-470-44', '809-684-28', 'fduffrielg@aboutads.info', 'tio/a', 'I', 3, '2023-07-02 16:26:04'),
(774, '4350402977', 'Lisa', 'Réjane', 'Whaplington', '刘', '38 Forest Run Plaza', '645-679-88', '762-486-97', 'lwhaplingtonlh@friendfeed.com', 'primo/prima', 'I', 7, '2023-07-02 16:26:04'),
(775, '9061972345', 'Ashlin', 'Mà', 'Nowland', '杜', '285 Bobwhite Point', '437-864-88', '707-140-57', 'anowlandli@tripadvisor.com', 'tio/a', 'I', 19, '2023-07-02 16:26:04'),
(776, '2698766328', 'Jeanie', 'Kallisté', 'Craine', '邹', '0356 David Court', '332-217-53', '112-990-22', 'jcrainelj@sitemeter.com', 'madre/padre', 'A', 9, '2023-07-02 16:26:04'),
(777, '3420350597', 'Bari', 'Yénora', 'Camillo', '龙', '65 Fieldstone Trail', '990-139-22', '620-964-43', 'bcamillolk@irs.gov', 'primo/prima', 'I', 30, '2023-07-02 16:26:04'),
(778, '6093956865', 'Gardie', 'Táng', 'Yanshinov', '通', '1434 Sommers Hill', '952-855-90', '100-717-10', 'gyanshinovll@comcast.net', 'cuñado/cuñada', 'I', 23, '2023-07-02 16:26:04'),
(779, '6584280748', 'Saloma', 'Céline', 'Caveau', '樊', '00033 Duke Crossing', '219-134-88', '189-833-32', 'scaveaulm@exblog.jp', 'cuñado/cuñada', 'I', 32, '2023-07-02 16:26:04'),
(780, '2727147449', 'Adrianne', 'Publicité', 'Grealish', '欧', '924 Mccormick Road', '146-391-70', '543-496-36', 'agrealishln@cisco.com', 'hermano/a', 'I', 20, '2023-07-02 16:26:04'),
(781, '8253924607', 'Bev', 'Liè', 'Brauns', '尤', '344 Cardinal Trail', '755-549-62', '839-610-89', 'bbraunslo@bluehost.com', 'madre/padre', 'A', 40, '2023-07-02 16:26:04'),
(782, '4191700154', 'Lori', 'Maïté', 'Mantione', '宦', '4385 Little Fleur Way', '780-371-99', '417-722-88', 'lmantionelp@timesonline.co.uk', 'madre/padre', 'I', 46, '2023-07-02 16:26:04'),
(783, '2725475848', 'Halimeda', 'Athéna', 'Bisgrove', '冀', '170 Wayridge Parkway', '953-766-87', '740-969-86', 'hbisgrovelq@sogou.com', 'cuñado/cuñada', 'I', 35, '2023-07-02 16:26:04'),
(784, '8146830714', 'Nertie', 'Mélia', 'Chasle', '彭', '03 Rowland Way', '425-655-10', '124-565-56', 'nchaslelr@home.pl', 'hermano/a', 'A', 23, '2023-07-02 16:26:04'),
(785, '3849792005', 'Carie', 'Yè', 'Glayzer', '茅', '4005 Gerald Way', '215-421-81', '178-891-70', 'cglayzerls@topsy.com', 'primo/prima', 'I', 22, '2023-07-02 16:26:05'),
(786, '8573311231', 'Amalie', 'Céline', 'Lomb', '牧', '52956 Fair Oaks Hill', '706-491-38', '843-302-48', 'alomblt@marketwatch.com', 'primo/prima', 'A', 37, '2023-07-02 16:26:05'),
(787, '3459709618', 'Bil', 'Réservés', 'Render', '习', '3 Waywood Plaza', '555-172-43', '795-623-85', 'brenderlu@epa.gov', 'hermano/a', 'A', 6, '2023-07-02 16:26:05'),
(788, '9368214433', 'Odelle', 'Mahélie', 'Radmer', '蒙', '5 Ludington Place', '781-307-02', '621-767-98', 'oradmerlv@about.com', 'madre/padre', 'A', 5, '2023-07-02 16:26:05'),
(789, '3539139990', 'Garrott', 'Tú', 'Mccaull', '居', '354 Clyde Gallagher Hill', '896-115-24', '833-507-81', 'gmccaulllw@princeton.edu', 'cuñado/cuñada', 'A', 4, '2023-07-02 16:26:05'),
(790, '1287535909', 'Neely', 'Liè', 'Lorrie', '韶', '30 Dahle Drive', '679-632-45', '151-578-04', 'nlorrielx@de.vu', 'primo/prima', 'A', 20, '2023-07-02 16:26:05'),
(791, '3586536917', 'Monica', 'Cécilia', 'Bonass', '茹', '38 Moulton Drive', '590-906-84', '232-817-05', 'mbonassly@apple.com', 'abuelo/a', 'I', 8, '2023-07-02 16:26:05'),
(792, '1336111003', 'Howie', 'Kévina', 'Bennallck', '连', '165 Ridgeway Pass', '233-520-52', '789-266-39', 'hbennallcklz@gmpg.org', 'hermano/a', 'A', 8, '2023-07-02 16:26:05'),
(793, '1105150445', 'Edik', 'Maéna', 'Gillimgham', '池', '390 Butternut Hill', '968-587-99', '304-965-17', 'egillimghamm0@usnews.com', 'hermano/a', 'A', 7, '2023-07-02 16:26:05'),
(794, '6451892998', 'Farly', 'Yú', 'Stevens', '锺', '9 Weeping Birch Park', '621-362-94', '846-161-69', 'fstevensm1@altervista.org', 'abuelo/a', 'A', 8, '2023-07-02 16:26:05'),
(795, '4837989772', 'Cad', 'Gösta', 'Treadgear', '连', '655 Grayhawk Street', '689-201-51', '393-295-11', 'ctreadgearm2@seesaa.net', 'hermano/a', 'I', 28, '2023-07-02 16:26:05'),
(796, '0502344520', 'Emmye', 'Thérèse', 'Skeemor', '时', '90472 Dexter Court', '209-319-26', '470-191-06', 'eskeemorm3@barnesandnoble.com', 'madre/padre', 'I', 46, '2023-07-02 16:26:05'),
(797, '0788363115', 'Marten', 'Léonie', 'Cackett', '牛', '9436 Waywood Hill', '680-291-16', '665-260-34', 'mcackettm4@wunderground.com', 'primo/prima', 'A', 40, '2023-07-02 16:26:05'),
(798, '9789754299', 'Rhody', 'Börje', 'Wayne', '僪', '23 Dahle Junction', '346-168-16', '576-201-54', 'rwaynem5@tmall.com', 'cuñado/cuñada', 'A', 17, '2023-07-02 16:26:05'),
(799, '5717528019', 'Eran', 'Anaé', 'Tremblay', '习', '98674 Orin Court', '931-979-41', '945-393-70', 'etremblaym6@soundcloud.com', 'primo/prima', 'I', 31, '2023-07-02 16:26:05'),
(800, '6899319381', 'Alphonso', 'Angélique', 'Hackin', '任', '7107 Moland Pass', '231-414-13', '243-516-09', 'ahackinm7@livejournal.com', 'hermano/a', 'A', 27, '2023-07-02 16:26:05'),
(801, '1584650621', 'Valentin', 'Camélia', 'Grennan', '储', '0547 Mariners Cove Plaza', '896-363-01', '603-895-43', 'vgrennanm8@shutterfly.com', 'tio/a', 'A', 7, '2023-07-02 16:26:05'),
(802, '8416570892', 'Rana', 'Kuí', 'Whyborn', '戚', '3 Monica Way', '121-206-44', '358-748-52', 'rwhybornm9@godaddy.com', 'primo/prima', 'I', 40, '2023-07-02 16:26:05'),
(803, '2636716327', 'Butch', 'Pò', 'Crus', '阳', '998 Scoville Road', '770-477-20', '232-384-26', 'bcrusma@1688.com', 'cuñado/cuñada', 'A', 24, '2023-07-02 16:26:05'),
(804, '2568094370', 'Barret', 'Cécile', 'Vye', '梁', '43 Bunker Hill Plaza', '680-537-80', '991-634-69', 'bvyemb@bbc.co.uk', 'primo/prima', 'A', 44, '2023-07-02 16:26:05'),
(805, '0889122237', 'Renato', 'Göran', 'Grouer', '龚', '15 Columbus Junction', '290-417-71', '450-648-25', 'rgrouermc@loc.gov', 'primo/prima', 'I', 23, '2023-07-02 16:26:05'),
(806, '2499707062', 'Charisse', 'Danièle', 'Fuxman', '高', '3 Eagle Crest Plaza', '945-623-05', '385-220-01', 'cfuxmanmd@blogspot.com', 'abuelo/a', 'A', 17, '2023-07-02 16:26:05'),
(807, '5540749081', 'Vinson', 'Maëly', 'Elphee', '厍', '5065 Clyde Gallagher Road', '957-256-96', '145-162-22', 'velpheeme@parallels.com', 'primo/prima', 'I', 32, '2023-07-02 16:26:05'),
(808, '6973372856', 'Lilias', 'Maïlis', 'Hynard', '徐', '6476 South Crossing', '690-235-79', '631-262-62', 'lhynardmf@ebay.com', 'abuelo/a', 'A', 41, '2023-07-02 16:26:05'),
(809, '7709889123', 'Aldis', 'Gaétane', 'Pygott', '郑', '741 Rutledge Point', '137-412-74', '882-923-38', 'apygottmg@studiopress.com', 'madre/padre', 'I', 36, '2023-07-02 16:26:05'),
(810, '8593322719', 'Antonin', 'Åslög', 'Chisnall', '扶', '90109 Hanson Park', '791-298-54', '428-372-37', 'achisnallmh@europa.eu', 'madre/padre', 'A', 42, '2023-07-02 16:26:05'),
(811, '1746639873', 'Florinda', 'Adélaïde', 'Scopyn', '贝', '3612 Sutherland Center', '903-518-34', '839-100-55', 'fscopynmi@cafepress.com', 'primo/prima', 'I', 7, '2023-07-02 16:26:05'),
(812, '9345076530', 'Rowen', 'Cinéma', 'Rydzynski', '窦', '69 Helena Point', '248-783-46', '186-307-60', 'rrydzynskimj@ask.com', 'hermano/a', 'I', 13, '2023-07-02 16:26:05'),
(813, '3543596136', 'Martyn', 'Nuó', 'Ansell', '王', '17 Vera Drive', '437-758-45', '747-966-99', 'mansellmk@scientificamerican.com', 'madre/padre', 'I', 31, '2023-07-02 16:26:05'),
(814, '6492940520', 'Swen', 'Gaétane', 'Clerk', '洪', '87 Shopko Trail', '442-322-95', '964-782-16', 'sclerkml@spiegel.de', 'madre/padre', 'I', 6, '2023-07-02 16:26:05'),
(815, '8289601840', 'Josephina', 'Audréanne', 'Purton', '家', '4190 Merrick Way', '517-694-66', '954-504-39', 'jpurtonmm@netvibes.com', 'tio/a', 'I', 36, '2023-07-02 16:26:05'),
(816, '4461530442', 'Winna', 'Kuí', 'Mangan', '莘', '51 Hagan Alley', '873-215-81', '759-133-88', 'wmanganmn@marriott.com', 'hermano/a', 'I', 41, '2023-07-02 16:26:05'),
(817, '0153722916', 'Saunder', 'Esbjörn', 'MacLeod', '时', '4 Macpherson Circle', '946-925-06', '257-863-36', 'smacleodmo@pagesperso-orange.fr', 'primo/prima', 'A', 35, '2023-07-02 16:26:05'),
(818, '5727378605', 'Karlotta', 'Ophélie', 'Berthelet', '郁', '1283 Derek Court', '208-250-75', '712-914-50', 'kbertheletmp@mapquest.com', 'tio/a', 'I', 41, '2023-07-02 16:26:05'),
(819, '9327067371', 'Toddie', 'Maïly', 'Caudrelier', '景', '7932 Rutledge Terrace', '873-253-17', '611-418-74', 'tcaudreliermq@mac.com', 'primo/prima', 'I', 25, '2023-07-02 16:26:05'),
(820, '5719120416', 'Nanice', 'Thérèse', 'O\' Kelleher', '蒋', '83 Steensland Pass', '251-304-84', '804-370-35', 'nokellehermr@woothemes.com', 'abuelo/a', 'A', 15, '2023-07-02 16:26:05'),
(821, '4001320746', 'Eddy', 'Eléa', 'Coggan', '晏', '73 School Terrace', '861-425-45', '134-919-38', 'ecogganms@bbc.co.uk', 'tio/a', 'I', 15, '2023-07-02 16:26:05'),
(822, '8539979349', 'Rosaline', 'Céline', 'Ohrt', '步', '3339 Luster Plaza', '413-363-10', '225-988-57', 'rohrtmt@clickbank.net', 'tio/a', 'A', 48, '2023-07-02 16:26:05'),
(823, '7577262242', 'Lenora', 'Lén', 'Marrows', '訾', '968 Prairie Rose Plaza', '872-705-25', '658-555-57', 'lmarrowsmu@nih.gov', 'abuelo/a', 'A', 47, '2023-07-02 16:26:05'),
(824, '8504279790', 'Ade', 'Camélia', 'Flye', '厍', '1116 Gateway Crossing', '121-474-37', '241-967-21', 'aflyemv@mayoclinic.com', 'tio/a', 'A', 17, '2023-07-02 16:26:05'),
(825, '7778721503', 'Vinni', 'Angèle', 'Janikowski', '魏', '83698 Pennsylvania Lane', '988-284-71', '375-928-83', 'vjanikowskimw@reddit.com', 'hermano/a', 'I', 26, '2023-07-02 16:26:05'),
(826, '2373894149', 'Ludovico', 'Andréanne', 'Connett', '韦', '8 Lillian Junction', '485-398-59', '962-871-77', 'lconnettmx@ftc.gov', 'primo/prima', 'I', 5, '2023-07-02 16:26:05'),
(827, '0531038742', 'Bevan', 'Jú', 'Teal', '田', '777 Amoth Way', '342-232-43', '555-585-45', 'btealmy@etsy.com', 'madre/padre', 'I', 41, '2023-07-02 16:26:05'),
(828, '4547927278', 'Layton', 'Marylène', 'Lambotin', '逮', '8 Briar Crest Plaza', '925-858-32', '119-284-87', 'llambotinmz@sogou.com', 'madre/padre', 'A', 14, '2023-07-02 16:26:05'),
(829, '9323270261', 'Hyatt', 'Edmée', 'Casham', '柳', '1 Hoepker Lane', '202-390-12', '865-905-74', 'hcashamn0@about.me', 'hermano/a', 'I', 42, '2023-07-02 16:26:05'),
(830, '4453573944', 'Giustino', 'Cinéma', 'Farress', '盛', '8720 Doe Crossing Hill', '313-365-58', '763-632-51', 'gfarressn1@ca.gov', 'madre/padre', 'A', 46, '2023-07-02 16:26:05'),
(831, '7992468600', 'Eva', 'Laurène', 'Ishak', '戚', '1 Almo Alley', '566-570-17', '228-794-82', 'eishakn2@tumblr.com', 'abuelo/a', 'I', 29, '2023-07-02 16:26:05'),
(832, '0894089064', 'Robbie', 'Marie-noël', 'Dietzler', '荀', '66 Lighthouse Bay Circle', '970-606-80', '456-159-74', 'rdietzlern3@sciencedirect.com', 'cuñado/cuñada', 'I', 43, '2023-07-02 16:26:05'),
(833, '0245493581', 'Petronille', 'Anaïs', 'Readshaw', '幸', '7 Derek Avenue', '182-111-37', '186-894-40', 'preadshawn4@google.de', 'hermano/a', 'A', 19, '2023-07-02 16:26:05'),
(834, '0934116075', 'Evvie', 'Léane', 'Alp', '从', '43887 Northwestern Alley', '213-660-51', '294-577-67', 'ealpn5@reddit.com', 'abuelo/a', 'A', 14, '2023-07-02 16:26:05'),
(835, '5967917055', 'Marybelle', 'Léane', 'Hollington', '郭', '7921 Vermont Way', '336-958-17', '988-727-88', 'mhollingtonn6@seattletimes.com', 'tio/a', 'I', 42, '2023-07-02 16:26:05'),
(836, '2508797618', 'Walden', 'Clélia', 'Kedward', '章', '46881 Dorton Point', '145-814-77', '577-366-21', 'wkedwardn7@sohu.com', 'cuñado/cuñada', 'A', 23, '2023-07-02 16:26:05'),
(837, '7323109620', 'Nana', 'Kuí', 'Connechy', '牛', '351 Nancy Place', '423-960-19', '304-856-75', 'nconnechyn8@ycombinator.com', 'tio/a', 'A', 40, '2023-07-02 16:26:05'),
(838, '0064052419', 'Marika', 'Mélodie', 'Winckworth', '宁', '788 Ridge Oak Road', '835-177-49', '200-802-34', 'mwinckworthn9@twitpic.com', 'tio/a', 'A', 5, '2023-07-02 16:26:05'),
(839, '5390209478', 'Ginny', 'Camélia', 'Hornig', '吉', '63 Packers Street', '104-457-68', '190-204-50', 'ghornigna@tuttocitta.it', 'tio/a', 'I', 16, '2023-07-02 16:26:05'),
(840, '7434829524', 'Agnes', 'Lài', 'Cowdrey', '杜', '98424 Amoth Lane', '126-321-84', '773-581-79', 'acowdreynb@uiuc.edu', 'hermano/a', 'I', 20, '2023-07-02 16:26:05'),
(841, '0431610274', 'Mickie', 'Örjan', 'Leaver', '纪', '90302 Stang Court', '232-616-98', '112-887-97', 'mleavernc@bandcamp.com', 'primo/prima', 'A', 11, '2023-07-02 16:26:05'),
(842, '4542850684', 'Lorene', 'Naéva', 'Leinthall', '夔', '5223 Farmco Park', '224-368-41', '366-773-24', 'lleinthallnd@intel.com', 'abuelo/a', 'A', 48, '2023-07-02 16:26:05'),
(843, '1536731684', 'Estella', 'Mélodie', 'Found', '游', '5 Derek Point', '157-870-97', '171-666-07', 'efoundne@si.edu', 'tio/a', 'I', 12, '2023-07-02 16:26:05'),
(844, '7456112223', 'Loni', 'Pénélope', 'Furze', '梁', '553 Golf Course Junction', '111-444-26', '445-316-71', 'lfurzenf@ucoz.com', 'cuñado/cuñada', 'A', 10, '2023-07-02 16:26:05'),
(845, '2197684191', 'Monte', 'Uò', 'Beswick', '蓝', '13 Cascade Lane', '276-550-74', '336-140-79', 'mbeswickng@photobucket.com', 'abuelo/a', 'I', 27, '2023-07-02 16:26:05'),
(846, '6720516639', 'Carney', 'Anaëlle', 'Wyd', '魏', '729 Clarendon Place', '815-967-14', '342-943-09', 'cwydnh@timesonline.co.uk', 'tio/a', 'A', 36, '2023-07-02 16:26:05'),
(847, '5878152614', 'Ruthann', 'Anaëlle', 'Mulgrew', '康', '8003 John Wall Circle', '870-203-46', '986-245-59', 'rmulgrewni@typepad.com', 'hermano/a', 'A', 25, '2023-07-02 16:26:05'),
(848, '6479069390', 'Rafaello', 'Océanne', 'Faraday', '葛', '8040 Sachs Road', '813-591-25', '302-826-98', 'rfaradaynj@istockphoto.com', 'madre/padre', 'I', 19, '2023-07-02 16:26:05');
INSERT INTO `representante` (`REP_ID`, `REP_DNI`, `REP_NOM`, `REP_NOM2`, `REP_APE`, `REP_APE2`, `REP_DIR`, `REP_CEL`, `REP_TEL`, `REP_MAIL`, `REP_REL_FAM`, `REP_ESTADO`, `USR_CREADOR_ID`, `FECHA_CREACION`) VALUES
(849, '4545725961', 'Gusta', 'Noëlla', 'Beazleigh', '鄂', '67806 Continental Trail', '806-220-01', '232-150-99', 'gbeazleighnk@nyu.edu', 'hermano/a', 'A', 4, '2023-07-02 16:26:05'),
(850, '3581755467', 'Kimball', 'Aí', 'Rubroe', '余', '7 Canary Place', '413-744-47', '223-346-80', 'krubroenl@123-reg.co.uk', 'primo/prima', 'I', 17, '2023-07-02 16:26:05'),
(851, '1966186835', 'Nikita', 'Mylène', 'Rushbrooke', '蔺', '86 Morrow Trail', '908-439-09', '222-527-46', 'nrushbrookenm@go.com', 'cuñado/cuñada', 'I', 18, '2023-07-02 16:26:05'),
(852, '5804162276', 'Olivia', 'Céline', 'McLucas', '吕', '6 Shoshone Road', '438-506-17', '360-164-49', 'omclucasnn@miitbeian.gov.cn', 'tio/a', 'A', 4, '2023-07-02 16:26:05'),
(853, '3498412655', 'Rhody', 'Séréna', 'Plenty', '程', '80 Melrose Terrace', '184-113-67', '392-191-24', 'rplentyno@youtube.com', 'hermano/a', 'A', 11, '2023-07-02 16:26:05'),
(854, '6807266790', 'Chevalier', 'Eléonore', 'Simchenko', '江', '9407 Express Place', '274-736-19', '488-303-70', 'csimchenkonp@51.la', 'cuñado/cuñada', 'I', 32, '2023-07-02 16:26:05'),
(855, '0970079761', 'Floris', 'Adélaïde', 'Pattenden', '邹', '0 Hagan Road', '946-441-65', '845-547-34', 'fpattendennq@example.com', 'tio/a', 'A', 30, '2023-07-02 16:26:05'),
(856, '8082694270', 'Nessa', 'Bérangère', 'Kennon', '国', '053 Farmco Place', '673-731-22', '422-116-74', 'nkennonnr@sourceforge.net', 'madre/padre', 'I', 7, '2023-07-02 16:26:05'),
(857, '8406507020', 'Luther', 'Pò', 'Seson', '瞿', '898 Northview Street', '741-358-55', '620-348-11', 'lsesonns@1688.com', 'hermano/a', 'A', 22, '2023-07-02 16:26:05'),
(858, '6824051233', 'Salvador', 'Tán', 'Riepel', '相', '41255 Dayton Lane', '485-532-36', '234-821-53', 'sriepelnt@istockphoto.com', 'madre/padre', 'A', 33, '2023-07-02 16:26:05'),
(859, '2716748462', 'Fidelio', 'Kévina', 'Coats', '钭', '8 Lyons Point', '365-321-85', '818-673-06', 'fcoatsnu@jugem.jp', 'abuelo/a', 'I', 19, '2023-07-02 16:26:05'),
(860, '3104612919', 'Agretha', 'Torbjörn', 'Tatam', '宓', '99602 Grasskamp Lane', '406-856-90', '171-593-34', 'atatamnv@eventbrite.com', 'cuñado/cuñada', 'I', 31, '2023-07-02 16:26:05'),
(861, '3542918725', 'Rona', 'Irène', 'Odney', '倪', '571 Sunbrook Circle', '188-181-76', '658-427-72', 'rodneynw@flavors.me', 'tio/a', 'A', 43, '2023-07-02 16:26:05'),
(862, '3327343896', 'Caryl', 'Océane', 'Reggler', '彭', '5 Hoepker Way', '696-673-02', '950-317-14', 'cregglernx@macromedia.com', 'cuñado/cuñada', 'A', 9, '2023-07-02 16:26:05'),
(863, '6641243729', 'Cecil', 'Tán', 'Dawkes', '竺', '307 Pankratz Drive', '821-751-68', '805-156-05', 'cdawkesny@amazonaws.com', 'hermano/a', 'A', 3, '2023-07-02 16:26:05'),
(864, '4024795821', 'Vinita', 'Anaël', 'Siddons', '章', '4 Merchant Way', '827-778-10', '336-128-35', 'vsiddonsnz@businesswire.com', 'tio/a', 'I', 11, '2023-07-02 16:26:05'),
(865, '7931363973', 'Spence', 'Kévina', 'Argontt', '时', '851 Transport Drive', '759-871-55', '714-784-07', 'sargontto0@ox.ac.uk', 'primo/prima', 'A', 25, '2023-07-02 16:26:05'),
(866, '4007480710', 'Stearn', 'Publicité', 'Darington', '屠', '10 Warbler Drive', '746-789-49', '260-471-19', 'sdaringtono1@cdc.gov', 'tio/a', 'A', 22, '2023-07-02 16:26:05'),
(867, '8221775649', 'Gabriell', 'Méghane', 'Shevelin', '戈', '6537 Anhalt Parkway', '277-593-56', '932-459-86', 'gshevelino2@hud.gov', 'tio/a', 'A', 3, '2023-07-02 16:26:05'),
(868, '3926875100', 'Dennie', 'Erwéi', 'Bodman', '李', '5962 Hanover Lane', '355-540-30', '155-228-15', 'dbodmano3@is.gd', 'primo/prima', 'A', 44, '2023-07-02 16:26:05'),
(869, '0535527667', 'Raynard', 'Måns', 'Robertot', '家', '7477 Anzinger Place', '616-325-61', '565-805-10', 'rrobertoto4@amazonaws.com', 'cuñado/cuñada', 'A', 47, '2023-07-02 16:26:05'),
(870, '0448729695', 'Kassi', 'Tán', 'Putson', '芮', '933 Bayside Parkway', '987-515-39', '439-266-95', 'kputsono5@geocities.com', 'primo/prima', 'A', 31, '2023-07-02 16:26:05'),
(871, '5631324954', 'Daria', 'Angélique', 'Simmons', '慕', '84609 Lawn Avenue', '245-479-00', '528-621-36', 'dsimmonso6@moonfruit.com', 'cuñado/cuñada', 'I', 38, '2023-07-02 16:26:05'),
(872, '3869440694', 'Eilis', 'Clémentine', 'Lechelle', '钱', '34573 Marcy Crossing', '984-102-83', '594-118-46', 'elechelleo7@ucoz.com', 'cuñado/cuñada', 'A', 19, '2023-07-02 16:26:05'),
(873, '0069555664', 'Jerald', 'Néhémie', 'Gibbons', '赵', '920 Fuller Park', '682-810-10', '535-489-97', 'jgibbonso8@1688.com', 'madre/padre', 'A', 12, '2023-07-02 16:26:05'),
(874, '9032977725', 'Justine', 'Inès', 'Pedersen', '曹', '39 Golf Course Lane', '404-564-14', '603-463-20', 'jpederseno9@unc.edu', 'hermano/a', 'I', 34, '2023-07-02 16:26:05'),
(875, '5928193173', 'Ardis', 'Adélaïde', 'Dendle', '饶', '6999 Cambridge Court', '682-683-51', '911-154-23', 'adendleoa@microsoft.com', 'abuelo/a', 'A', 11, '2023-07-02 16:26:05'),
(876, '2588536506', 'Clarice', 'Personnalisée', 'Chmiel', '姜', '8367 Lotheville Lane', '994-296-12', '485-457-80', 'cchmielob@digg.com', 'primo/prima', 'A', 7, '2023-07-02 16:26:05'),
(877, '6343371729', 'Gard', 'Lén', 'Horrigan', '宁', '3652 Monica Way', '553-466-37', '329-350-21', 'ghorriganoc@tripadvisor.com', 'cuñado/cuñada', 'A', 26, '2023-07-02 16:26:05'),
(878, '3507313286', 'Emmy', 'Réservés', 'Fitzsymon', '张', '3 Division Street', '186-564-85', '721-878-17', 'efitzsymonod@bandcamp.com', 'hermano/a', 'A', 37, '2023-07-02 16:26:05'),
(879, '2061388965', 'Hastie', 'Almérinda', 'Marcum', '益', '5664 Londonderry Lane', '875-511-09', '451-765-18', 'hmarcumoe@reddit.com', 'primo/prima', 'I', 37, '2023-07-02 16:26:05'),
(880, '6357719307', 'Kyle', 'Åke', 'Teggin', '蒋', '21 Bonner Center', '768-104-45', '174-917-27', 'ktegginof@weebly.com', 'cuñado/cuñada', 'I', 43, '2023-07-02 16:26:05'),
(881, '9057974681', 'Hilary', 'Märta', 'Berndsen', '璩', '886 Drewry Circle', '861-516-37', '755-191-10', 'hberndsenog@apache.org', 'tio/a', 'I', 23, '2023-07-02 16:26:05'),
(882, '1461654246', 'Winne', 'Mahélie', 'Fruin', '成', '24805 Sutherland Center', '770-445-10', '974-620-44', 'wfruinoh@marriott.com', 'abuelo/a', 'I', 1, '2023-07-02 16:26:05'),
(883, '2396226169', 'Patty', 'Stévina', 'Rolfo', '车', '45 Hooker Road', '673-465-77', '745-890-67', 'prolfooi@ted.com', 'tio/a', 'A', 48, '2023-07-02 16:26:05'),
(884, '8323356076', 'Ema', 'Mélinda', 'Ansett', '白', '64695 John Wall Pass', '605-220-12', '233-537-01', 'eansettoj@technorati.com', 'madre/padre', 'A', 33, '2023-07-02 16:26:05'),
(885, '9199118890', 'Kathryne', 'Dù', 'Wicklen', '严', '452 Hayes Plaza', '615-184-17', '904-394-56', 'kwicklenok@forbes.com', 'cuñado/cuñada', 'I', 17, '2023-07-02 16:26:05'),
(886, '1394718497', 'Jasun', 'Stévina', 'Milington', '咸', '43423 Marcy Pass', '567-642-83', '430-198-16', 'jmilingtonol@ehow.com', 'madre/padre', 'A', 41, '2023-07-02 16:26:05'),
(887, '6817188024', 'Kacy', 'Kévina', 'Thwaites', '屈', '076 Jay Road', '378-161-73', '918-155-56', 'kthwaitesom@w3.org', 'primo/prima', 'A', 19, '2023-07-02 16:26:05'),
(888, '9585365839', 'Ward', 'Cléopatre', 'Anstey', '钭', '0 Stuart Street', '252-705-07', '966-488-02', 'wansteyon@wp.com', 'cuñado/cuñada', 'A', 11, '2023-07-02 16:26:05'),
(889, '1020356626', 'Erna', 'Almérinda', 'Staynes', '颜', '1 Homewood Street', '114-348-12', '528-995-67', 'estaynesoo@harvard.edu', 'abuelo/a', 'A', 15, '2023-07-02 16:26:05'),
(890, '5783815330', 'Eberto', 'Cunégonde', 'Sime', '曹', '7737 Sutherland Parkway', '297-881-03', '295-789-08', 'esimeop@opensource.org', 'abuelo/a', 'A', 26, '2023-07-02 16:26:05'),
(891, '9058450031', 'Adda', 'Publicité', 'Johnstone', '劳', '6888 Anthes Plaza', '980-317-06', '842-334-00', 'ajohnstoneoq@fc2.com', 'madre/padre', 'I', 6, '2023-07-02 16:26:05'),
(892, '3111808181', 'Nahum', 'Mélinda', 'Whittek', '喻', '36 Trailsway Crossing', '759-198-64', '135-691-48', 'nwhittekor@shutterfly.com', 'hermano/a', 'A', 44, '2023-07-02 16:26:05'),
(893, '4691645403', 'Gaby', 'Séverine', 'Willimot', '夏', '89799 Fordem Trail', '598-702-87', '982-674-73', 'gwillimotos@newsvine.com', 'primo/prima', 'A', 26, '2023-07-02 16:26:05'),
(894, '5244692526', 'Grange', 'Gösta', 'Willison', '牧', '046 Esch Lane', '834-141-95', '119-591-94', 'gwillisonot@meetup.com', 'abuelo/a', 'A', 6, '2023-07-02 16:26:05'),
(895, '5335781815', 'Agnella', 'Maëlla', 'Andreazzi', '季', '01826 Luster Way', '566-191-90', '412-398-44', 'aandreazziou@behance.net', 'abuelo/a', 'I', 18, '2023-07-02 16:26:05'),
(896, '0242742610', 'Sam', 'Görel', 'Lensch', '伊', '85 Pawling Hill', '354-690-33', '657-660-04', 'slenschov@woothemes.com', 'madre/padre', 'I', 36, '2023-07-02 16:26:05'),
(897, '2850177237', 'Lloyd', 'Stéphanie', 'Lenz', '吕', '7324 Pond Center', '783-451-27', '528-662-87', 'llenzow@bluehost.com', 'madre/padre', 'A', 6, '2023-07-02 16:26:05'),
(898, '2184268534', 'Waiter', 'Noémie', 'Suddock', '滕', '11797 Randy Center', '228-595-37', '631-577-34', 'wsuddockox@pen.io', 'tio/a', 'I', 2, '2023-07-02 16:26:05'),
(899, '6879223249', 'Jefferson', 'Maïlys', 'Suckling', '宰', '03089 Harbort Place', '624-822-48', '293-469-20', 'jsucklingoy@vistaprint.com', 'madre/padre', 'I', 27, '2023-07-02 16:26:05'),
(900, '3266978846', 'Odilia', 'Åsa', 'Larvent', '龙', '5 Saint Paul Hill', '484-439-62', '839-993-46', 'olarventoz@diigo.com', 'madre/padre', 'A', 44, '2023-07-02 16:26:05'),
(901, '2686007311', 'Thornie', 'Cunégonde', 'Twitchett', '苍', '96 Rigney Way', '667-608-24', '686-333-54', 'ttwitchettp0@hostgator.com', 'cuñado/cuñada', 'I', 26, '2023-07-02 16:26:05'),
(902, '3372136861', 'Paule', 'Sélène', 'Cottisford', '邬', '83805 Raven Center', '318-187-85', '726-930-48', 'pcottisfordp1@freewebs.com', 'hermano/a', 'A', 8, '2023-07-02 16:26:05'),
(903, '1065697414', 'Marlie', 'Laurélie', 'Slade', '吴', '7 Morning Pass', '994-724-11', '752-981-87', 'msladep2@163.com', 'hermano/a', 'I', 21, '2023-07-02 16:26:05'),
(904, '9333865748', 'Nessi', 'Mégane', 'Danielsson', '左', '576 Pierstorff Road', '873-311-61', '704-562-08', 'ndanielssonp3@example.com', 'tio/a', 'I', 45, '2023-07-02 16:26:05'),
(905, '7732039793', 'Carolus', 'Bérangère', 'Pinkstone', '柴', '233 Gale Park', '597-459-23', '921-256-04', 'cpinkstonep4@rediff.com', 'tio/a', 'A', 42, '2023-07-02 16:26:05'),
(906, '1668694603', 'Sheeree', 'Vénus', 'Bampfield', '籍', '88 3rd Place', '342-642-64', '254-563-61', 'sbampfieldp5@hubpages.com', 'primo/prima', 'I', 23, '2023-07-02 16:26:05'),
(907, '1570896720', 'Arnold', 'Léonore', 'Spilstead', '蔺', '47 Oak Terrace', '836-425-39', '121-775-57', 'aspilsteadp6@infoseek.co.jp', 'hermano/a', 'A', 12, '2023-07-02 16:26:05'),
(908, '2225422710', 'Toinette', 'Marie-noël', 'MacClure', '东', '1 Garrison Hill', '601-212-44', '874-345-02', 'tmacclurep7@geocities.jp', 'tio/a', 'A', 45, '2023-07-02 16:26:05'),
(909, '3760461549', 'Eydie', 'Andréa', 'Wooderson', '秋', '389 Haas Drive', '818-853-98', '622-873-95', 'ewoodersonp8@flavors.me', 'madre/padre', 'A', 38, '2023-07-02 16:26:05'),
(910, '3730852582', 'Baryram', 'Cinéma', 'Klimentov', '勾', '454 Packers Pass', '918-519-61', '715-753-80', 'bklimentovp9@blinklist.com', 'abuelo/a', 'I', 21, '2023-07-02 16:26:05'),
(911, '4594918735', 'Othella', 'Geneviève', 'Creffield', '阳', '54 Bunker Hill Court', '691-248-17', '944-134-72', 'ocreffieldpa@chicagotribune.com', 'hermano/a', 'I', 18, '2023-07-02 16:26:05'),
(912, '9180332714', 'Monte', 'Maïlis', 'Allsepp', '和', '17638 Cambridge Crossing', '131-465-36', '380-373-98', 'mallsepppb@domainmarket.com', 'abuelo/a', 'A', 29, '2023-07-02 16:26:05'),
(913, '7141761659', 'Corina', 'Maïlis', 'Mussotti', '毋', '847 Westend Center', '733-961-59', '223-958-89', 'cmussottipc@examiner.com', 'hermano/a', 'I', 16, '2023-07-02 16:26:05'),
(914, '4577196980', 'Ryun', 'Andréanne', 'Hallad', '孟', '127 Anthes Terrace', '675-691-64', '809-577-99', 'rhalladpd@dell.com', 'cuñado/cuñada', 'A', 26, '2023-07-02 16:26:05'),
(915, '5021546074', 'Herby', 'Céline', 'Surridge', '阚', '69 Monument Crossing', '547-624-85', '323-974-40', 'hsurridgepe@goo.ne.jp', 'hermano/a', 'A', 2, '2023-07-02 16:26:05'),
(916, '0509348939', 'Willis', 'Erwéi', 'Affron', '韩', '2426 Arrowood Avenue', '353-945-68', '525-960-24', 'waffronpf@creativecommons.org', 'primo/prima', 'I', 34, '2023-07-02 16:26:05'),
(917, '0585329648', 'Rianon', 'Eléa', 'Pahlsson', '凤', '09 Walton Terrace', '217-162-47', '763-360-72', 'rpahlssonpg@newsvine.com', 'primo/prima', 'A', 30, '2023-07-02 16:26:05'),
(918, '1599714795', 'Tonye', 'Ruò', 'Aleixo', '隗', '73 Golden Leaf Trail', '792-364-59', '274-834-14', 'taleixoph@go.com', 'tio/a', 'A', 40, '2023-07-02 16:26:05'),
(919, '2924491347', 'Charil', 'Méline', 'Bestar', '符', '66827 Maple Lane', '526-696-39', '947-670-58', 'cbestarpi@php.net', 'tio/a', 'I', 18, '2023-07-02 16:26:05'),
(920, '5569429530', 'Daffi', 'Crééz', 'Mallaby', '沈', '773 6th Point', '646-894-61', '191-524-81', 'dmallabypj@unc.edu', 'hermano/a', 'A', 27, '2023-07-02 16:26:05'),
(921, '3795399467', 'Lindsay', 'Annotés', 'Empson', '纪', '71376 International Court', '857-414-65', '225-308-28', 'lempsonpk@unblog.fr', 'hermano/a', 'A', 17, '2023-07-02 16:26:05'),
(922, '5865636251', 'Claudetta', 'Angélique', 'Storrier', '应', '3000 Gina Crossing', '309-361-53', '953-530-91', 'cstorrierpl@accuweather.com', 'hermano/a', 'A', 19, '2023-07-02 16:26:05'),
(923, '5859237626', 'Laurence', 'Dà', 'Gorse', '强', '9 Grim Road', '848-685-30', '606-462-06', 'lgorsepm@chron.com', 'hermano/a', 'I', 41, '2023-07-02 16:26:05'),
(924, '7136366070', 'Pall', 'Anaëlle', 'Rooper', '狄', '91 Hudson Street', '709-970-08', '559-558-37', 'prooperpn@noaa.gov', 'abuelo/a', 'I', 25, '2023-07-02 16:26:05'),
(925, '8691229942', 'Merrielle', 'Yóu', 'Nineham', '孔', '8 Heath Terrace', '844-605-95', '516-646-18', 'mninehampo@theguardian.com', 'madre/padre', 'A', 32, '2023-07-02 16:26:05'),
(926, '2449085165', 'Freddi', 'Mélanie', 'Redwin', '束', '46222 Tennessee Street', '328-312-85', '113-420-01', 'fredwinpp@hatena.ne.jp', 'hermano/a', 'I', 17, '2023-07-02 16:26:05'),
(927, '5033070479', 'Iorgo', 'Laïla', 'Dawkes', '蒙', '257 Corscot Avenue', '675-389-99', '702-242-04', 'idawkespq@ucla.edu', 'cuñado/cuñada', 'A', 30, '2023-07-02 16:26:05'),
(928, '4327589772', 'Gerek', 'Yénora', 'Lillecrap', '姬', '7 1st Park', '925-203-69', '559-894-22', 'glillecrappr@whitehouse.gov', 'madre/padre', 'I', 27, '2023-07-02 16:26:05'),
(929, '9978185984', 'Caren', 'Kévina', 'Weeks', '虞', '62 Menomonie Lane', '528-556-28', '256-267-31', 'cweeksps@ameblo.jp', 'tio/a', 'I', 8, '2023-07-02 16:26:05'),
(930, '6585200616', 'Carole', 'Börje', 'Fedder', '邹', '763 Old Shore Junction', '383-784-03', '450-390-25', 'cfedderpt@pbs.org', 'hermano/a', 'I', 19, '2023-07-02 16:26:05'),
(931, '9535793314', 'Theodoric', 'Renée', 'de Keep', '钭', '37979 Hollow Ridge Hill', '997-725-86', '408-337-99', 'tdekeeppu@odnoklassniki.ru', 'hermano/a', 'I', 19, '2023-07-02 16:26:05'),
(932, '6016945544', 'Madison', 'Océanne', 'Dyche', '阎', '41955 Buena Vista Crossing', '397-237-76', '732-169-66', 'mdychepv@foxnews.com', 'abuelo/a', 'I', 44, '2023-07-02 16:26:05'),
(933, '1500227889', 'Carolee', 'Ophélie', 'Urvoy', '解', '0818 Canary Place', '674-452-95', '541-632-05', 'curvoypw@webs.com', 'tio/a', 'I', 28, '2023-07-02 16:26:05'),
(934, '3166674144', 'Jaquelyn', 'Eugénie', 'Blinckhorne', '翟', '33929 Village Hill', '237-318-57', '894-636-52', 'jblinckhornepx@sciencedirect.com', 'primo/prima', 'A', 37, '2023-07-02 16:26:05'),
(935, '0781028833', 'Etti', 'Néhémie', 'Murrthum', '霍', '352 Waubesa Junction', '204-443-32', '535-359-93', 'emurrthumpy@drupal.org', 'cuñado/cuñada', 'I', 12, '2023-07-02 16:26:05'),
(936, '1990899536', 'Joshia', 'Stévina', 'Hurrell', '郗', '130 Emmet Alley', '206-250-86', '213-416-75', 'jhurrellpz@mozilla.com', 'cuñado/cuñada', 'A', 37, '2023-07-02 16:26:05'),
(937, '1383569150', 'Jayme', 'Irène', 'Garraway', '国', '2570 Milwaukee Lane', '884-183-28', '709-910-74', 'jgarrawayq0@umn.edu', 'tio/a', 'A', 10, '2023-07-02 16:26:05'),
(938, '2729667075', 'Randee', 'Méng', 'Ashington', '索', '85356 Bay Road', '130-364-88', '665-696-74', 'rashingtonq1@digg.com', 'abuelo/a', 'A', 5, '2023-07-02 16:26:05'),
(939, '5297613663', 'Serena', 'Maéna', 'Hardiker', '常', '0 Grasskamp Avenue', '252-339-13', '956-513-65', 'shardikerq2@discuz.net', 'abuelo/a', 'I', 48, '2023-07-02 16:26:05'),
(940, '3793486109', 'Sindee', 'Pélagie', 'Mc Elory', '昌', '84150 Arizona Crossing', '541-348-83', '548-280-46', 'smceloryq3@weebly.com', 'madre/padre', 'I', 48, '2023-07-02 16:26:05'),
(941, '0492446873', 'Lacey', 'Östen', 'Greening', '容', '9541 Summerview Terrace', '953-613-09', '803-549-58', 'lgreeningq4@ycombinator.com', 'cuñado/cuñada', 'I', 13, '2023-07-02 16:26:05'),
(942, '6570104268', 'Laurette', 'Lài', 'Cantrell', '邢', '08415 Stephen Circle', '186-712-80', '341-801-18', 'lcantrellq5@issuu.com', 'madre/padre', 'I', 39, '2023-07-02 16:26:05'),
(943, '0275182819', 'Binnie', 'Lyséa', 'Neville', '农', '4 Mayer Drive', '622-853-14', '927-564-16', 'bnevilleq6@gravatar.com', 'madre/padre', 'A', 47, '2023-07-02 16:26:05'),
(944, '3044374227', 'Shaylynn', 'Méng', 'Amer', '冀', '92 Northridge Junction', '209-824-67', '481-687-47', 'samerq7@delicious.com', 'cuñado/cuñada', 'I', 28, '2023-07-02 16:26:05'),
(945, '3655700466', 'Patrick', 'Néhémie', 'Oldland', '明', '0790 Sunbrook Trail', '815-544-51', '603-328-96', 'poldlandq8@dot.gov', 'hermano/a', 'I', 14, '2023-07-02 16:26:05'),
(946, '2700390938', 'Kate', 'Maéna', 'Swansborough', '潘', '16 Leroy Circle', '912-959-89', '807-738-26', 'kswansboroughq9@discovery.com', 'tio/a', 'I', 9, '2023-07-02 16:26:05'),
(947, '7681261710', 'Avery', 'Táng', 'Rable', '石', '89980 Linden Alley', '406-371-85', '452-873-85', 'arableqa@amazonaws.com', 'madre/padre', 'A', 43, '2023-07-02 16:26:05'),
(948, '1750888866', 'Jewelle', 'Chloé', 'Gedge', '柳', '84 Johnson Point', '116-993-92', '954-735-99', 'jgedgeqb@shutterfly.com', 'madre/padre', 'A', 43, '2023-07-02 16:26:05'),
(949, '1290776040', 'Jessee', 'Valérie', 'McReynold', '赖', '471 Grasskamp Circle', '411-545-94', '774-310-72', 'jmcreynoldqc@e-recht24.de', 'hermano/a', 'A', 22, '2023-07-02 16:26:05'),
(950, '9245596362', 'Gorden', 'Rachèle', 'Hatherall', '蓬', '45474 Forest Terrace', '415-352-95', '388-608-24', 'ghatherallqd@networksolutions.com', 'cuñado/cuñada', 'I', 21, '2023-07-02 16:26:05'),
(951, '4142873644', 'Isidor', 'Maëlys', 'Peverell', '米', '92092 Pawling Way', '517-469-53', '721-497-26', 'ipeverellqe@mapy.cz', 'cuñado/cuñada', 'A', 40, '2023-07-02 16:26:05'),
(952, '1000870499', 'Jozef', 'Wá', 'McComas', '毕', '261 Del Mar Pass', '214-400-89', '327-884-68', 'jmccomasqf@php.net', 'cuñado/cuñada', 'I', 15, '2023-07-02 16:26:05'),
(953, '7809001299', 'Clarice', 'Lorène', 'Ost', '连', '295 Fallview Point', '248-489-59', '167-336-41', 'costqg@mac.com', 'primo/prima', 'I', 35, '2023-07-02 16:26:05'),
(954, '6621450494', 'Ekaterina', 'Naéva', 'Harbach', '匡', '58 Mifflin Avenue', '405-981-78', '422-226-07', 'eharbachqh@msu.edu', 'madre/padre', 'I', 35, '2023-07-02 16:26:05'),
(955, '3748067690', 'Forrest', 'Séréna', 'Denidge', '傅', '62 Rutledge Circle', '423-819-70', '133-346-82', 'fdenidgeqi@last.fm', 'madre/padre', 'A', 43, '2023-07-02 16:26:05'),
(956, '9535069233', 'Tabina', 'Laurène', 'O\'Reilly', '甄', '47 Jay Way', '757-142-64', '189-226-45', 'toreillyqj@feedburner.com', 'abuelo/a', 'I', 45, '2023-07-02 16:26:05'),
(957, '9277888946', 'Moishe', 'Maïly', 'Hearne', '鱼', '0 Kim Park', '460-126-92', '718-884-51', 'mhearneqk@smh.com.au', 'tio/a', 'I', 23, '2023-07-02 16:26:05'),
(958, '6300305554', 'Clevie', 'Chloé', 'Calcut', '夔', '09 Spenser Pass', '755-613-94', '470-455-41', 'ccalcutql@nytimes.com', 'abuelo/a', 'A', 12, '2023-07-02 16:26:05'),
(959, '0824942701', 'Faustine', 'Frédérique', 'Bridle', '姜', '89407 Quincy Crossing', '511-990-14', '101-256-43', 'fbridleqm@loc.gov', 'abuelo/a', 'A', 38, '2023-07-02 16:26:05'),
(960, '0375220232', 'Wendeline', 'Marie-noël', 'McFayden', '闻', '0505 High Crossing Alley', '945-868-33', '418-674-19', 'wmcfaydenqn@psu.edu', 'primo/prima', 'I', 4, '2023-07-02 16:26:05'),
(961, '0724400869', 'Carlotta', 'Noëlla', 'Bransgrove', '寿', '75 Glacier Hill Road', '991-903-65', '877-305-45', 'cbransgroveqo@businessinsider.com', 'madre/padre', 'I', 23, '2023-07-02 16:26:05'),
(962, '1582048398', 'Shellysheldon', 'Marie-ève', 'Mollon', '饶', '77402 Florence Alley', '975-113-93', '748-953-05', 'smollonqp@cyberchimps.com', 'primo/prima', 'A', 21, '2023-07-02 16:26:05'),
(963, '1965842690', 'Allistir', 'Maïly', 'Tellett', '广', '259 Hayes Junction', '482-599-19', '885-413-80', 'atellettqq@1688.com', 'primo/prima', 'I', 24, '2023-07-02 16:26:05'),
(964, '1686017928', 'Wat', 'Annotés', 'Haddrell', '滑', '15892 Springs Hill', '267-868-08', '650-835-00', 'whaddrellqr@unblog.fr', 'tio/a', 'I', 48, '2023-07-02 16:26:05'),
(965, '6832115288', 'Rogerio', 'Zhì', 'Garrison', '郁', '5719 Northwestern Plaza', '503-924-99', '407-702-07', 'rgarrisonqs@nbcnews.com', 'tio/a', 'A', 45, '2023-07-02 16:26:05'),
(966, '2714341888', 'Braden', 'Nélie', 'Crossgrove', '单', '521 Spenser Way', '753-617-72', '733-243-10', 'bcrossgroveqt@dot.gov', 'cuñado/cuñada', 'I', 43, '2023-07-02 16:26:05'),
(967, '6623023380', 'Lisabeth', 'Marie-thérèse', 'Howchin', '鲁', '01117 Tennessee Avenue', '640-373-97', '534-429-37', 'lhowchinqu@eventbrite.com', 'primo/prima', 'I', 25, '2023-07-02 16:26:05'),
(968, '6193572864', 'Bryn', 'Océane', 'Lithgow', '黎', '7367 Schmedeman Center', '719-263-06', '317-629-03', 'blithgowqv@reddit.com', 'madre/padre', 'A', 33, '2023-07-02 16:26:05'),
(969, '0062122924', 'Mathian', 'Intéressant', 'Doyle', '蒯', '197 Kenwood Place', '781-807-82', '435-236-36', 'mdoyleqw@trellian.com', 'madre/padre', 'I', 30, '2023-07-02 16:26:05'),
(970, '8751787393', 'Ricardo', 'Yáo', 'Zettler', '潘', '092 Straubel Junction', '495-611-38', '207-344-03', 'rzettlerqx@microsoft.com', 'tio/a', 'A', 20, '2023-07-02 16:26:05'),
(971, '9163516667', 'Reeva', 'Eugénie', 'Haigh', '文', '9272 Mandrake Road', '209-140-47', '293-224-81', 'rhaighqy@jiathis.com', 'abuelo/a', 'A', 41, '2023-07-02 16:26:05'),
(972, '5007082414', 'Tildie', 'Célia', 'Laight', '闵', '17195 Loomis Avenue', '877-579-21', '803-290-12', 'tlaightqz@nba.com', 'cuñado/cuñada', 'I', 4, '2023-07-02 16:26:05'),
(973, '0427958474', 'Benedicto', 'Annotés', 'Warcup', '林', '40 Meadow Valley Avenue', '209-375-81', '843-863-85', 'bwarcupr0@unesco.org', 'tio/a', 'I', 22, '2023-07-02 16:26:05'),
(974, '8008583185', 'Aldous', 'Göran', 'Laneham', '乐', '64 Pond Point', '483-684-71', '509-679-03', 'alanehamr1@simplemachines.org', 'cuñado/cuñada', 'I', 2, '2023-07-02 16:26:05'),
(975, '5921663263', 'Ediva', 'Loïca', 'Wilding', '勾', '2788 Shoshone Avenue', '227-664-49', '890-151-54', 'ewildingr2@msu.edu', 'madre/padre', 'I', 17, '2023-07-02 16:26:05'),
(976, '7706260313', 'Peggie', 'Yú', 'Sarsfield', '俞', '787 Birchwood Hill', '115-161-15', '721-674-14', 'psarsfieldr3@blogspot.com', 'madre/padre', 'I', 40, '2023-07-02 16:26:05'),
(977, '6870370397', 'Boycie', 'Gwenaëlle', 'Redwall', '刘', '01001 Melby Street', '156-570-40', '388-704-49', 'bredwallr4@deviantart.com', 'cuñado/cuñada', 'A', 23, '2023-07-02 16:26:05'),
(978, '7831658912', 'Brad', 'Táng', 'Jobbins', '乔', '77 Kenwood Circle', '925-742-05', '268-757-72', 'bjobbinsr5@adobe.com', 'madre/padre', 'A', 33, '2023-07-02 16:26:05'),
(979, '9114243946', 'Adora', 'Pò', 'Middup', '莘', '46 Delaware Crossing', '454-762-75', '913-669-62', 'amiddupr6@amazon.co.uk', 'hermano/a', 'A', 45, '2023-07-02 16:26:05'),
(980, '5118505526', 'Harbert', 'Kévina', 'Cockton', '谈', '91842 Knutson Pass', '900-808-31', '216-481-15', 'hcocktonr7@weebly.com', 'hermano/a', 'I', 18, '2023-07-02 16:26:05'),
(981, '9759447096', 'Matthus', 'Annotée', 'Cussen', '曹', '79 Maple Wood Point', '919-534-21', '401-998-26', 'mcussenr8@google.co.jp', 'primo/prima', 'I', 31, '2023-07-02 16:26:05'),
(982, '6221677580', 'Greggory', 'Camélia', 'Indgs', '阚', '00236 Algoma Park', '782-251-58', '413-641-76', 'gindgsr9@amazon.de', 'cuñado/cuñada', 'A', 48, '2023-07-02 16:26:05'),
(983, '2905790938', 'Laurence', 'Maïwenn', 'Illsley', '虞', '65 Springs Park', '892-409-74', '823-473-43', 'lillsleyra@berkeley.edu', 'madre/padre', 'A', 31, '2023-07-02 16:26:05'),
(984, '9107656912', 'Buddy', 'Gaétane', 'Chipp', '罗', '74 Thompson Pass', '346-253-12', '580-261-89', 'bchipprb@slashdot.org', 'abuelo/a', 'A', 30, '2023-07-02 16:26:05'),
(985, '3189269173', 'Caesar', 'Léone', 'Mathias', '侯', '486 Stone Corner Avenue', '775-939-57', '420-677-77', 'cmathiasrc@msu.edu', 'abuelo/a', 'I', 33, '2023-07-02 16:26:05'),
(986, '2867761123', 'Robbi', 'Marie-thérèse', 'Hardbattle', '僪', '749 Kinsman Parkway', '447-375-72', '878-148-50', 'rhardbattlerd@ask.com', 'tio/a', 'A', 19, '2023-07-02 16:26:05'),
(987, '2099258147', 'Dahlia', 'Nadège', 'Jeffcoat', '却', '71813 Tony Hill', '802-390-13', '137-810-85', 'djeffcoatre@naver.com', 'cuñado/cuñada', 'A', 6, '2023-07-02 16:26:05'),
(988, '7447003913', 'Conrad', 'Naëlle', 'Linebarger', '凤', '859 Green Ridge Terrace', '215-603-17', '158-760-67', 'clinebargerrf@sciencedaily.com', 'madre/padre', 'I', 11, '2023-07-02 16:26:05'),
(989, '8362065125', 'Clarey', 'Mà', 'Graffin', '凌', '27 Fisk Trail', '413-434-78', '614-764-40', 'cgraffinrg@wiley.com', 'primo/prima', 'A', 48, '2023-07-02 16:26:05'),
(990, '8861609279', 'Ely', 'Edmée', 'Ruggier', '裘', '03 John Wall Road', '525-130-96', '737-781-00', 'eruggierrh@google.ru', 'cuñado/cuñada', 'I', 25, '2023-07-02 16:26:05'),
(991, '0006964176', 'Hildagarde', 'Clémentine', 'Nurdin', '宣', '8163 Westend Place', '233-265-04', '373-374-75', 'hnurdinri@go.com', 'cuñado/cuñada', 'I', 22, '2023-07-02 16:26:05'),
(992, '3346735338', 'Astrix', 'Bénédicte', 'Sacaze', '越', '77 Sunnyside Avenue', '113-634-72', '202-264-09', 'asacazerj@uol.com.br', 'tio/a', 'I', 35, '2023-07-02 16:26:05'),
(993, '8774523058', 'Rosalind', 'Lauréna', 'MacCaughey', '凌', '93226 Mayer Road', '948-773-02', '902-215-98', 'rmaccaugheyrk@weather.com', 'tio/a', 'I', 16, '2023-07-02 16:26:05'),
(994, '8009943177', 'Nichols', 'Célestine', 'Itzkovici', '瞿', '00 Mandrake Pass', '206-768-96', '443-631-83', 'nitzkovicirl@lycos.com', 'abuelo/a', 'A', 10, '2023-07-02 16:26:05'),
(995, '8138573147', 'Maurise', 'Dorothée', 'Buckell', '狄', '947 Dapin Street', '789-357-75', '616-627-07', 'mbuckellrm@chicagotribune.com', 'abuelo/a', 'I', 32, '2023-07-02 16:26:05'),
(996, '1685052045', 'Molly', 'Clémentine', 'Nutley', '伍', '92481 Old Gate Street', '315-580-03', '438-826-06', 'mnutleyrn@ihg.com', 'hermano/a', 'A', 41, '2023-07-02 16:26:05'),
(997, '4229691335', 'Vasilis', 'Léandre', 'Newlove', '桂', '9 Sunnyside Parkway', '475-860-81', '273-115-83', 'vnewlovero@cdc.gov', 'primo/prima', 'I', 22, '2023-07-02 16:26:05'),
(998, '7050927988', 'Evangelia', 'Publicité', 'Platts', '唐', '5061 Raven Parkway', '491-297-60', '957-592-05', 'eplattsrp@storify.com', 'primo/prima', 'A', 33, '2023-07-02 16:26:05'),
(999, '3038917885', 'Claiborn', 'Réservés', 'Waith', '尚', '463 Village Hill', '993-909-58', '835-395-27', 'cwaithrq@wufoo.com', 'abuelo/a', 'A', 20, '2023-07-02 16:26:05'),
(1000, '5519997349', 'Rollo', 'Marie-noël', 'Davidovits', '章', '6976 Kennedy Road', '561-288-34', '197-773-25', 'rdavidovitsrr@telegraph.co.uk', 'abuelo/a', 'I', 3, '2023-07-02 16:26:05');

-- --------------------------------------------------------

--
-- Estructura de tabla para la tabla `usuario`
--

CREATE TABLE `usuario` (
  `USR_ID` int(11) NOT NULL,
  `USR_DNI` varchar(10) NOT NULL,
  `USR_NOM` varchar(30) NOT NULL,
  `USR_NOM2` varchar(30) NOT NULL,
  `USR_APE` varchar(30) NOT NULL,
  `USR_APE2` varchar(30) NOT NULL,
  `USR_TEL` varchar(15) NOT NULL,
  `USR_MAIL` varchar(30) NOT NULL,
  `USR` varchar(20) NOT NULL,
  `USR_PSWD` varchar(50) NOT NULL,
  `USR_ESTADO` char(1) NOT NULL CHECK (`USR_ESTADO` in ('A','I')),
  `USR_TIPO` char(1) NOT NULL CHECK (`USR_TIPO` in ('A','R','P')),
  `FECHA_CREACION` datetime NOT NULL DEFAULT current_timestamp()
) ENGINE=InnoDB DEFAULT CHARSET=utf8mb4 COLLATE=utf8mb4_general_ci;

--
-- Volcado de datos para la tabla `usuario`
--

INSERT INTO `usuario` (`USR_ID`, `USR_DNI`, `USR_NOM`, `USR_NOM2`, `USR_APE`, `USR_APE2`, `USR_TEL`, `USR_MAIL`, `USR`, `USR_PSWD`, `USR_ESTADO`, `USR_TIPO`, `FECHA_CREACION`) VALUES
(1, '1861352263', 'test', 'test2', 'ape', 'ape2', '', '', 'administrador', 'U2FsdGVkX19rmx61IE0cKIV9E3uVpVR4wMotKWfHMgE=', 'A', 'A', '2023-07-02 16:25:10'),
(2, '2166877664', '', '', '', '', '', '', 'administrador1', 'U2FsdGVkX19rmx61IE0cKIV9E3uVpVR4wMotKWfHMgE=', 'A', 'P', '2023-07-02 16:25:10'),
(3, '2055900374', '', '', '', '', '', '', 'administrador2', 'U2FsdGVkX19rmx61IE0cKIV9E3uVpVR4wMotKWfHMgE=', 'A', 'R', '2023-07-02 16:25:10'),
(4, '9594233400', '', '', '', '', '', '', 'fharbron3', 'U2FsdGVkX19rmx61IE0cKIV9E3uVpVR4wMotKWfHMgE=', 'I', 'A', '2023-07-02 16:25:10'),
(5, '5261030463', '', '', '', '', '', '', 'rosband4', 'U2FsdGVkX19rmx61IE0cKIV9E3uVpVR4wMotKWfHMgE=', 'A', 'P', '2023-07-02 16:25:10'),
(6, '4480938648', '', '', '', '', '', '', 'mmackerel5', 'U2FsdGVkX19rmx61IE0cKIV9E3uVpVR4wMotKWfHMgE=', 'I', 'P', '2023-07-02 16:25:10'),
(7, '1695431073', '', '', '', '', '', '', 'kcuseick6', 'U2FsdGVkX19rmx61IE0cKIV9E3uVpVR4wMotKWfHMgE=', 'A', 'A', '2023-07-02 16:25:10'),
(8, '7749972994', '', '', '', '', '', '', 'mfeldbaum7', 'U2FsdGVkX19rmx61IE0cKIV9E3uVpVR4wMotKWfHMgE=', 'A', 'A', '2023-07-02 16:25:10'),
(9, '5769836261', '', '', '', '', '', '', 'atowsie8', 'U2FsdGVkX19rmx61IE0cKIV9E3uVpVR4wMotKWfHMgE=', 'I', 'P', '2023-07-02 16:25:10'),
(10, '7025846147', '', '', '', '', '', '', 'ikrolak9', 'U2FsdGVkX19rmx61IE0cKIV9E3uVpVR4wMotKWfHMgE=', 'I', 'P', '2023-07-02 16:25:10'),
(11, '8452710623', '', '', '', '', '', '', 'kjeffcocka', 'U2FsdGVkX19rmx61IE0cKIV9E3uVpVR4wMotKWfHMgE=', 'I', 'A', '2023-07-02 16:25:10'),
(12, '6506097280', '', '', '', '', '', '', 'ckonigb', 'U2FsdGVkX19rmx61IE0cKIV9E3uVpVR4wMotKWfHMgE=', 'I', 'A', '2023-07-02 16:25:10'),
(13, '9409625440', '', '', '', '', '', '', 'jbiddellc', 'U2FsdGVkX19rmx61IE0cKIV9E3uVpVR4wMotKWfHMgE=', 'I', 'P', '2023-07-02 16:25:10'),
(14, '4317074842', '', '', '', '', '', '', 'rcorryerd', 'U2FsdGVkX19rmx61IE0cKIV9E3uVpVR4wMotKWfHMgE=', 'I', 'A', '2023-07-02 16:25:10'),
(15, '0086818384', '', '', '', '', '', '', 'mtownende', 'U2FsdGVkX19rmx61IE0cKIV9E3uVpVR4wMotKWfHMgE=', 'A', 'A', '2023-07-02 16:25:10'),
(16, '5394121281', '', '', '', '', '', '', 'rwindousf', 'U2FsdGVkX19rmx61IE0cKIV9E3uVpVR4wMotKWfHMgE=', 'I', 'P', '2023-07-02 16:25:10'),
(17, '0215954009', '', '', '', '', '', '', 'fjankiewic', 'U2FsdGVkX19rmx61IE0cKIV9E3uVpVR4wMotKWfHMgE=', 'I', 'P', '2023-07-02 16:25:10'),
(18, '4871179877', '', '', '', '', '', '', 'jrobeconh', 'U2FsdGVkX19rmx61IE0cKIV9E3uVpVR4wMotKWfHMgE=', 'A', 'A', '2023-07-02 16:25:10'),
(19, '9755880240', '', '', '', '', '', '', 'lgreimi', 'U2FsdGVkX19rmx61IE0cKIV9E3uVpVR4wMotKWfHMgE=', 'I', 'A', '2023-07-02 16:25:10'),
(20, '8668364855', '', '', '', '', '', '', 'kkemwallj', 'U2FsdGVkX19rmx61IE0cKIV9E3uVpVR4wMotKWfHMgE=', 'A', 'A', '2023-07-02 16:25:10'),
(21, '4374971157', '', '', '', '', '', '', 'jlaxtonnek', 'U2FsdGVkX19rmx61IE0cKIV9E3uVpVR4wMotKWfHMgE=', 'A', 'A', '2023-07-02 16:25:10'),
(22, '7526763880', '', '', '', '', '', '', 'jsleitel', 'U2FsdGVkX19rmx61IE0cKIV9E3uVpVR4wMotKWfHMgE=', 'I', 'A', '2023-07-02 16:25:10'),
(23, '9027874263', '', '', '', '', '', '', 'dolivellim', 'U2FsdGVkX19rmx61IE0cKIV9E3uVpVR4wMotKWfHMgE=', 'A', 'P', '2023-07-02 16:25:10'),
(24, '8198262911', '', '', '', '', '', '', 'ddietzn', 'U2FsdGVkX19rmx61IE0cKIV9E3uVpVR4wMotKWfHMgE=', 'I', 'P', '2023-07-02 16:25:10'),
(25, '3348174570', '', '', '', '', '', '', 'seddyo', 'U2FsdGVkX19rmx61IE0cKIV9E3uVpVR4wMotKWfHMgE=', 'A', 'A', '2023-07-02 16:25:10'),
(26, '9146116702', '', '', '', '', '', '', 'dtaggp', 'U2FsdGVkX19rmx61IE0cKIV9E3uVpVR4wMotKWfHMgE=', 'A', 'P', '2023-07-02 16:25:10'),
(27, '1528105249', '', '', '', '', '', '', 'egutcherq', 'U2FsdGVkX19rmx61IE0cKIV9E3uVpVR4wMotKWfHMgE=', 'A', 'A', '2023-07-02 16:25:10'),
(28, '2267443791', '', '', '', '', '', '', 'mmewburnr', 'U2FsdGVkX19rmx61IE0cKIV9E3uVpVR4wMotKWfHMgE=', 'A', 'P', '2023-07-02 16:25:10'),
(29, '6362119193', '', '', '', '', '', '', 'mcrispes', 'U2FsdGVkX19rmx61IE0cKIV9E3uVpVR4wMotKWfHMgE=', 'I', 'P', '2023-07-02 16:25:10'),
(30, '8387157899', '', '', '', '', '', '', 'jbourdast', 'U2FsdGVkX19rmx61IE0cKIV9E3uVpVR4wMotKWfHMgE=', 'A', 'P', '2023-07-02 16:25:10'),
(31, '6795528952', '', '', '', '', '', '', 'orufu', 'U2FsdGVkX19rmx61IE0cKIV9E3uVpVR4wMotKWfHMgE=', 'A', 'A', '2023-07-02 16:25:10'),
(32, '7082006063', '', '', '', '', '', '', 'wdickenv', 'U2FsdGVkX19rmx61IE0cKIV9E3uVpVR4wMotKWfHMgE=', 'I', 'P', '2023-07-02 16:25:10'),
(33, '5254792884', '', '', '', '', '', '', 'mvestw', 'U2FsdGVkX19rmx61IE0cKIV9E3uVpVR4wMotKWfHMgE=', 'A', 'P', '2023-07-02 16:25:10'),
(34, '3434528695', '', '', '', '', '', '', 'mdionisx', 'U2FsdGVkX19rmx61IE0cKIV9E3uVpVR4wMotKWfHMgE=', 'A', 'P', '2023-07-02 16:25:10'),
(35, '5760997122', '', '', '', '', '', '', 'cduforey', 'U2FsdGVkX19rmx61IE0cKIV9E3uVpVR4wMotKWfHMgE=', 'A', 'A', '2023-07-02 16:25:10'),
(36, '9622746918', '', '', '', '', '', '', 'shuebnerz', 'U2FsdGVkX19rmx61IE0cKIV9E3uVpVR4wMotKWfHMgE=', 'I', 'P', '2023-07-02 16:25:10'),
(37, '2126559319', '', '', '', '', '', '', 'ttruse10', 'U2FsdGVkX19rmx61IE0cKIV9E3uVpVR4wMotKWfHMgE=', 'I', 'P', '2023-07-02 16:25:10'),
(38, '8160461623', '', '', '', '', '', '', 'afendley11', 'U2FsdGVkX19rmx61IE0cKIV9E3uVpVR4wMotKWfHMgE=', 'A', 'P', '2023-07-02 16:25:10'),
(39, '4526527904', '', '', '', '', '', '', 'ovenes12', 'U2FsdGVkX19rmx61IE0cKIV9E3uVpVR4wMotKWfHMgE=', 'I', 'A', '2023-07-02 16:25:10'),
(40, '6845351589', '', '', '', '', '', '', 'ochamberle', 'U2FsdGVkX19rmx61IE0cKIV9E3uVpVR4wMotKWfHMgE=', 'I', 'P', '2023-07-02 16:25:10'),
(41, '4224771578', '', '', '', '', '', '', 'manthoney1', 'U2FsdGVkX19rmx61IE0cKIV9E3uVpVR4wMotKWfHMgE=', 'I', 'A', '2023-07-02 16:25:10'),
(42, '4972766697', '', '', '', '', '', '', 'geggleson1', 'U2FsdGVkX19rmx61IE0cKIV9E3uVpVR4wMotKWfHMgE=', 'A', 'A', '2023-07-02 16:25:10'),
(43, '5946499106', '', '', '', '', '', '', 'rohartnedy', 'U2FsdGVkX19rmx61IE0cKIV9E3uVpVR4wMotKWfHMgE=', 'I', 'A', '2023-07-02 16:25:10'),
(44, '6096411908', '', '', '', '', '', '', 'rrandles17', 'U2FsdGVkX19rmx61IE0cKIV9E3uVpVR4wMotKWfHMgE=', 'A', 'A', '2023-07-02 16:25:10'),
(45, '4636279883', '', '', '', '', '', '', 'felleswort', 'U2FsdGVkX19rmx61IE0cKIV9E3uVpVR4wMotKWfHMgE=', 'A', 'P', '2023-07-02 16:25:10'),
(46, '6513843308', '', '', '', '', '', '', 'wkelf19', 'U2FsdGVkX19rmx61IE0cKIV9E3uVpVR4wMotKWfHMgE=', 'A', 'P', '2023-07-02 16:25:10'),
(47, '1799199258', '', '', '', '', '', '', 'gleconte1a', 'U2FsdGVkX19rmx61IE0cKIV9E3uVpVR4wMotKWfHMgE=', 'A', 'P', '2023-07-02 16:25:10'),
(48, '3936946582', '', '', '', '', '', '', 'nspencer1b', 'U2FsdGVkX19rmx61IE0cKIV9E3uVpVR4wMotKWfHMgE=', 'I', 'P', '2023-07-02 16:25:10'),
(49, '7592077140', '', '', '', '', '', '', 'acogzell1c', 'U2FsdGVkX19rmx61IE0cKIV9E3uVpVR4wMotKWfHMgE=', 'I', 'P', '2023-07-02 16:25:10'),
(50, '8534853924', '', '', '', '', '', '', 'galessandr', 'U2FsdGVkX19rmx61IE0cKIV9E3uVpVR4wMotKWfHMgE=', 'A', 'P', '2023-07-02 16:25:10'),
(51, '5591109217', '', '', '', '', '', '', 'lelphick1e', 'U2FsdGVkX19rmx61IE0cKIV9E3uVpVR4wMotKWfHMgE=', 'I', 'P', '2023-07-02 16:25:10'),
(52, '2040646434', '', '', '', '', '', '', 'kmincini1f', 'U2FsdGVkX19rmx61IE0cKIV9E3uVpVR4wMotKWfHMgE=', 'I', 'A', '2023-07-02 16:25:10'),
(53, '0834234343', '', '', '', '', '', '', 'zgillbey1g', 'U2FsdGVkX19rmx61IE0cKIV9E3uVpVR4wMotKWfHMgE=', 'A', 'P', '2023-07-02 16:25:10'),
(54, '7290876601', '', '', '', '', '', '', 'tsmitheman', 'U2FsdGVkX19rmx61IE0cKIV9E3uVpVR4wMotKWfHMgE=', 'I', 'P', '2023-07-02 16:25:10'),
(55, '5006599510', '', '', '', '', '', '', 'ceastmead1', 'U2FsdGVkX19rmx61IE0cKIV9E3uVpVR4wMotKWfHMgE=', 'A', 'P', '2023-07-02 16:25:10'),
(56, '7202165295', '', '', '', '', '', '', 'aklainman1', 'U2FsdGVkX19rmx61IE0cKIV9E3uVpVR4wMotKWfHMgE=', 'A', 'A', '2023-07-02 16:25:10'),
(57, '2824292849', '', '', '', '', '', '', 'ebetteridg', 'U2FsdGVkX19rmx61IE0cKIV9E3uVpVR4wMotKWfHMgE=', 'A', 'A', '2023-07-02 16:25:10'),
(58, '1077624115', '', '', '', '', '', '', 'jarboine1l', 'U2FsdGVkX19rmx61IE0cKIV9E3uVpVR4wMotKWfHMgE=', 'I', 'P', '2023-07-02 16:25:10'),
(59, '9158749128', '', '', '', '', '', '', 'nkeough1m', 'U2FsdGVkX19rmx61IE0cKIV9E3uVpVR4wMotKWfHMgE=', 'I', 'P', '2023-07-02 16:25:10'),
(60, '2874340324', '', '', '', '', '', '', 'galf1n', 'U2FsdGVkX19rmx61IE0cKIV9E3uVpVR4wMotKWfHMgE=', 'I', 'P', '2023-07-02 16:25:10'),
(61, '5155476348', '', '', '', '', '', '', 'lconre1o', 'U2FsdGVkX19rmx61IE0cKIV9E3uVpVR4wMotKWfHMgE=', 'A', 'P', '2023-07-02 16:25:10'),
(62, '4948065854', '', '', '', '', '', '', 'spenkethma', 'U2FsdGVkX19rmx61IE0cKIV9E3uVpVR4wMotKWfHMgE=', 'I', 'A', '2023-07-02 16:25:10'),
(63, '9686639179', '', '', '', '', '', '', 'kcorlett1q', 'U2FsdGVkX19rmx61IE0cKIV9E3uVpVR4wMotKWfHMgE=', 'A', 'A', '2023-07-02 16:25:10'),
(64, '8284958376', '', '', '', '', '', '', 'hingamells', 'U2FsdGVkX19rmx61IE0cKIV9E3uVpVR4wMotKWfHMgE=', 'I', 'P', '2023-07-02 16:25:10'),
(65, '9362473143', '', '', '', '', '', '', 'ctincknell', 'U2FsdGVkX19rmx61IE0cKIV9E3uVpVR4wMotKWfHMgE=', 'I', 'A', '2023-07-02 16:25:10'),
(66, '2853858014', '', '', '', '', '', '', 'smatejic1t', 'U2FsdGVkX19rmx61IE0cKIV9E3uVpVR4wMotKWfHMgE=', 'A', 'A', '2023-07-02 16:25:10'),
(67, '3836660156', '', '', '', '', '', '', 'gbeebe1u', 'U2FsdGVkX19rmx61IE0cKIV9E3uVpVR4wMotKWfHMgE=', 'I', 'P', '2023-07-02 16:25:10'),
(68, '7007324258', '', '', '', '', '', '', 'hwindows1v', 'U2FsdGVkX19rmx61IE0cKIV9E3uVpVR4wMotKWfHMgE=', 'I', 'A', '2023-07-02 16:25:10'),
(69, '7105605421', '', '', '', '', '', '', 'apudsey1w', 'U2FsdGVkX19rmx61IE0cKIV9E3uVpVR4wMotKWfHMgE=', 'I', 'P', '2023-07-02 16:25:10'),
(70, '1064421636', '', '', '', '', '', '', 'kklimentye', 'U2FsdGVkX19rmx61IE0cKIV9E3uVpVR4wMotKWfHMgE=', 'I', 'A', '2023-07-02 16:25:10'),
(71, '0396308422', '', '', '', '', '', '', 'amoughton1', 'U2FsdGVkX19rmx61IE0cKIV9E3uVpVR4wMotKWfHMgE=', 'A', 'P', '2023-07-02 16:25:10'),
(72, '9637968075', '', '', '', '', '', '', 'lmurrells1', 'U2FsdGVkX19rmx61IE0cKIV9E3uVpVR4wMotKWfHMgE=', 'A', 'A', '2023-07-02 16:25:10'),
(73, '6759486706', '', '', '', '', '', '', 'cvanzon20', 'U2FsdGVkX19rmx61IE0cKIV9E3uVpVR4wMotKWfHMgE=', 'I', 'A', '2023-07-02 16:25:10'),
(74, '7368381974', '', '', '', '', '', '', 'darundel21', 'U2FsdGVkX19rmx61IE0cKIV9E3uVpVR4wMotKWfHMgE=', 'A', 'P', '2023-07-02 16:25:10'),
(75, '3259806318', '', '', '', '', '', '', 'pcorker22', 'U2FsdGVkX19rmx61IE0cKIV9E3uVpVR4wMotKWfHMgE=', 'A', 'P', '2023-07-02 16:25:10'),
(76, '1924830493', '', '', '', '', '', '', 'bkoubek23', 'U2FsdGVkX19rmx61IE0cKIV9E3uVpVR4wMotKWfHMgE=', 'A', 'A', '2023-07-02 16:25:10'),
(77, '8339140809', '', '', '', '', '', '', 'edeclercq2', 'U2FsdGVkX19rmx61IE0cKIV9E3uVpVR4wMotKWfHMgE=', 'I', 'P', '2023-07-02 16:25:10'),
(78, '3985498873', '', '', '', '', '', '', 'yeveleigh2', 'U2FsdGVkX19rmx61IE0cKIV9E3uVpVR4wMotKWfHMgE=', 'I', 'P', '2023-07-02 16:25:10'),
(79, '0721288162', '', '', '', '', '', '', 'kvinecombe', 'U2FsdGVkX19rmx61IE0cKIV9E3uVpVR4wMotKWfHMgE=', 'A', 'P', '2023-07-02 16:25:10'),
(80, '0625193784', '', '', '', '', '', '', 'sshaylor27', 'U2FsdGVkX19rmx61IE0cKIV9E3uVpVR4wMotKWfHMgE=', 'I', 'A', '2023-07-02 16:25:10'),
(81, '0365563994', '', '', '', '', '', '', 'rpencot28', 'U2FsdGVkX19rmx61IE0cKIV9E3uVpVR4wMotKWfHMgE=', 'A', 'A', '2023-07-02 16:25:10'),
(82, '7824702022', '', '', '', '', '', '', 'jedmondson', 'U2FsdGVkX19rmx61IE0cKIV9E3uVpVR4wMotKWfHMgE=', 'A', 'A', '2023-07-02 16:25:10'),
(83, '9447109667', '', '', '', '', '', '', 'cpickle2a', 'U2FsdGVkX19rmx61IE0cKIV9E3uVpVR4wMotKWfHMgE=', 'I', 'A', '2023-07-02 16:25:10'),
(84, '0912928913', '', '', '', '', '', '', 'ejosselsoh', 'U2FsdGVkX19rmx61IE0cKIV9E3uVpVR4wMotKWfHMgE=', 'I', 'A', '2023-07-02 16:25:10'),
(85, '2732026255', '', '', '', '', '', '', 'thutchison', 'U2FsdGVkX19rmx61IE0cKIV9E3uVpVR4wMotKWfHMgE=', 'I', 'P', '2023-07-02 16:25:10'),
(86, '4346003001', '', '', '', '', '', '', 'cmatzl2d', 'U2FsdGVkX19rmx61IE0cKIV9E3uVpVR4wMotKWfHMgE=', 'A', 'P', '2023-07-02 16:25:10'),
(87, '5477250089', '', '', '', '', '', '', 'dluciano2e', 'U2FsdGVkX19rmx61IE0cKIV9E3uVpVR4wMotKWfHMgE=', 'A', 'P', '2023-07-02 16:25:10'),
(88, '7258408177', '', '', '', '', '', '', 'cfaber2f', 'U2FsdGVkX19rmx61IE0cKIV9E3uVpVR4wMotKWfHMgE=', 'I', 'A', '2023-07-02 16:25:10'),
(89, '0217211607', '', '', '', '', '', '', 'sswyersexe', 'U2FsdGVkX19rmx61IE0cKIV9E3uVpVR4wMotKWfHMgE=', 'A', 'P', '2023-07-02 16:25:10'),
(90, '0018250807', '', '', '', '', '', '', 'hbellenie2', 'U2FsdGVkX19rmx61IE0cKIV9E3uVpVR4wMotKWfHMgE=', 'I', 'P', '2023-07-02 16:25:10'),
(91, '1662121628', '', '', '', '', '', '', 'vblaza2i', 'U2FsdGVkX19rmx61IE0cKIV9E3uVpVR4wMotKWfHMgE=', 'A', 'P', '2023-07-02 16:25:10'),
(92, '4863195958', '', '', '', '', '', '', 'mmerrin2j', 'U2FsdGVkX19rmx61IE0cKIV9E3uVpVR4wMotKWfHMgE=', 'A', 'P', '2023-07-02 16:25:10'),
(93, '6391776393', '', '', '', '', '', '', 'mwalles2k', 'U2FsdGVkX19rmx61IE0cKIV9E3uVpVR4wMotKWfHMgE=', 'I', 'A', '2023-07-02 16:25:10'),
(94, '8149292349', '', '', '', '', '', '', 'laris2l', 'U2FsdGVkX19rmx61IE0cKIV9E3uVpVR4wMotKWfHMgE=', 'A', 'A', '2023-07-02 16:25:10'),
(95, '3930008912', '', '', '', '', '', '', 'aabsolon2m', 'U2FsdGVkX19rmx61IE0cKIV9E3uVpVR4wMotKWfHMgE=', 'A', 'A', '2023-07-02 16:25:10'),
(96, '2227321660', '', '', '', '', '', '', 'ilittlepag', 'U2FsdGVkX19rmx61IE0cKIV9E3uVpVR4wMotKWfHMgE=', 'A', 'A', '2023-07-02 16:25:10'),
(97, '7087339400', '', '', '', '', '', '', 'cventum2o', 'U2FsdGVkX19rmx61IE0cKIV9E3uVpVR4wMotKWfHMgE=', 'I', 'P', '2023-07-02 16:25:10'),
(98, '1249244390', '', '', '', '', '', '', 'dbachnic2p', 'U2FsdGVkX19rmx61IE0cKIV9E3uVpVR4wMotKWfHMgE=', 'I', 'A', '2023-07-02 16:25:10'),
(99, '4885116538', '', '', '', '', '', '', 'sbrothwood', 'U2FsdGVkX19rmx61IE0cKIV9E3uVpVR4wMotKWfHMgE=', 'I', 'P', '2023-07-02 16:25:10'),
(100, '2631535502', '', '', '', '', '', '', 'kdixey2r', 'U2FsdGVkX19rmx61IE0cKIV9E3uVpVR4wMotKWfHMgE=', 'A', 'P', '2023-07-02 16:25:10'),
(101, '7959906556', '', '', '', '', '', '', 'abebb2s', 'U2FsdGVkX19rmx61IE0cKIV9E3uVpVR4wMotKWfHMgE=', 'I', 'P', '2023-07-02 16:25:10'),
(102, '1467487112', '', '', '', '', '', '', 'dschlag2t', 'U2FsdGVkX19rmx61IE0cKIV9E3uVpVR4wMotKWfHMgE=', 'A', 'P', '2023-07-02 16:25:10'),
(103, '4107523055', '', '', '', '', '', '', 'lcorzor2u', 'U2FsdGVkX19rmx61IE0cKIV9E3uVpVR4wMotKWfHMgE=', 'A', 'A', '2023-07-02 16:25:10'),
(104, '3070539211', '', '', '', '', '', '', 'iianni2v', 'U2FsdGVkX19rmx61IE0cKIV9E3uVpVR4wMotKWfHMgE=', 'I', 'P', '2023-07-02 16:25:10'),
(105, '9208825272', '', '', '', '', '', '', 'rlaurenz2w', 'U2FsdGVkX19rmx61IE0cKIV9E3uVpVR4wMotKWfHMgE=', 'A', 'P', '2023-07-02 16:25:10'),
(106, '1189065185', '', '', '', '', '', '', 'cmaestrini', 'U2FsdGVkX19rmx61IE0cKIV9E3uVpVR4wMotKWfHMgE=', 'I', 'A', '2023-07-02 16:25:10'),
(107, '4388319910', '', '', '', '', '', '', 'iwoolmer2y', 'U2FsdGVkX19rmx61IE0cKIV9E3uVpVR4wMotKWfHMgE=', 'A', 'A', '2023-07-02 16:25:10'),
(108, '7838220505', '', '', '', '', '', '', 'ppirozzi2z', 'U2FsdGVkX19rmx61IE0cKIV9E3uVpVR4wMotKWfHMgE=', 'A', 'A', '2023-07-02 16:25:10'),
(109, '8153699768', '', '', '', '', '', '', 'amckimm30', 'U2FsdGVkX19rmx61IE0cKIV9E3uVpVR4wMotKWfHMgE=', 'I', 'A', '2023-07-02 16:25:10'),
(110, '3919681983', '', '', '', '', '', '', 'nbauduccio', 'U2FsdGVkX19rmx61IE0cKIV9E3uVpVR4wMotKWfHMgE=', 'A', 'P', '2023-07-02 16:25:10'),
(111, '2629928543', '', '', '', '', '', '', 'tagglione3', 'U2FsdGVkX19rmx61IE0cKIV9E3uVpVR4wMotKWfHMgE=', 'A', 'P', '2023-07-02 16:25:10'),
(112, '4132358097', '', '', '', '', '', '', 'lfilipponi', 'U2FsdGVkX19rmx61IE0cKIV9E3uVpVR4wMotKWfHMgE=', 'I', 'P', '2023-07-02 16:25:10'),
(113, '7993367972', '', '', '', '', '', '', 'ehillhouse', 'U2FsdGVkX19rmx61IE0cKIV9E3uVpVR4wMotKWfHMgE=', 'A', 'P', '2023-07-02 16:25:10'),
(114, '0673113191', '', '', '', '', '', '', 'hyeskin35', 'U2FsdGVkX19rmx61IE0cKIV9E3uVpVR4wMotKWfHMgE=', 'A', 'A', '2023-07-02 16:25:10'),
(115, '8703350452', '', '', '', '', '', '', 'rchatenier', 'U2FsdGVkX19rmx61IE0cKIV9E3uVpVR4wMotKWfHMgE=', 'I', 'P', '2023-07-02 16:25:10'),
(116, '4228215459', '', '', '', '', '', '', 'wwaldera37', 'U2FsdGVkX19rmx61IE0cKIV9E3uVpVR4wMotKWfHMgE=', 'A', 'A', '2023-07-02 16:25:10'),
(117, '7945220770', '', '', '', '', '', '', 'bsenyard38', 'U2FsdGVkX19rmx61IE0cKIV9E3uVpVR4wMotKWfHMgE=', 'I', 'P', '2023-07-02 16:25:10'),
(118, '2677499940', '', '', '', '', '', '', 'ygaraway39', 'U2FsdGVkX19rmx61IE0cKIV9E3uVpVR4wMotKWfHMgE=', 'A', 'P', '2023-07-02 16:25:10'),
(119, '5126753355', '', '', '', '', '', '', 'mfullerd3a', 'U2FsdGVkX19rmx61IE0cKIV9E3uVpVR4wMotKWfHMgE=', 'I', 'P', '2023-07-02 16:25:10'),
(120, '7394614832', '', '', '', '', '', '', 'dcollick3b', 'U2FsdGVkX19rmx61IE0cKIV9E3uVpVR4wMotKWfHMgE=', 'A', 'A', '2023-07-02 16:25:10'),
(121, '4626446817', '', '', '', '', '', '', 'epaulino3c', 'U2FsdGVkX19rmx61IE0cKIV9E3uVpVR4wMotKWfHMgE=', 'I', 'A', '2023-07-02 16:25:10'),
(122, '9108038058', '', '', '', '', '', '', 'jkarlik3d', 'U2FsdGVkX19rmx61IE0cKIV9E3uVpVR4wMotKWfHMgE=', 'A', 'A', '2023-07-02 16:25:10'),
(123, '3760888739', '', '', '', '', '', '', 'dfurlow3e', 'U2FsdGVkX19rmx61IE0cKIV9E3uVpVR4wMotKWfHMgE=', 'I', 'A', '2023-07-02 16:25:10'),
(124, '1084010569', '', '', '', '', '', '', 'cmcknockit', 'U2FsdGVkX19rmx61IE0cKIV9E3uVpVR4wMotKWfHMgE=', 'A', 'P', '2023-07-02 16:25:10'),
(125, '7074031585', '', '', '', '', '', '', 'bcherm3g', 'U2FsdGVkX19rmx61IE0cKIV9E3uVpVR4wMotKWfHMgE=', 'A', 'P', '2023-07-02 16:25:10'),
(126, '2273444702', '', '', '', '', '', '', 'gheers3h', 'U2FsdGVkX19rmx61IE0cKIV9E3uVpVR4wMotKWfHMgE=', 'A', 'P', '2023-07-02 16:25:10'),
(127, '7988186965', '', '', '', '', '', '', 'ccattlow3i', 'U2FsdGVkX19rmx61IE0cKIV9E3uVpVR4wMotKWfHMgE=', 'I', 'P', '2023-07-02 16:25:10'),
(128, '9558621919', '', '', '', '', '', '', 'kpetrenko3', 'U2FsdGVkX19rmx61IE0cKIV9E3uVpVR4wMotKWfHMgE=', 'A', 'A', '2023-07-02 16:25:10'),
(129, '3209942072', '', '', '', '', '', '', 'wwalliker3', 'U2FsdGVkX19rmx61IE0cKIV9E3uVpVR4wMotKWfHMgE=', 'I', 'P', '2023-07-02 16:25:10'),
(130, '1199030295', '', '', '', '', '', '', 'fhinners3l', 'U2FsdGVkX19rmx61IE0cKIV9E3uVpVR4wMotKWfHMgE=', 'I', 'A', '2023-07-02 16:25:10'),
(131, '8750909002', '', '', '', '', '', '', 'jwestphal3', 'U2FsdGVkX19rmx61IE0cKIV9E3uVpVR4wMotKWfHMgE=', 'I', 'A', '2023-07-02 16:25:10'),
(132, '3329264462', '', '', '', '', '', '', 'rcurgenven', 'U2FsdGVkX19rmx61IE0cKIV9E3uVpVR4wMotKWfHMgE=', 'I', 'A', '2023-07-02 16:25:10'),
(133, '8012538377', '', '', '', '', '', '', 'cmushart3o', 'U2FsdGVkX19rmx61IE0cKIV9E3uVpVR4wMotKWfHMgE=', 'I', 'P', '2023-07-02 16:25:10'),
(134, '1777376726', '', '', '', '', '', '', 'dcarillo3p', 'U2FsdGVkX19rmx61IE0cKIV9E3uVpVR4wMotKWfHMgE=', 'A', 'P', '2023-07-02 16:25:10'),
(135, '3620924805', '', '', '', '', '', '', 'jnequest3q', 'U2FsdGVkX19rmx61IE0cKIV9E3uVpVR4wMotKWfHMgE=', 'A', 'P', '2023-07-02 16:25:10'),
(136, '5609402425', '', '', '', '', '', '', 'hdevericks', 'U2FsdGVkX19rmx61IE0cKIV9E3uVpVR4wMotKWfHMgE=', 'A', 'A', '2023-07-02 16:25:10'),
(137, '9749882881', '', '', '', '', '', '', 'cclewer3s', 'U2FsdGVkX19rmx61IE0cKIV9E3uVpVR4wMotKWfHMgE=', 'I', 'P', '2023-07-02 16:25:10'),
(138, '9823056366', '', '', '', '', '', '', 'vsweetsur3', 'U2FsdGVkX19rmx61IE0cKIV9E3uVpVR4wMotKWfHMgE=', 'A', 'A', '2023-07-02 16:25:10'),
(139, '4891551445', '', '', '', '', '', '', 'jhammell3u', 'U2FsdGVkX19rmx61IE0cKIV9E3uVpVR4wMotKWfHMgE=', 'A', 'P', '2023-07-02 16:25:10'),
(140, '9231938401', '', '', '', '', '', '', 'mmayberry3', 'U2FsdGVkX19rmx61IE0cKIV9E3uVpVR4wMotKWfHMgE=', 'A', 'P', '2023-07-02 16:25:10'),
(141, '3341333371', '', '', '', '', '', '', 'cmcwhirter', 'U2FsdGVkX19rmx61IE0cKIV9E3uVpVR4wMotKWfHMgE=', 'I', 'P', '2023-07-02 16:25:10'),
(142, '0646630504', '', '', '', '', '', '', 'rvarne3x', 'U2FsdGVkX19rmx61IE0cKIV9E3uVpVR4wMotKWfHMgE=', 'A', 'P', '2023-07-02 16:25:10'),
(143, '0163222851', '', '', '', '', '', '', 'sstutt3y', 'U2FsdGVkX19rmx61IE0cKIV9E3uVpVR4wMotKWfHMgE=', 'A', 'P', '2023-07-02 16:25:10'),
(144, '2801444405', '', '', '', '', '', '', 'livankovic', 'U2FsdGVkX19rmx61IE0cKIV9E3uVpVR4wMotKWfHMgE=', 'A', 'A', '2023-07-02 16:25:10'),
(145, '8315579053', '', '', '', '', '', '', 'ccoldtart4', 'U2FsdGVkX19rmx61IE0cKIV9E3uVpVR4wMotKWfHMgE=', 'A', 'P', '2023-07-02 16:25:10'),
(146, '6541702489', '', '', '', '', '', '', 'ocastaner4', 'U2FsdGVkX19rmx61IE0cKIV9E3uVpVR4wMotKWfHMgE=', 'I', 'A', '2023-07-02 16:25:10'),
(147, '5816861921', '', '', '', '', '', '', 'vlimming42', 'U2FsdGVkX19rmx61IE0cKIV9E3uVpVR4wMotKWfHMgE=', 'I', 'A', '2023-07-02 16:25:10'),
(148, '7346356926', '', '', '', '', '', '', 'tmattea43', 'U2FsdGVkX19rmx61IE0cKIV9E3uVpVR4wMotKWfHMgE=', 'A', 'P', '2023-07-02 16:25:10'),
(149, '7381373203', '', '', '', '', '', '', 'dceyssen44', 'U2FsdGVkX19rmx61IE0cKIV9E3uVpVR4wMotKWfHMgE=', 'A', 'A', '2023-07-02 16:25:10'),
(150, '9765375433', '', '', '', '', '', '', 'idamato45', 'U2FsdGVkX19rmx61IE0cKIV9E3uVpVR4wMotKWfHMgE=', 'I', 'A', '2023-07-02 16:25:10'),
(151, '3964198889', '', '', '', '', '', '', 'bjedraszcz', 'U2FsdGVkX19rmx61IE0cKIV9E3uVpVR4wMotKWfHMgE=', 'A', 'P', '2023-07-02 16:25:10'),
(152, '9387563855', '', '', '', '', '', '', 'dolerensha', 'U2FsdGVkX19rmx61IE0cKIV9E3uVpVR4wMotKWfHMgE=', 'I', 'P', '2023-07-02 16:25:10'),
(153, '8968350019', '', '', '', '', '', '', 'rdewerson4', 'U2FsdGVkX19rmx61IE0cKIV9E3uVpVR4wMotKWfHMgE=', 'I', 'P', '2023-07-02 16:25:10'),
(154, '2550844076', '', '', '', '', '', '', 'csimoncini', 'U2FsdGVkX19rmx61IE0cKIV9E3uVpVR4wMotKWfHMgE=', 'A', 'A', '2023-07-02 16:25:10'),
(155, '0788553046', '', '', '', '', '', '', 'adalyiel4a', 'U2FsdGVkX19rmx61IE0cKIV9E3uVpVR4wMotKWfHMgE=', 'I', 'A', '2023-07-02 16:25:10'),
(156, '7535981607', '', '', '', '', '', '', 'fspinks4b', 'U2FsdGVkX19rmx61IE0cKIV9E3uVpVR4wMotKWfHMgE=', 'I', 'A', '2023-07-02 16:25:10'),
(157, '0050406426', '', '', '', '', '', '', 'ppietesch4', 'U2FsdGVkX19rmx61IE0cKIV9E3uVpVR4wMotKWfHMgE=', 'A', 'A', '2023-07-02 16:25:10'),
(158, '8622644685', '', '', '', '', '', '', 'vswigger4d', 'U2FsdGVkX19rmx61IE0cKIV9E3uVpVR4wMotKWfHMgE=', 'A', 'A', '2023-07-02 16:25:10'),
(159, '8694253259', '', '', '', '', '', '', 'rchecchete', 'U2FsdGVkX19rmx61IE0cKIV9E3uVpVR4wMotKWfHMgE=', 'A', 'A', '2023-07-02 16:25:10'),
(160, '8689751289', '', '', '', '', '', '', 'cralling4f', 'U2FsdGVkX19rmx61IE0cKIV9E3uVpVR4wMotKWfHMgE=', 'A', 'A', '2023-07-02 16:25:10'),
(161, '0388457872', '', '', '', '', '', '', 'acreighton', 'U2FsdGVkX19rmx61IE0cKIV9E3uVpVR4wMotKWfHMgE=', 'A', 'P', '2023-07-02 16:25:10'),
(162, '6643538491', '', '', '', '', '', '', 'swales4h', 'U2FsdGVkX19rmx61IE0cKIV9E3uVpVR4wMotKWfHMgE=', 'I', 'A', '2023-07-02 16:25:10'),
(163, '6204918834', '', '', '', '', '', '', 'kdilgarno4', 'U2FsdGVkX19rmx61IE0cKIV9E3uVpVR4wMotKWfHMgE=', 'I', 'P', '2023-07-02 16:25:10'),
(164, '6407157757', '', '', '', '', '', '', 'ghoudhury4', 'U2FsdGVkX19rmx61IE0cKIV9E3uVpVR4wMotKWfHMgE=', 'I', 'P', '2023-07-02 16:25:10'),
(165, '3030288668', '', '', '', '', '', '', 'cshord4k', 'U2FsdGVkX19rmx61IE0cKIV9E3uVpVR4wMotKWfHMgE=', 'I', 'P', '2023-07-02 16:25:10'),
(166, '5065254699', '', '', '', '', '', '', 'ewebby4l', 'U2FsdGVkX19rmx61IE0cKIV9E3uVpVR4wMotKWfHMgE=', 'I', 'A', '2023-07-02 16:25:10'),
(167, '9242790435', '', '', '', '', '', '', 'mferminger', 'U2FsdGVkX19rmx61IE0cKIV9E3uVpVR4wMotKWfHMgE=', 'A', 'A', '2023-07-02 16:25:10'),
(168, '1910389102', '', '', '', '', '', '', 'fmannin4n', 'U2FsdGVkX19rmx61IE0cKIV9E3uVpVR4wMotKWfHMgE=', 'A', 'P', '2023-07-02 16:25:10'),
(169, '7250666185', '', '', '', '', '', '', 'rvennart4o', 'U2FsdGVkX19rmx61IE0cKIV9E3uVpVR4wMotKWfHMgE=', 'A', 'P', '2023-07-02 16:25:10'),
(170, '9678486989', '', '', '', '', '', '', 'ccode4p', 'U2FsdGVkX19rmx61IE0cKIV9E3uVpVR4wMotKWfHMgE=', 'I', 'A', '2023-07-02 16:25:10'),
(171, '5719815910', '', '', '', '', '', '', 'ndoggett4q', 'U2FsdGVkX19rmx61IE0cKIV9E3uVpVR4wMotKWfHMgE=', 'A', 'P', '2023-07-02 16:25:10'),
(172, '7007599133', '', '', '', '', '', '', 'apassfield', 'U2FsdGVkX19rmx61IE0cKIV9E3uVpVR4wMotKWfHMgE=', 'I', 'A', '2023-07-02 16:25:10'),
(173, '1195952821', '', '', '', '', '', '', 'shalegarth', 'U2FsdGVkX19rmx61IE0cKIV9E3uVpVR4wMotKWfHMgE=', 'I', 'A', '2023-07-02 16:25:10'),
(174, '0576474002', '', '', '', '', '', '', 'ccull4t', 'U2FsdGVkX19rmx61IE0cKIV9E3uVpVR4wMotKWfHMgE=', 'I', 'A', '2023-07-02 16:25:10'),
(175, '1968778063', '', '', '', '', '', '', 'rmeynell4u', 'U2FsdGVkX19rmx61IE0cKIV9E3uVpVR4wMotKWfHMgE=', 'I', 'P', '2023-07-02 16:25:10'),
(176, '0415163935', '', '', '', '', '', '', 'fhardwick4', 'U2FsdGVkX19rmx61IE0cKIV9E3uVpVR4wMotKWfHMgE=', 'A', 'A', '2023-07-02 16:25:10'),
(177, '6963455899', '', '', '', '', '', '', 'landreacci', 'U2FsdGVkX19rmx61IE0cKIV9E3uVpVR4wMotKWfHMgE=', 'A', 'P', '2023-07-02 16:25:10'),
(178, '6299999497', '', '', '', '', '', '', 'akerne4x', 'U2FsdGVkX19rmx61IE0cKIV9E3uVpVR4wMotKWfHMgE=', 'I', 'A', '2023-07-02 16:25:10'),
(179, '8912324578', '', '', '', '', '', '', 'rroantree4', 'U2FsdGVkX19rmx61IE0cKIV9E3uVpVR4wMotKWfHMgE=', 'I', 'P', '2023-07-02 16:25:10'),
(180, '5744341226', '', '', '', '', '', '', 'cblazevic4', 'U2FsdGVkX19rmx61IE0cKIV9E3uVpVR4wMotKWfHMgE=', 'A', 'P', '2023-07-02 16:25:10'),
(181, '3006970365', '', '', '', '', '', '', 'vhampson50', 'U2FsdGVkX19rmx61IE0cKIV9E3uVpVR4wMotKWfHMgE=', 'I', 'A', '2023-07-02 16:25:10'),
(182, '2476376949', '', '', '', '', '', '', 'gauty51', 'U2FsdGVkX19rmx61IE0cKIV9E3uVpVR4wMotKWfHMgE=', 'A', 'A', '2023-07-02 16:25:10'),
(183, '8565701840', '', '', '', '', '', '', 'rhousam52', 'U2FsdGVkX19rmx61IE0cKIV9E3uVpVR4wMotKWfHMgE=', 'I', 'P', '2023-07-02 16:25:10'),
(184, '6147799568', '', '', '', '', '', '', 'gbeckinsal', 'U2FsdGVkX19rmx61IE0cKIV9E3uVpVR4wMotKWfHMgE=', 'A', 'A', '2023-07-02 16:25:10'),
(185, '3804088929', '', '', '', '', '', '', 'ustemson54', 'U2FsdGVkX19rmx61IE0cKIV9E3uVpVR4wMotKWfHMgE=', 'I', 'P', '2023-07-02 16:25:10'),
(186, '7087210971', '', '', '', '', '', '', 'jedgcombe5', 'U2FsdGVkX19rmx61IE0cKIV9E3uVpVR4wMotKWfHMgE=', 'A', 'P', '2023-07-02 16:25:10'),
(187, '5340476170', '', '', '', '', '', '', 'sonoulane5', 'U2FsdGVkX19rmx61IE0cKIV9E3uVpVR4wMotKWfHMgE=', 'I', 'A', '2023-07-02 16:25:10'),
(188, '3006239997', '', '', '', '', '', '', 'elosty57', 'U2FsdGVkX19rmx61IE0cKIV9E3uVpVR4wMotKWfHMgE=', 'I', 'A', '2023-07-02 16:25:10'),
(189, '1746110082', '', '', '', '', '', '', 'cbottomore', 'U2FsdGVkX19rmx61IE0cKIV9E3uVpVR4wMotKWfHMgE=', 'I', 'P', '2023-07-02 16:25:10'),
(190, '7788022551', '', '', '', '', '', '', 'dolczak59', 'U2FsdGVkX19rmx61IE0cKIV9E3uVpVR4wMotKWfHMgE=', 'A', 'A', '2023-07-02 16:25:10'),
(191, '8834360273', '', '', '', '', '', '', 'akitt5a', 'U2FsdGVkX19rmx61IE0cKIV9E3uVpVR4wMotKWfHMgE=', 'I', 'A', '2023-07-02 16:25:10'),
(192, '0130859257', '', '', '', '', '', '', 'hbruhnke5b', 'U2FsdGVkX19rmx61IE0cKIV9E3uVpVR4wMotKWfHMgE=', 'I', 'A', '2023-07-02 16:25:11'),
(193, '2824657405', '', '', '', '', '', '', 'chickering', 'U2FsdGVkX19rmx61IE0cKIV9E3uVpVR4wMotKWfHMgE=', 'I', 'A', '2023-07-02 16:25:11'),
(194, '1747798401', '', '', '', '', '', '', 'csegot5d', 'U2FsdGVkX19rmx61IE0cKIV9E3uVpVR4wMotKWfHMgE=', 'A', 'P', '2023-07-02 16:25:11'),
(195, '9153210778', '', '', '', '', '', '', 'omcjury5e', 'U2FsdGVkX19rmx61IE0cKIV9E3uVpVR4wMotKWfHMgE=', 'A', 'A', '2023-07-02 16:25:11'),
(196, '1198912480', '', '', '', '', '', '', 'gflaherty5', 'U2FsdGVkX19rmx61IE0cKIV9E3uVpVR4wMotKWfHMgE=', 'I', 'P', '2023-07-02 16:25:11'),
(197, '2362146863', '', '', '', '', '', '', 'bwinchurch', 'U2FsdGVkX19rmx61IE0cKIV9E3uVpVR4wMotKWfHMgE=', 'A', 'P', '2023-07-02 16:25:11'),
(198, '2328654533', '', '', '', '', '', '', 'mgerholz5h', 'U2FsdGVkX19rmx61IE0cKIV9E3uVpVR4wMotKWfHMgE=', 'A', 'P', '2023-07-02 16:25:11'),
(199, '8399877255', '', '', '', '', '', '', 'wsummersid', 'U2FsdGVkX19rmx61IE0cKIV9E3uVpVR4wMotKWfHMgE=', 'I', 'A', '2023-07-02 16:25:11'),
(200, '6283105157', '', '', '', '', '', '', 'fblincow5j', 'U2FsdGVkX19rmx61IE0cKIV9E3uVpVR4wMotKWfHMgE=', 'A', 'P', '2023-07-02 16:25:11'),
(201, '9280956310', '', '', '', '', '', '', 'msamples5k', 'U2FsdGVkX19rmx61IE0cKIV9E3uVpVR4wMotKWfHMgE=', 'I', 'P', '2023-07-02 16:25:11'),
(202, '2955720860', '', '', '', '', '', '', 'tladley5l', 'U2FsdGVkX19rmx61IE0cKIV9E3uVpVR4wMotKWfHMgE=', 'I', 'P', '2023-07-02 16:25:11'),
(203, '5962345673', '', '', '', '', '', '', 'ckeepin5m', 'U2FsdGVkX19rmx61IE0cKIV9E3uVpVR4wMotKWfHMgE=', 'I', 'A', '2023-07-02 16:25:11'),
(204, '9883727488', '', '', '', '', '', '', 'tmidden5n', 'U2FsdGVkX19rmx61IE0cKIV9E3uVpVR4wMotKWfHMgE=', 'A', 'A', '2023-07-02 16:25:11'),
(205, '2826075985', '', '', '', '', '', '', 'sgavahan5o', 'U2FsdGVkX19rmx61IE0cKIV9E3uVpVR4wMotKWfHMgE=', 'A', 'P', '2023-07-02 16:25:11'),
(206, '0104955201', '', '', '', '', '', '', 'bhedditeh5', 'U2FsdGVkX19rmx61IE0cKIV9E3uVpVR4wMotKWfHMgE=', 'A', 'P', '2023-07-02 16:25:11'),
(207, '3813423948', '', '', '', '', '', '', 'pvalerius5', 'U2FsdGVkX19rmx61IE0cKIV9E3uVpVR4wMotKWfHMgE=', 'A', 'A', '2023-07-02 16:25:11'),
(208, '9115064581', '', '', '', '', '', '', 'tweepers5r', 'U2FsdGVkX19rmx61IE0cKIV9E3uVpVR4wMotKWfHMgE=', 'I', 'P', '2023-07-02 16:25:11'),
(209, '6821201013', '', '', '', '', '', '', 'aoldnall5s', 'U2FsdGVkX19rmx61IE0cKIV9E3uVpVR4wMotKWfHMgE=', 'A', 'P', '2023-07-02 16:25:11'),
(210, '4248634295', '', '', '', '', '', '', 'drushman5t', 'U2FsdGVkX19rmx61IE0cKIV9E3uVpVR4wMotKWfHMgE=', 'A', 'P', '2023-07-02 16:25:11'),
(211, '4692326182', '', '', '', '', '', '', 'rsteffan5u', 'U2FsdGVkX19rmx61IE0cKIV9E3uVpVR4wMotKWfHMgE=', 'I', 'P', '2023-07-02 16:25:11'),
(212, '7858945785', '', '', '', '', '', '', 'glinne5v', 'U2FsdGVkX19rmx61IE0cKIV9E3uVpVR4wMotKWfHMgE=', 'A', 'A', '2023-07-02 16:25:11'),
(213, '4260752413', '', '', '', '', '', '', 'gbillyeald', 'U2FsdGVkX19rmx61IE0cKIV9E3uVpVR4wMotKWfHMgE=', 'I', 'A', '2023-07-02 16:25:11'),
(214, '8579513405', '', '', '', '', '', '', 'qsteddall5', 'U2FsdGVkX19rmx61IE0cKIV9E3uVpVR4wMotKWfHMgE=', 'A', 'A', '2023-07-02 16:25:11'),
(215, '2567539956', '', '', '', '', '', '', 'wmaciaszcz', 'U2FsdGVkX19rmx61IE0cKIV9E3uVpVR4wMotKWfHMgE=', 'A', 'P', '2023-07-02 16:25:11'),
(216, '6719972766', '', '', '', '', '', '', 'ytraut5z', 'U2FsdGVkX19rmx61IE0cKIV9E3uVpVR4wMotKWfHMgE=', 'A', 'A', '2023-07-02 16:25:11'),
(217, '3079203739', '', '', '', '', '', '', 'jgerlts60', 'U2FsdGVkX19rmx61IE0cKIV9E3uVpVR4wMotKWfHMgE=', 'I', 'P', '2023-07-02 16:25:11'),
(218, '5592842236', '', '', '', '', '', '', 'mmongeot61', 'U2FsdGVkX19rmx61IE0cKIV9E3uVpVR4wMotKWfHMgE=', 'I', 'A', '2023-07-02 16:25:11'),
(219, '0337888019', '', '', '', '', '', '', 'rbrahmer62', 'U2FsdGVkX19rmx61IE0cKIV9E3uVpVR4wMotKWfHMgE=', 'A', 'P', '2023-07-02 16:25:11'),
(220, '4660428966', '', '', '', '', '', '', 'rmckibbin6', 'U2FsdGVkX19rmx61IE0cKIV9E3uVpVR4wMotKWfHMgE=', 'I', 'P', '2023-07-02 16:25:11'),
(221, '2512184633', '', '', '', '', '', '', 'mfyfield64', 'U2FsdGVkX19rmx61IE0cKIV9E3uVpVR4wMotKWfHMgE=', 'I', 'A', '2023-07-02 16:25:11'),
(222, '8159744129', '', '', '', '', '', '', 'gmurrison6', 'U2FsdGVkX19rmx61IE0cKIV9E3uVpVR4wMotKWfHMgE=', 'A', 'A', '2023-07-02 16:25:11'),
(223, '4111567800', '', '', '', '', '', '', 'gtomala66', 'U2FsdGVkX19rmx61IE0cKIV9E3uVpVR4wMotKWfHMgE=', 'I', 'A', '2023-07-02 16:25:11'),
(224, '0672849763', '', '', '', '', '', '', 'gshead67', 'U2FsdGVkX19rmx61IE0cKIV9E3uVpVR4wMotKWfHMgE=', 'A', 'P', '2023-07-02 16:25:11'),
(225, '5862657924', '', '', '', '', '', '', 'bwhitrod68', 'U2FsdGVkX19rmx61IE0cKIV9E3uVpVR4wMotKWfHMgE=', 'A', 'P', '2023-07-02 16:25:11'),
(226, '6864434591', '', '', '', '', '', '', 'msissons69', 'U2FsdGVkX19rmx61IE0cKIV9E3uVpVR4wMotKWfHMgE=', 'I', 'P', '2023-07-02 16:25:11'),
(227, '9992199482', '', '', '', '', '', '', 'krawe6a', 'U2FsdGVkX19rmx61IE0cKIV9E3uVpVR4wMotKWfHMgE=', 'I', 'A', '2023-07-02 16:25:11'),
(228, '7524441185', '', '', '', '', '', '', 'sbattlesto', 'U2FsdGVkX19rmx61IE0cKIV9E3uVpVR4wMotKWfHMgE=', 'A', 'A', '2023-07-02 16:25:11'),
(229, '6200357889', '', '', '', '', '', '', 'estoate6c', 'U2FsdGVkX19rmx61IE0cKIV9E3uVpVR4wMotKWfHMgE=', 'I', 'P', '2023-07-02 16:25:11'),
(230, '9207452545', '', '', '', '', '', '', 'kmunby6d', 'U2FsdGVkX19rmx61IE0cKIV9E3uVpVR4wMotKWfHMgE=', 'A', 'A', '2023-07-02 16:25:11'),
(231, '4089882575', '', '', '', '', '', '', 'nraveau6e', 'U2FsdGVkX19rmx61IE0cKIV9E3uVpVR4wMotKWfHMgE=', 'I', 'P', '2023-07-02 16:25:11'),
(232, '3614639770', '', '', '', '', '', '', 'mmanntschk', 'U2FsdGVkX19rmx61IE0cKIV9E3uVpVR4wMotKWfHMgE=', 'A', 'P', '2023-07-02 16:25:11'),
(233, '6261876657', '', '', '', '', '', '', 'rbroadis6g', 'U2FsdGVkX19rmx61IE0cKIV9E3uVpVR4wMotKWfHMgE=', 'I', 'A', '2023-07-02 16:25:11'),
(234, '2383269425', '', '', '', '', '', '', 'atommis6h', 'U2FsdGVkX19rmx61IE0cKIV9E3uVpVR4wMotKWfHMgE=', 'I', 'P', '2023-07-02 16:25:11'),
(235, '6079177692', '', '', '', '', '', '', 'gchaffe6i', 'U2FsdGVkX19rmx61IE0cKIV9E3uVpVR4wMotKWfHMgE=', 'I', 'P', '2023-07-02 16:25:11'),
(236, '0620999918', '', '', '', '', '', '', 'mhildred6j', 'U2FsdGVkX19rmx61IE0cKIV9E3uVpVR4wMotKWfHMgE=', 'A', 'A', '2023-07-02 16:25:11'),
(237, '2385072378', '', '', '', '', '', '', 'eperllman6', 'U2FsdGVkX19rmx61IE0cKIV9E3uVpVR4wMotKWfHMgE=', 'A', 'A', '2023-07-02 16:25:11'),
(238, '5773443155', '', '', '', '', '', '', 'amoisey6l', 'U2FsdGVkX19rmx61IE0cKIV9E3uVpVR4wMotKWfHMgE=', 'A', 'P', '2023-07-02 16:25:11'),
(239, '3131159871', '', '', '', '', '', '', 'gbellward6', 'U2FsdGVkX19rmx61IE0cKIV9E3uVpVR4wMotKWfHMgE=', 'A', 'A', '2023-07-02 16:25:11'),
(240, '0783498152', '', '', '', '', '', '', 'rtilburn6n', 'U2FsdGVkX19rmx61IE0cKIV9E3uVpVR4wMotKWfHMgE=', 'I', 'P', '2023-07-02 16:25:11'),
(241, '5124246561', '', '', '', '', '', '', 'jcayet6o', 'U2FsdGVkX19rmx61IE0cKIV9E3uVpVR4wMotKWfHMgE=', 'I', 'A', '2023-07-02 16:25:11'),
(242, '6625749575', '', '', '', '', '', '', 'rbruckstei', 'U2FsdGVkX19rmx61IE0cKIV9E3uVpVR4wMotKWfHMgE=', 'A', 'P', '2023-07-02 16:25:11'),
(243, '5875659416', '', '', '', '', '', '', 'dtroillet6', 'U2FsdGVkX19rmx61IE0cKIV9E3uVpVR4wMotKWfHMgE=', 'A', 'A', '2023-07-02 16:25:11'),
(244, '6145091444', '', '', '', '', '', '', 'emalter6r', 'U2FsdGVkX19rmx61IE0cKIV9E3uVpVR4wMotKWfHMgE=', 'A', 'A', '2023-07-02 16:25:11'),
(245, '1981634967', '', '', '', '', '', '', 'cbrabben6s', 'U2FsdGVkX19rmx61IE0cKIV9E3uVpVR4wMotKWfHMgE=', 'I', 'P', '2023-07-02 16:25:11'),
(246, '4949089129', '', '', '', '', '', '', 'lcotty6t', 'U2FsdGVkX19rmx61IE0cKIV9E3uVpVR4wMotKWfHMgE=', 'A', 'A', '2023-07-02 16:25:11'),
(247, '7076261170', '', '', '', '', '', '', 'dsagerson6', 'U2FsdGVkX19rmx61IE0cKIV9E3uVpVR4wMotKWfHMgE=', 'I', 'P', '2023-07-02 16:25:11'),
(248, '1718081618', '', '', '', '', '', '', 'tglasscoo6', 'U2FsdGVkX19rmx61IE0cKIV9E3uVpVR4wMotKWfHMgE=', 'I', 'A', '2023-07-02 16:25:11'),
(249, '9620934946', '', '', '', '', '', '', 'dschowenbu', 'U2FsdGVkX19rmx61IE0cKIV9E3uVpVR4wMotKWfHMgE=', 'I', 'A', '2023-07-02 16:25:11'),
(250, '9650598472', '', '', '', '', '', '', 'jzouch6x', 'U2FsdGVkX19rmx61IE0cKIV9E3uVpVR4wMotKWfHMgE=', 'I', 'P', '2023-07-02 16:25:11'),
(251, '5336947725', '', '', '', '', '', '', 'mjanota6y', 'U2FsdGVkX19rmx61IE0cKIV9E3uVpVR4wMotKWfHMgE=', 'A', 'P', '2023-07-02 16:25:11'),
(252, '3031146921', '', '', '', '', '', '', 'crasell6z', 'U2FsdGVkX19rmx61IE0cKIV9E3uVpVR4wMotKWfHMgE=', 'A', 'P', '2023-07-02 16:25:11'),
(253, '5606561328', '', '', '', '', '', '', 'rbernon70', 'U2FsdGVkX19rmx61IE0cKIV9E3uVpVR4wMotKWfHMgE=', 'A', 'A', '2023-07-02 16:25:11'),
(254, '9273254861', '', '', '', '', '', '', 'mparvin71', 'U2FsdGVkX19rmx61IE0cKIV9E3uVpVR4wMotKWfHMgE=', 'A', 'P', '2023-07-02 16:25:11'),
(255, '8964319362', '', '', '', '', '', '', 'mkingston7', 'U2FsdGVkX19rmx61IE0cKIV9E3uVpVR4wMotKWfHMgE=', 'I', 'P', '2023-07-02 16:25:11'),
(256, '2965441824', '', '', '', '', '', '', 'bmorch73', 'U2FsdGVkX19rmx61IE0cKIV9E3uVpVR4wMotKWfHMgE=', 'I', 'A', '2023-07-02 16:25:11'),
(257, '0007460007', '', '', '', '', '', '', 'mortega74', 'U2FsdGVkX19rmx61IE0cKIV9E3uVpVR4wMotKWfHMgE=', 'A', 'P', '2023-07-02 16:25:11'),
(258, '6675993291', '', '', '', '', '', '', 'bglasscoo7', 'U2FsdGVkX19rmx61IE0cKIV9E3uVpVR4wMotKWfHMgE=', 'I', 'P', '2023-07-02 16:25:11'),
(259, '4714149636', '', '', '', '', '', '', 'ipedracci7', 'U2FsdGVkX19rmx61IE0cKIV9E3uVpVR4wMotKWfHMgE=', 'I', 'A', '2023-07-02 16:25:11'),
(260, '3165905630', '', '', '', '', '', '', 'dhanbridge', 'U2FsdGVkX19rmx61IE0cKIV9E3uVpVR4wMotKWfHMgE=', 'I', 'A', '2023-07-02 16:25:11'),
(261, '0184158893', '', '', '', '', '', '', 'hpincked78', 'U2FsdGVkX19rmx61IE0cKIV9E3uVpVR4wMotKWfHMgE=', 'A', 'P', '2023-07-02 16:25:11'),
(262, '5122099758', '', '', '', '', '', '', 'socarrol79', 'U2FsdGVkX19rmx61IE0cKIV9E3uVpVR4wMotKWfHMgE=', 'I', 'P', '2023-07-02 16:25:11'),
(263, '1686752431', '', '', '', '', '', '', 'skilford7a', 'U2FsdGVkX19rmx61IE0cKIV9E3uVpVR4wMotKWfHMgE=', 'I', 'P', '2023-07-02 16:25:11'),
(264, '8144397835', '', '', '', '', '', '', 'rmoseby7b', 'U2FsdGVkX19rmx61IE0cKIV9E3uVpVR4wMotKWfHMgE=', 'I', 'P', '2023-07-02 16:25:11'),
(265, '0295458151', '', '', '', '', '', '', 'htrusslove', 'U2FsdGVkX19rmx61IE0cKIV9E3uVpVR4wMotKWfHMgE=', 'I', 'A', '2023-07-02 16:25:11'),
(266, '6935806828', '', '', '', '', '', '', 'jartharg7d', 'U2FsdGVkX19rmx61IE0cKIV9E3uVpVR4wMotKWfHMgE=', 'A', 'A', '2023-07-02 16:25:11'),
(267, '2378729391', '', '', '', '', '', '', 'iklaves7e', 'U2FsdGVkX19rmx61IE0cKIV9E3uVpVR4wMotKWfHMgE=', 'A', 'P', '2023-07-02 16:25:11'),
(268, '8063830172', '', '', '', '', '', '', 'mpalfreyma', 'U2FsdGVkX19rmx61IE0cKIV9E3uVpVR4wMotKWfHMgE=', 'I', 'P', '2023-07-02 16:25:11'),
(269, '0063043025', '', '', '', '', '', '', 'emcvity7g', 'U2FsdGVkX19rmx61IE0cKIV9E3uVpVR4wMotKWfHMgE=', 'I', 'A', '2023-07-02 16:25:11'),
(270, '9200574343', '', '', '', '', '', '', 'jjosilowsk', 'U2FsdGVkX19rmx61IE0cKIV9E3uVpVR4wMotKWfHMgE=', 'I', 'A', '2023-07-02 16:25:11'),
(271, '2643724097', '', '', '', '', '', '', 'dgrindley7', 'U2FsdGVkX19rmx61IE0cKIV9E3uVpVR4wMotKWfHMgE=', 'I', 'P', '2023-07-02 16:25:11'),
(272, '7508043618', '', '', '', '', '', '', 'nbygate7j', 'U2FsdGVkX19rmx61IE0cKIV9E3uVpVR4wMotKWfHMgE=', 'I', 'A', '2023-07-02 16:25:11'),
(273, '8989797330', '', '', '', '', '', '', 'tdoward7k', 'U2FsdGVkX19rmx61IE0cKIV9E3uVpVR4wMotKWfHMgE=', 'A', 'P', '2023-07-02 16:25:11'),
(274, '6779241989', '', '', '', '', '', '', 'aalf7l', 'U2FsdGVkX19rmx61IE0cKIV9E3uVpVR4wMotKWfHMgE=', 'I', 'A', '2023-07-02 16:25:11'),
(275, '0103129863', '', '', '', '', '', '', 'wfrostdyke', 'U2FsdGVkX19rmx61IE0cKIV9E3uVpVR4wMotKWfHMgE=', 'I', 'A', '2023-07-02 16:25:11'),
(276, '0519306791', '', '', '', '', '', '', 'rorrom7n', 'U2FsdGVkX19rmx61IE0cKIV9E3uVpVR4wMotKWfHMgE=', 'I', 'A', '2023-07-02 16:25:11'),
(277, '1017034842', '', '', '', '', '', '', 'nagronski7', 'U2FsdGVkX19rmx61IE0cKIV9E3uVpVR4wMotKWfHMgE=', 'I', 'P', '2023-07-02 16:25:11'),
(278, '5876084077', '', '', '', '', '', '', 'mboone7p', 'U2FsdGVkX19rmx61IE0cKIV9E3uVpVR4wMotKWfHMgE=', 'I', 'P', '2023-07-02 16:25:11'),
(279, '9630576627', '', '', '', '', '', '', 'mvaen7q', 'U2FsdGVkX19rmx61IE0cKIV9E3uVpVR4wMotKWfHMgE=', 'I', 'A', '2023-07-02 16:25:11'),
(280, '0774437561', '', '', '', '', '', '', 'adulton7r', 'U2FsdGVkX19rmx61IE0cKIV9E3uVpVR4wMotKWfHMgE=', 'A', 'P', '2023-07-02 16:25:11'),
(281, '0792664523', '', '', '', '', '', '', 'ekattenhor', 'U2FsdGVkX19rmx61IE0cKIV9E3uVpVR4wMotKWfHMgE=', 'A', 'P', '2023-07-02 16:25:11'),
(282, '8244279249', '', '', '', '', '', '', 'efirmage7t', 'U2FsdGVkX19rmx61IE0cKIV9E3uVpVR4wMotKWfHMgE=', 'A', 'A', '2023-07-02 16:25:11'),
(283, '2729805931', '', '', '', '', '', '', 'sannon7u', 'U2FsdGVkX19rmx61IE0cKIV9E3uVpVR4wMotKWfHMgE=', 'I', 'A', '2023-07-02 16:25:11'),
(284, '5088635052', '', '', '', '', '', '', 'bguilford7', 'U2FsdGVkX19rmx61IE0cKIV9E3uVpVR4wMotKWfHMgE=', 'A', 'A', '2023-07-02 16:25:11'),
(285, '9840226975', '', '', '', '', '', '', 'mbrock7w', 'U2FsdGVkX19rmx61IE0cKIV9E3uVpVR4wMotKWfHMgE=', 'I', 'P', '2023-07-02 16:25:11'),
(286, '3201500666', '', '', '', '', '', '', 'hmchirrie7', 'U2FsdGVkX19rmx61IE0cKIV9E3uVpVR4wMotKWfHMgE=', 'I', 'P', '2023-07-02 16:25:11'),
(287, '3681342156', '', '', '', '', '', '', 'trickcord7', 'U2FsdGVkX19rmx61IE0cKIV9E3uVpVR4wMotKWfHMgE=', 'A', 'P', '2023-07-02 16:25:11'),
(288, '6535692396', '', '', '', '', '', '', 'sjozaitis7', 'U2FsdGVkX19rmx61IE0cKIV9E3uVpVR4wMotKWfHMgE=', 'I', 'P', '2023-07-02 16:25:11'),
(289, '3646663030', '', '', '', '', '', '', 'glochet80', 'U2FsdGVkX19rmx61IE0cKIV9E3uVpVR4wMotKWfHMgE=', 'I', 'P', '2023-07-02 16:25:11'),
(290, '0002544350', '', '', '', '', '', '', 'blycett81', 'U2FsdGVkX19rmx61IE0cKIV9E3uVpVR4wMotKWfHMgE=', 'I', 'P', '2023-07-02 16:25:11'),
(291, '4573429425', '', '', '', '', '', '', 'jhick82', 'U2FsdGVkX19rmx61IE0cKIV9E3uVpVR4wMotKWfHMgE=', 'A', 'P', '2023-07-02 16:25:11'),
(292, '2444164660', '', '', '', '', '', '', 'cpugh83', 'U2FsdGVkX19rmx61IE0cKIV9E3uVpVR4wMotKWfHMgE=', 'I', 'A', '2023-07-02 16:25:11'),
(293, '8651978111', '', '', '', '', '', '', 'jmanus84', 'U2FsdGVkX19rmx61IE0cKIV9E3uVpVR4wMotKWfHMgE=', 'I', 'A', '2023-07-02 16:25:11'),
(294, '5454709182', '', '', '', '', '', '', 'acopcutt85', 'U2FsdGVkX19rmx61IE0cKIV9E3uVpVR4wMotKWfHMgE=', 'A', 'A', '2023-07-02 16:25:11'),
(295, '4726902121', '', '', '', '', '', '', 'trumble86', 'U2FsdGVkX19rmx61IE0cKIV9E3uVpVR4wMotKWfHMgE=', 'A', 'P', '2023-07-02 16:25:11'),
(296, '5647057950', '', '', '', '', '', '', 'tmalek87', 'U2FsdGVkX19rmx61IE0cKIV9E3uVpVR4wMotKWfHMgE=', 'A', 'P', '2023-07-02 16:25:11'),
(297, '2059679966', '', '', '', '', '', '', 'cbaudts88', 'U2FsdGVkX19rmx61IE0cKIV9E3uVpVR4wMotKWfHMgE=', 'I', 'P', '2023-07-02 16:25:11'),
(298, '0522124720', '', '', '', '', '', '', 'nneggrini8', 'U2FsdGVkX19rmx61IE0cKIV9E3uVpVR4wMotKWfHMgE=', 'I', 'A', '2023-07-02 16:25:11'),
(299, '5397950572', '', '', '', '', '', '', 'gbalasini8', 'U2FsdGVkX19rmx61IE0cKIV9E3uVpVR4wMotKWfHMgE=', 'A', 'A', '2023-07-02 16:25:11'),
(300, '8745956324', '', '', '', '', '', '', 'gsara8b', 'U2FsdGVkX19rmx61IE0cKIV9E3uVpVR4wMotKWfHMgE=', 'A', 'A', '2023-07-02 16:25:11'),
(301, '0515025518', '', '', '', '', '', '', 'pwoolrich8', 'U2FsdGVkX19rmx61IE0cKIV9E3uVpVR4wMotKWfHMgE=', 'A', 'P', '2023-07-02 16:25:11'),
(302, '7819563435', '', '', '', '', '', '', 'mfroome8d', 'U2FsdGVkX19rmx61IE0cKIV9E3uVpVR4wMotKWfHMgE=', 'A', 'A', '2023-07-02 16:25:11'),
(303, '8780330290', '', '', '', '', '', '', 'cknowlman8', 'U2FsdGVkX19rmx61IE0cKIV9E3uVpVR4wMotKWfHMgE=', 'A', 'P', '2023-07-02 16:25:11'),
(304, '2451020660', '', '', '', '', '', '', 'roliphard8', 'U2FsdGVkX19rmx61IE0cKIV9E3uVpVR4wMotKWfHMgE=', 'A', 'P', '2023-07-02 16:25:11'),
(305, '4864135908', '', '', '', '', '', '', 'cpietrowic', 'U2FsdGVkX19rmx61IE0cKIV9E3uVpVR4wMotKWfHMgE=', 'A', 'P', '2023-07-02 16:25:11'),
(306, '0434086150', '', '', '', '', '', '', 'klankester', 'U2FsdGVkX19rmx61IE0cKIV9E3uVpVR4wMotKWfHMgE=', 'A', 'P', '2023-07-02 16:25:11'),
(307, '3539997237', '', '', '', '', '', '', 'jwhylie8i', 'U2FsdGVkX19rmx61IE0cKIV9E3uVpVR4wMotKWfHMgE=', 'A', 'P', '2023-07-02 16:25:11'),
(308, '6346258184', '', '', '', '', '', '', 'ufoyster8j', 'U2FsdGVkX19rmx61IE0cKIV9E3uVpVR4wMotKWfHMgE=', 'A', 'A', '2023-07-02 16:25:11'),
(309, '2109660694', '', '', '', '', '', '', 'hearthfiel', 'U2FsdGVkX19rmx61IE0cKIV9E3uVpVR4wMotKWfHMgE=', 'I', 'P', '2023-07-02 16:25:11'),
(310, '0780845013', '', '', '', '', '', '', 'vgowen8l', 'U2FsdGVkX19rmx61IE0cKIV9E3uVpVR4wMotKWfHMgE=', 'I', 'A', '2023-07-02 16:25:11'),
(311, '6378117993', '', '', '', '', '', '', 'rslayny8m', 'U2FsdGVkX19rmx61IE0cKIV9E3uVpVR4wMotKWfHMgE=', 'I', 'A', '2023-07-02 16:25:11'),
(312, '7683362255', '', '', '', '', '', '', 'wmiskimmon', 'U2FsdGVkX19rmx61IE0cKIV9E3uVpVR4wMotKWfHMgE=', 'I', 'P', '2023-07-02 16:25:11'),
(313, '0886361362', '', '', '', '', '', '', 'dmadsen8o', 'U2FsdGVkX19rmx61IE0cKIV9E3uVpVR4wMotKWfHMgE=', 'A', 'P', '2023-07-02 16:25:11'),
(314, '7842157197', '', '', '', '', '', '', 'opanting8p', 'U2FsdGVkX19rmx61IE0cKIV9E3uVpVR4wMotKWfHMgE=', 'I', 'A', '2023-07-02 16:25:11'),
(315, '7625886972', '', '', '', '', '', '', 'cclaye8q', 'U2FsdGVkX19rmx61IE0cKIV9E3uVpVR4wMotKWfHMgE=', 'I', 'A', '2023-07-02 16:25:11'),
(316, '7788871109', '', '', '', '', '', '', 'alowther8r', 'U2FsdGVkX19rmx61IE0cKIV9E3uVpVR4wMotKWfHMgE=', 'I', 'P', '2023-07-02 16:25:11'),
(317, '7812885259', '', '', '', '', '', '', 'alidgley8s', 'U2FsdGVkX19rmx61IE0cKIV9E3uVpVR4wMotKWfHMgE=', 'A', 'P', '2023-07-02 16:25:11'),
(318, '3663424057', '', '', '', '', '', '', 'wsennett8t', 'U2FsdGVkX19rmx61IE0cKIV9E3uVpVR4wMotKWfHMgE=', 'A', 'A', '2023-07-02 16:25:11'),
(319, '4621049240', '', '', '', '', '', '', 'jthackeray', 'U2FsdGVkX19rmx61IE0cKIV9E3uVpVR4wMotKWfHMgE=', 'I', 'P', '2023-07-02 16:25:11'),
(320, '0606955585', '', '', '', '', '', '', 'jbillanie8', 'U2FsdGVkX19rmx61IE0cKIV9E3uVpVR4wMotKWfHMgE=', 'A', 'A', '2023-07-02 16:25:11'),
(321, '5032520438', '', '', '', '', '', '', 'apomfrett8', 'U2FsdGVkX19rmx61IE0cKIV9E3uVpVR4wMotKWfHMgE=', 'I', 'P', '2023-07-02 16:25:11'),
(322, '3655571984', '', '', '', '', '', '', 'cwickins8x', 'U2FsdGVkX19rmx61IE0cKIV9E3uVpVR4wMotKWfHMgE=', 'A', 'P', '2023-07-02 16:25:11'),
(323, '5638888705', '', '', '', '', '', '', 'ngotter8y', 'U2FsdGVkX19rmx61IE0cKIV9E3uVpVR4wMotKWfHMgE=', 'A', 'A', '2023-07-02 16:25:11'),
(324, '2898582948', '', '', '', '', '', '', 'ybonicelli', 'U2FsdGVkX19rmx61IE0cKIV9E3uVpVR4wMotKWfHMgE=', 'A', 'A', '2023-07-02 16:25:11'),
(325, '7820303387', '', '', '', '', '', '', 'bwrankling', 'U2FsdGVkX19rmx61IE0cKIV9E3uVpVR4wMotKWfHMgE=', 'A', 'P', '2023-07-02 16:25:11'),
(326, '2483507409', '', '', '', '', '', '', 'kgermain91', 'U2FsdGVkX19rmx61IE0cKIV9E3uVpVR4wMotKWfHMgE=', 'I', 'P', '2023-07-02 16:25:11'),
(327, '6056267989', '', '', '', '', '', '', 'bjoslow92', 'U2FsdGVkX19rmx61IE0cKIV9E3uVpVR4wMotKWfHMgE=', 'I', 'A', '2023-07-02 16:25:11'),
(328, '5154757254', '', '', '', '', '', '', 'cfrayne93', 'U2FsdGVkX19rmx61IE0cKIV9E3uVpVR4wMotKWfHMgE=', 'I', 'A', '2023-07-02 16:25:11'),
(329, '7064431351', '', '', '', '', '', '', 'mrabjohn94', 'U2FsdGVkX19rmx61IE0cKIV9E3uVpVR4wMotKWfHMgE=', 'A', 'A', '2023-07-02 16:25:11'),
(330, '6741801804', '', '', '', '', '', '', 'wriley95', 'U2FsdGVkX19rmx61IE0cKIV9E3uVpVR4wMotKWfHMgE=', 'I', 'P', '2023-07-02 16:25:11'),
(331, '0766533182', '', '', '', '', '', '', 'esheach96', 'U2FsdGVkX19rmx61IE0cKIV9E3uVpVR4wMotKWfHMgE=', 'I', 'A', '2023-07-02 16:25:11'),
(332, '7605521774', '', '', '', '', '', '', 'rparringto', 'U2FsdGVkX19rmx61IE0cKIV9E3uVpVR4wMotKWfHMgE=', 'A', 'A', '2023-07-02 16:25:11'),
(333, '2542369178', '', '', '', '', '', '', 'cboeck98', 'U2FsdGVkX19rmx61IE0cKIV9E3uVpVR4wMotKWfHMgE=', 'I', 'P', '2023-07-02 16:25:11'),
(334, '2798968003', '', '', '', '', '', '', 'erosensaft', 'U2FsdGVkX19rmx61IE0cKIV9E3uVpVR4wMotKWfHMgE=', 'I', 'A', '2023-07-02 16:25:11'),
(335, '4211171860', '', '', '', '', '', '', 'bcobello9a', 'U2FsdGVkX19rmx61IE0cKIV9E3uVpVR4wMotKWfHMgE=', 'A', 'P', '2023-07-02 16:25:11'),
(336, '7706502295', '', '', '', '', '', '', 'ddundin9b', 'U2FsdGVkX19rmx61IE0cKIV9E3uVpVR4wMotKWfHMgE=', 'I', 'P', '2023-07-02 16:25:11'),
(337, '5039943407', '', '', '', '', '', '', 'vlennon9c', 'U2FsdGVkX19rmx61IE0cKIV9E3uVpVR4wMotKWfHMgE=', 'I', 'A', '2023-07-02 16:25:11'),
(338, '3049794992', '', '', '', '', '', '', 'mgimson9d', 'U2FsdGVkX19rmx61IE0cKIV9E3uVpVR4wMotKWfHMgE=', 'I', 'A', '2023-07-02 16:25:11'),
(339, '8931710313', '', '', '', '', '', '', 'lskally9e', 'U2FsdGVkX19rmx61IE0cKIV9E3uVpVR4wMotKWfHMgE=', 'I', 'P', '2023-07-02 16:25:11'),
(340, '2124072943', '', '', '', '', '', '', 'aacory9f', 'U2FsdGVkX19rmx61IE0cKIV9E3uVpVR4wMotKWfHMgE=', 'A', 'A', '2023-07-02 16:25:11'),
(341, '3933307171', '', '', '', '', '', '', 'jbiss9g', 'U2FsdGVkX19rmx61IE0cKIV9E3uVpVR4wMotKWfHMgE=', 'I', 'P', '2023-07-02 16:25:11'),
(342, '5959498545', '', '', '', '', '', '', 'vkenwin9h', 'U2FsdGVkX19rmx61IE0cKIV9E3uVpVR4wMotKWfHMgE=', 'I', 'A', '2023-07-02 16:25:11'),
(343, '0918488656', '', '', '', '', '', '', 'jmcjury9i', 'U2FsdGVkX19rmx61IE0cKIV9E3uVpVR4wMotKWfHMgE=', 'I', 'A', '2023-07-02 16:25:11'),
(344, '8582248520', '', '', '', '', '', '', 'jpakenham9', 'U2FsdGVkX19rmx61IE0cKIV9E3uVpVR4wMotKWfHMgE=', 'A', 'P', '2023-07-02 16:25:11'),
(345, '1783741619', '', '', '', '', '', '', 'rmanntschk', 'U2FsdGVkX19rmx61IE0cKIV9E3uVpVR4wMotKWfHMgE=', 'I', 'P', '2023-07-02 16:25:11'),
(346, '2527941109', '', '', '', '', '', '', 'bfairholme', 'U2FsdGVkX19rmx61IE0cKIV9E3uVpVR4wMotKWfHMgE=', 'A', 'P', '2023-07-02 16:25:11'),
(347, '5863590300', '', '', '', '', '', '', 'jblundel9m', 'U2FsdGVkX19rmx61IE0cKIV9E3uVpVR4wMotKWfHMgE=', 'A', 'A', '2023-07-02 16:25:11'),
(348, '4243199663', '', '', '', '', '', '', 'ndecaze9n', 'U2FsdGVkX19rmx61IE0cKIV9E3uVpVR4wMotKWfHMgE=', 'A', 'P', '2023-07-02 16:25:11'),
(349, '5834959016', '', '', '', '', '', '', 'cgooch9o', 'U2FsdGVkX19rmx61IE0cKIV9E3uVpVR4wMotKWfHMgE=', 'I', 'P', '2023-07-02 16:25:11'),
(350, '0423753916', '', '', '', '', '', '', 'kdrayn9p', 'U2FsdGVkX19rmx61IE0cKIV9E3uVpVR4wMotKWfHMgE=', 'A', 'A', '2023-07-02 16:25:11'),
(351, '9450370079', '', '', '', '', '', '', 'plodwig9q', 'U2FsdGVkX19rmx61IE0cKIV9E3uVpVR4wMotKWfHMgE=', 'A', 'A', '2023-07-02 16:25:11'),
(352, '9174559885', '', '', '', '', '', '', 'bwelband9r', 'U2FsdGVkX19rmx61IE0cKIV9E3uVpVR4wMotKWfHMgE=', 'I', 'A', '2023-07-02 16:25:11'),
(353, '3481974280', '', '', '', '', '', '', 'dvenables9', 'U2FsdGVkX19rmx61IE0cKIV9E3uVpVR4wMotKWfHMgE=', 'I', 'P', '2023-07-02 16:25:11'),
(354, '9587713966', '', '', '', '', '', '', 'gleishman9', 'U2FsdGVkX19rmx61IE0cKIV9E3uVpVR4wMotKWfHMgE=', 'I', 'P', '2023-07-02 16:25:11'),
(355, '8092937419', '', '', '', '', '', '', 'usaleway9u', 'U2FsdGVkX19rmx61IE0cKIV9E3uVpVR4wMotKWfHMgE=', 'I', 'A', '2023-07-02 16:25:11'),
(356, '9874183535', '', '', '', '', '', '', 'wryam9v', 'U2FsdGVkX19rmx61IE0cKIV9E3uVpVR4wMotKWfHMgE=', 'I', 'P', '2023-07-02 16:25:11'),
(357, '2831947855', '', '', '', '', '', '', 'wply9w', 'U2FsdGVkX19rmx61IE0cKIV9E3uVpVR4wMotKWfHMgE=', 'A', 'A', '2023-07-02 16:25:11'),
(358, '7533100689', '', '', '', '', '', '', 'wbowe9x', 'U2FsdGVkX19rmx61IE0cKIV9E3uVpVR4wMotKWfHMgE=', 'I', 'A', '2023-07-02 16:25:11'),
(359, '7946314280', '', '', '', '', '', '', 'jbarenski9', 'U2FsdGVkX19rmx61IE0cKIV9E3uVpVR4wMotKWfHMgE=', 'A', 'A', '2023-07-02 16:25:11'),
(360, '9936812794', '', '', '', '', '', '', 'uheineke9z', 'U2FsdGVkX19rmx61IE0cKIV9E3uVpVR4wMotKWfHMgE=', 'I', 'A', '2023-07-02 16:25:11'),
(361, '1814479074', '', '', '', '', '', '', 'mboottona0', 'U2FsdGVkX19rmx61IE0cKIV9E3uVpVR4wMotKWfHMgE=', 'A', 'A', '2023-07-02 16:25:11'),
(362, '1731437749', '', '', '', '', '', '', 'ebetza1', 'U2FsdGVkX19rmx61IE0cKIV9E3uVpVR4wMotKWfHMgE=', 'I', 'A', '2023-07-02 16:25:11'),
(363, '3069945481', '', '', '', '', '', '', 'cburghalla', 'U2FsdGVkX19rmx61IE0cKIV9E3uVpVR4wMotKWfHMgE=', 'I', 'P', '2023-07-02 16:25:11');
INSERT INTO `usuario` (`USR_ID`, `USR_DNI`, `USR_NOM`, `USR_NOM2`, `USR_APE`, `USR_APE2`, `USR_TEL`, `USR_MAIL`, `USR`, `USR_PSWD`, `USR_ESTADO`, `USR_TIPO`, `FECHA_CREACION`) VALUES
(364, '9558920339', '', '', '', '', '', '', 'dworledgea', 'U2FsdGVkX19rmx61IE0cKIV9E3uVpVR4wMotKWfHMgE=', 'I', 'P', '2023-07-02 16:25:11'),
(365, '2909257932', '', '', '', '', '', '', 'lrijkeseis', 'U2FsdGVkX19rmx61IE0cKIV9E3uVpVR4wMotKWfHMgE=', 'A', 'A', '2023-07-02 16:25:11'),
(366, '2133771271', '', '', '', '', '', '', 'cgentscha5', 'U2FsdGVkX19rmx61IE0cKIV9E3uVpVR4wMotKWfHMgE=', 'A', 'P', '2023-07-02 16:25:11'),
(367, '4576958305', '', '', '', '', '', '', 'hschoffela', 'U2FsdGVkX19rmx61IE0cKIV9E3uVpVR4wMotKWfHMgE=', 'A', 'A', '2023-07-02 16:25:11'),
(368, '1825953597', '', '', '', '', '', '', 'gedgsona7', 'U2FsdGVkX19rmx61IE0cKIV9E3uVpVR4wMotKWfHMgE=', 'I', 'A', '2023-07-02 16:25:11'),
(369, '5096494284', '', '', '', '', '', '', 'dpepisa8', 'U2FsdGVkX19rmx61IE0cKIV9E3uVpVR4wMotKWfHMgE=', 'I', 'P', '2023-07-02 16:25:11'),
(370, '4173323190', '', '', '', '', '', '', 'fthurlowa9', 'U2FsdGVkX19rmx61IE0cKIV9E3uVpVR4wMotKWfHMgE=', 'A', 'P', '2023-07-02 16:25:11'),
(371, '0518365956', '', '', '', '', '', '', 'ascranneya', 'U2FsdGVkX19rmx61IE0cKIV9E3uVpVR4wMotKWfHMgE=', 'A', 'A', '2023-07-02 16:25:11'),
(372, '3789159891', '', '', '', '', '', '', 'dcleminson', 'U2FsdGVkX19rmx61IE0cKIV9E3uVpVR4wMotKWfHMgE=', 'I', 'P', '2023-07-02 16:25:11'),
(373, '5363702193', '', '', '', '', '', '', 'flehrianac', 'U2FsdGVkX19rmx61IE0cKIV9E3uVpVR4wMotKWfHMgE=', 'A', 'A', '2023-07-02 16:25:11'),
(374, '0756784522', '', '', '', '', '', '', 'aurlingad', 'U2FsdGVkX19rmx61IE0cKIV9E3uVpVR4wMotKWfHMgE=', 'I', 'A', '2023-07-02 16:25:11'),
(375, '1182335764', '', '', '', '', '', '', 'estrettlea', 'U2FsdGVkX19rmx61IE0cKIV9E3uVpVR4wMotKWfHMgE=', 'A', 'P', '2023-07-02 16:25:11'),
(376, '4171739853', '', '', '', '', '', '', 'dcostelowa', 'U2FsdGVkX19rmx61IE0cKIV9E3uVpVR4wMotKWfHMgE=', 'I', 'A', '2023-07-02 16:25:11'),
(377, '3375162375', '', '', '', '', '', '', 'ladaminiag', 'U2FsdGVkX19rmx61IE0cKIV9E3uVpVR4wMotKWfHMgE=', 'A', 'P', '2023-07-02 16:25:11'),
(378, '2392221650', '', '', '', '', '', '', 'jorrinah', 'U2FsdGVkX19rmx61IE0cKIV9E3uVpVR4wMotKWfHMgE=', 'I', 'A', '2023-07-02 16:25:11'),
(379, '1147940657', '', '', '', '', '', '', 'aberkeleya', 'U2FsdGVkX19rmx61IE0cKIV9E3uVpVR4wMotKWfHMgE=', 'I', 'A', '2023-07-02 16:25:11'),
(380, '9766059608', '', '', '', '', '', '', 'kvockingsa', 'U2FsdGVkX19rmx61IE0cKIV9E3uVpVR4wMotKWfHMgE=', 'A', 'P', '2023-07-02 16:25:11'),
(381, '7952740040', '', '', '', '', '', '', 'rlightwing', 'U2FsdGVkX19rmx61IE0cKIV9E3uVpVR4wMotKWfHMgE=', 'I', 'P', '2023-07-02 16:25:11'),
(382, '3511526345', '', '', '', '', '', '', 'cmertgenal', 'U2FsdGVkX19rmx61IE0cKIV9E3uVpVR4wMotKWfHMgE=', 'A', 'A', '2023-07-02 16:25:11'),
(383, '4404772386', '', '', '', '', '', '', 'rscarsbroo', 'U2FsdGVkX19rmx61IE0cKIV9E3uVpVR4wMotKWfHMgE=', 'I', 'A', '2023-07-02 16:25:11'),
(384, '3347086864', '', '', '', '', '', '', 'ggrimeston', 'U2FsdGVkX19rmx61IE0cKIV9E3uVpVR4wMotKWfHMgE=', 'A', 'P', '2023-07-02 16:25:11'),
(385, '3969875269', '', '', '', '', '', '', 'nhodgesao', 'U2FsdGVkX19rmx61IE0cKIV9E3uVpVR4wMotKWfHMgE=', 'I', 'A', '2023-07-02 16:25:11'),
(386, '9816599309', '', '', '', '', '', '', 'dwimpennya', 'U2FsdGVkX19rmx61IE0cKIV9E3uVpVR4wMotKWfHMgE=', 'A', 'A', '2023-07-02 16:25:11'),
(387, '6768349139', '', '', '', '', '', '', 'mtarrenaq', 'U2FsdGVkX19rmx61IE0cKIV9E3uVpVR4wMotKWfHMgE=', 'A', 'A', '2023-07-02 16:25:11'),
(388, '2226229663', '', '', '', '', '', '', 'amarquezar', 'U2FsdGVkX19rmx61IE0cKIV9E3uVpVR4wMotKWfHMgE=', 'A', 'P', '2023-07-02 16:25:11'),
(389, '2004009861', '', '', '', '', '', '', 'cbuntas', 'U2FsdGVkX19rmx61IE0cKIV9E3uVpVR4wMotKWfHMgE=', 'A', 'P', '2023-07-02 16:25:11'),
(390, '9327242467', '', '', '', '', '', '', 'cruncimana', 'U2FsdGVkX19rmx61IE0cKIV9E3uVpVR4wMotKWfHMgE=', 'I', 'A', '2023-07-02 16:25:11'),
(391, '0669132985', '', '', '', '', '', '', 'rseeleyau', 'U2FsdGVkX19rmx61IE0cKIV9E3uVpVR4wMotKWfHMgE=', 'A', 'A', '2023-07-02 16:25:11'),
(392, '2672611785', '', '', '', '', '', '', 'cdareav', 'U2FsdGVkX19rmx61IE0cKIV9E3uVpVR4wMotKWfHMgE=', 'I', 'A', '2023-07-02 16:25:11'),
(393, '0367062534', '', '', '', '', '', '', 'wchauveyaw', 'U2FsdGVkX19rmx61IE0cKIV9E3uVpVR4wMotKWfHMgE=', 'I', 'P', '2023-07-02 16:25:11'),
(394, '4135896561', '', '', '', '', '', '', 'vknyvettax', 'U2FsdGVkX19rmx61IE0cKIV9E3uVpVR4wMotKWfHMgE=', 'A', 'P', '2023-07-02 16:25:11'),
(395, '2270400240', '', '', '', '', '', '', 'estorieay', 'U2FsdGVkX19rmx61IE0cKIV9E3uVpVR4wMotKWfHMgE=', 'I', 'P', '2023-07-02 16:25:11'),
(396, '9095871177', '', '', '', '', '', '', 'cmarlonaz', 'U2FsdGVkX19rmx61IE0cKIV9E3uVpVR4wMotKWfHMgE=', 'A', 'A', '2023-07-02 16:25:11'),
(397, '3416085590', '', '', '', '', '', '', 'nvoulesb0', 'U2FsdGVkX19rmx61IE0cKIV9E3uVpVR4wMotKWfHMgE=', 'I', 'A', '2023-07-02 16:25:11'),
(398, '3208056427', '', '', '', '', '', '', 'sodeveyb1', 'U2FsdGVkX19rmx61IE0cKIV9E3uVpVR4wMotKWfHMgE=', 'A', 'A', '2023-07-02 16:25:11'),
(399, '2495425755', '', '', '', '', '', '', 'atriswellb', 'U2FsdGVkX19rmx61IE0cKIV9E3uVpVR4wMotKWfHMgE=', 'A', 'A', '2023-07-02 16:25:11'),
(400, '4267927138', '', '', '', '', '', '', 'bwestollb3', 'U2FsdGVkX19rmx61IE0cKIV9E3uVpVR4wMotKWfHMgE=', 'I', 'P', '2023-07-02 16:25:11'),
(401, '5329255449', '', '', '', '', '', '', 'anorthallb', 'U2FsdGVkX19rmx61IE0cKIV9E3uVpVR4wMotKWfHMgE=', 'I', 'A', '2023-07-02 16:25:11'),
(402, '0336577176', '', '', '', '', '', '', 'gcromeb5', 'U2FsdGVkX19rmx61IE0cKIV9E3uVpVR4wMotKWfHMgE=', 'I', 'A', '2023-07-02 16:25:11'),
(403, '9689462784', '', '', '', '', '', '', 'lmullinb6', 'U2FsdGVkX19rmx61IE0cKIV9E3uVpVR4wMotKWfHMgE=', 'I', 'P', '2023-07-02 16:25:11'),
(404, '9484073131', '', '', '', '', '', '', 'streadwayb', 'U2FsdGVkX19rmx61IE0cKIV9E3uVpVR4wMotKWfHMgE=', 'A', 'A', '2023-07-02 16:25:11'),
(405, '1528531361', '', '', '', '', '', '', 'cflanaganb', 'U2FsdGVkX19rmx61IE0cKIV9E3uVpVR4wMotKWfHMgE=', 'A', 'A', '2023-07-02 16:25:11'),
(406, '2718401834', '', '', '', '', '', '', 'hocaheyb9', 'U2FsdGVkX19rmx61IE0cKIV9E3uVpVR4wMotKWfHMgE=', 'A', 'A', '2023-07-02 16:25:11'),
(407, '7043097800', '', '', '', '', '', '', 'dblaaschba', 'U2FsdGVkX19rmx61IE0cKIV9E3uVpVR4wMotKWfHMgE=', 'I', 'A', '2023-07-02 16:25:11'),
(408, '7962466901', '', '', '', '', '', '', 'cmallenbb', 'U2FsdGVkX19rmx61IE0cKIV9E3uVpVR4wMotKWfHMgE=', 'A', 'P', '2023-07-02 16:25:11'),
(409, '9359160636', '', '', '', '', '', '', 'rbrimelowb', 'U2FsdGVkX19rmx61IE0cKIV9E3uVpVR4wMotKWfHMgE=', 'I', 'P', '2023-07-02 16:25:11'),
(410, '1225516897', '', '', '', '', '', '', 'wdraycottb', 'U2FsdGVkX19rmx61IE0cKIV9E3uVpVR4wMotKWfHMgE=', 'A', 'P', '2023-07-02 16:25:11'),
(411, '0207237506', '', '', '', '', '', '', 'wobroganbe', 'U2FsdGVkX19rmx61IE0cKIV9E3uVpVR4wMotKWfHMgE=', 'I', 'A', '2023-07-02 16:25:11'),
(412, '8441291357', '', '', '', '', '', '', 'aallettbf', 'U2FsdGVkX19rmx61IE0cKIV9E3uVpVR4wMotKWfHMgE=', 'I', 'A', '2023-07-02 16:25:11'),
(413, '7042705521', '', '', '', '', '', '', 'fbagguleyb', 'U2FsdGVkX19rmx61IE0cKIV9E3uVpVR4wMotKWfHMgE=', 'A', 'A', '2023-07-02 16:25:11'),
(414, '3837765199', '', '', '', '', '', '', 'arudsdaleb', 'U2FsdGVkX19rmx61IE0cKIV9E3uVpVR4wMotKWfHMgE=', 'I', 'A', '2023-07-02 16:25:11'),
(415, '0590725130', '', '', '', '', '', '', 'pdelloydbi', 'U2FsdGVkX19rmx61IE0cKIV9E3uVpVR4wMotKWfHMgE=', 'I', 'P', '2023-07-02 16:25:11'),
(416, '0417649126', '', '', '', '', '', '', 'bpulequebj', 'U2FsdGVkX19rmx61IE0cKIV9E3uVpVR4wMotKWfHMgE=', 'I', 'A', '2023-07-02 16:25:11'),
(417, '3495933875', '', '', '', '', '', '', 'ejakoubecb', 'U2FsdGVkX19rmx61IE0cKIV9E3uVpVR4wMotKWfHMgE=', 'A', 'A', '2023-07-02 16:25:11'),
(418, '6455387821', '', '', '', '', '', '', 'chavelinbl', 'U2FsdGVkX19rmx61IE0cKIV9E3uVpVR4wMotKWfHMgE=', 'A', 'P', '2023-07-02 16:25:11'),
(419, '0629478481', '', '', '', '', '', '', 'gsaylorbm', 'U2FsdGVkX19rmx61IE0cKIV9E3uVpVR4wMotKWfHMgE=', 'A', 'P', '2023-07-02 16:25:11'),
(420, '0724983341', '', '', '', '', '', '', 'lcroneybn', 'U2FsdGVkX19rmx61IE0cKIV9E3uVpVR4wMotKWfHMgE=', 'A', 'A', '2023-07-02 16:25:11'),
(421, '9621015499', '', '', '', '', '', '', 'aquaylebo', 'U2FsdGVkX19rmx61IE0cKIV9E3uVpVR4wMotKWfHMgE=', 'A', 'P', '2023-07-02 16:25:11'),
(422, '4764719673', '', '', '', '', '', '', 'cyockneybp', 'U2FsdGVkX19rmx61IE0cKIV9E3uVpVR4wMotKWfHMgE=', 'A', 'P', '2023-07-02 16:25:11'),
(423, '5529013015', '', '', '', '', '', '', 'dsneakerbq', 'U2FsdGVkX19rmx61IE0cKIV9E3uVpVR4wMotKWfHMgE=', 'I', 'P', '2023-07-02 16:25:11'),
(424, '5331192971', '', '', '', '', '', '', 'rputtockbr', 'U2FsdGVkX19rmx61IE0cKIV9E3uVpVR4wMotKWfHMgE=', 'I', 'P', '2023-07-02 16:25:11'),
(425, '4174159300', '', '', '', '', '', '', 'nmckennabs', 'U2FsdGVkX19rmx61IE0cKIV9E3uVpVR4wMotKWfHMgE=', 'I', 'P', '2023-07-02 16:25:11'),
(426, '3350005136', '', '', '', '', '', '', 'ishankster', 'U2FsdGVkX19rmx61IE0cKIV9E3uVpVR4wMotKWfHMgE=', 'A', 'A', '2023-07-02 16:25:11'),
(427, '4510817681', '', '', '', '', '', '', 'jrosenbarg', 'U2FsdGVkX19rmx61IE0cKIV9E3uVpVR4wMotKWfHMgE=', 'A', 'A', '2023-07-02 16:25:11'),
(428, '8554680995', '', '', '', '', '', '', 'rbootymanb', 'U2FsdGVkX19rmx61IE0cKIV9E3uVpVR4wMotKWfHMgE=', 'I', 'A', '2023-07-02 16:25:11'),
(429, '7951631639', '', '', '', '', '', '', 'hmaplethor', 'U2FsdGVkX19rmx61IE0cKIV9E3uVpVR4wMotKWfHMgE=', 'A', 'A', '2023-07-02 16:25:11'),
(430, '1444754254', '', '', '', '', '', '', 'dbroadbrid', 'U2FsdGVkX19rmx61IE0cKIV9E3uVpVR4wMotKWfHMgE=', 'A', 'P', '2023-07-02 16:25:11'),
(431, '7352756906', '', '', '', '', '', '', 'martheyby', 'U2FsdGVkX19rmx61IE0cKIV9E3uVpVR4wMotKWfHMgE=', 'A', 'A', '2023-07-02 16:25:11'),
(432, '2646384033', '', '', '', '', '', '', 'aeltunebz', 'U2FsdGVkX19rmx61IE0cKIV9E3uVpVR4wMotKWfHMgE=', 'A', 'A', '2023-07-02 16:25:11'),
(433, '9861404627', '', '', '', '', '', '', 'lableyc0', 'U2FsdGVkX19rmx61IE0cKIV9E3uVpVR4wMotKWfHMgE=', 'I', 'P', '2023-07-02 16:25:11'),
(434, '3112360109', '', '', '', '', '', '', 'mdilkesc1', 'U2FsdGVkX19rmx61IE0cKIV9E3uVpVR4wMotKWfHMgE=', 'I', 'A', '2023-07-02 16:25:11'),
(435, '1539180484', '', '', '', '', '', '', 'cturbaynec', 'U2FsdGVkX19rmx61IE0cKIV9E3uVpVR4wMotKWfHMgE=', 'I', 'A', '2023-07-02 16:25:11'),
(436, '0355138042', '', '', '', '', '', '', 'mhankinc3', 'U2FsdGVkX19rmx61IE0cKIV9E3uVpVR4wMotKWfHMgE=', 'I', 'P', '2023-07-02 16:25:11'),
(437, '5833280591', '', '', '', '', '', '', 'bjoscelinc', 'U2FsdGVkX19rmx61IE0cKIV9E3uVpVR4wMotKWfHMgE=', 'I', 'P', '2023-07-02 16:25:11'),
(438, '8784271353', '', '', '', '', '', '', 'cfouldesc5', 'U2FsdGVkX19rmx61IE0cKIV9E3uVpVR4wMotKWfHMgE=', 'A', 'P', '2023-07-02 16:25:11'),
(439, '6445833705', '', '', '', '', '', '', 'bgisbyc6', 'U2FsdGVkX19rmx61IE0cKIV9E3uVpVR4wMotKWfHMgE=', 'I', 'A', '2023-07-02 16:25:11'),
(440, '1585609811', '', '', '', '', '', '', 'epensonc7', 'U2FsdGVkX19rmx61IE0cKIV9E3uVpVR4wMotKWfHMgE=', 'I', 'P', '2023-07-02 16:25:11'),
(441, '6368377283', '', '', '', '', '', '', 'gbuttrissc', 'U2FsdGVkX19rmx61IE0cKIV9E3uVpVR4wMotKWfHMgE=', 'I', 'P', '2023-07-02 16:25:11'),
(442, '3919352742', '', '', '', '', '', '', 'bbottinell', 'U2FsdGVkX19rmx61IE0cKIV9E3uVpVR4wMotKWfHMgE=', 'A', 'A', '2023-07-02 16:25:11'),
(443, '0169528626', '', '', '', '', '', '', 'hmagowanca', 'U2FsdGVkX19rmx61IE0cKIV9E3uVpVR4wMotKWfHMgE=', 'A', 'P', '2023-07-02 16:25:11'),
(444, '4837971113', '', '', '', '', '', '', 'rigounetcb', 'U2FsdGVkX19rmx61IE0cKIV9E3uVpVR4wMotKWfHMgE=', 'I', 'A', '2023-07-02 16:25:11'),
(445, '2390982905', '', '', '', '', '', '', 'ebohlenscc', 'U2FsdGVkX19rmx61IE0cKIV9E3uVpVR4wMotKWfHMgE=', 'A', 'A', '2023-07-02 16:25:11'),
(446, '9975446655', '', '', '', '', '', '', 'jromaincd', 'U2FsdGVkX19rmx61IE0cKIV9E3uVpVR4wMotKWfHMgE=', 'A', 'P', '2023-07-02 16:25:11'),
(447, '7047952586', '', '', '', '', '', '', 'tlucasce', 'U2FsdGVkX19rmx61IE0cKIV9E3uVpVR4wMotKWfHMgE=', 'I', 'A', '2023-07-02 16:25:11'),
(448, '8539621401', '', '', '', '', '', '', 'pbehnekecf', 'U2FsdGVkX19rmx61IE0cKIV9E3uVpVR4wMotKWfHMgE=', 'A', 'P', '2023-07-02 16:25:11'),
(449, '9685764719', '', '', '', '', '', '', 'ksomersett', 'U2FsdGVkX19rmx61IE0cKIV9E3uVpVR4wMotKWfHMgE=', 'A', 'A', '2023-07-02 16:25:11'),
(450, '2267369869', '', '', '', '', '', '', 'jcranglech', 'U2FsdGVkX19rmx61IE0cKIV9E3uVpVR4wMotKWfHMgE=', 'A', 'A', '2023-07-02 16:25:11'),
(451, '5219744283', '', '', '', '', '', '', 'cmcdonnell', 'U2FsdGVkX19rmx61IE0cKIV9E3uVpVR4wMotKWfHMgE=', 'I', 'P', '2023-07-02 16:25:11'),
(452, '1706878079', '', '', '', '', '', '', 'tgellately', 'U2FsdGVkX19rmx61IE0cKIV9E3uVpVR4wMotKWfHMgE=', 'I', 'A', '2023-07-02 16:25:11'),
(453, '8571695628', '', '', '', '', '', '', 'cmariollec', 'U2FsdGVkX19rmx61IE0cKIV9E3uVpVR4wMotKWfHMgE=', 'A', 'P', '2023-07-02 16:25:11'),
(454, '8289482302', '', '', '', '', '', '', 'mbertelsen', 'U2FsdGVkX19rmx61IE0cKIV9E3uVpVR4wMotKWfHMgE=', 'A', 'A', '2023-07-02 16:25:11'),
(455, '4675244815', '', '', '', '', '', '', 'cdobiecm', 'U2FsdGVkX19rmx61IE0cKIV9E3uVpVR4wMotKWfHMgE=', 'I', 'P', '2023-07-02 16:25:11'),
(456, '2233397193', '', '', '', '', '', '', 'asaveallcn', 'U2FsdGVkX19rmx61IE0cKIV9E3uVpVR4wMotKWfHMgE=', 'I', 'P', '2023-07-02 16:25:11'),
(457, '2594989711', '', '', '', '', '', '', 'mniccollsc', 'U2FsdGVkX19rmx61IE0cKIV9E3uVpVR4wMotKWfHMgE=', 'A', 'P', '2023-07-02 16:25:11'),
(458, '2804925676', '', '', '', '', '', '', 'bpharrowcp', 'U2FsdGVkX19rmx61IE0cKIV9E3uVpVR4wMotKWfHMgE=', 'A', 'P', '2023-07-02 16:25:11'),
(459, '3479899757', '', '', '', '', '', '', 'jarnaudotc', 'U2FsdGVkX19rmx61IE0cKIV9E3uVpVR4wMotKWfHMgE=', 'I', 'A', '2023-07-02 16:25:11'),
(460, '4030151906', '', '', '', '', '', '', 'clemanucr', 'U2FsdGVkX19rmx61IE0cKIV9E3uVpVR4wMotKWfHMgE=', 'I', 'A', '2023-07-02 16:25:11'),
(461, '2642529878', '', '', '', '', '', '', 'jshippamcs', 'U2FsdGVkX19rmx61IE0cKIV9E3uVpVR4wMotKWfHMgE=', 'I', 'P', '2023-07-02 16:25:11'),
(462, '3212677821', '', '', '', '', '', '', 'bthomerson', 'U2FsdGVkX19rmx61IE0cKIV9E3uVpVR4wMotKWfHMgE=', 'I', 'A', '2023-07-02 16:25:11'),
(463, '8567439485', '', '', '', '', '', '', 'mphillpcu', 'U2FsdGVkX19rmx61IE0cKIV9E3uVpVR4wMotKWfHMgE=', 'I', 'P', '2023-07-02 16:25:11'),
(464, '7206115977', '', '', '', '', '', '', 'bguinesscv', 'U2FsdGVkX19rmx61IE0cKIV9E3uVpVR4wMotKWfHMgE=', 'I', 'P', '2023-07-02 16:25:11'),
(465, '2100180169', '', '', '', '', '', '', 'kffrenchbe', 'U2FsdGVkX19rmx61IE0cKIV9E3uVpVR4wMotKWfHMgE=', 'I', 'A', '2023-07-02 16:25:11'),
(466, '9431773139', '', '', '', '', '', '', 'efibbenscx', 'U2FsdGVkX19rmx61IE0cKIV9E3uVpVR4wMotKWfHMgE=', 'A', 'A', '2023-07-02 16:25:11'),
(467, '9440419970', '', '', '', '', '', '', 'cbougency', 'U2FsdGVkX19rmx61IE0cKIV9E3uVpVR4wMotKWfHMgE=', 'I', 'A', '2023-07-02 16:25:11'),
(468, '6175998200', '', '', '', '', '', '', 'maverallcz', 'U2FsdGVkX19rmx61IE0cKIV9E3uVpVR4wMotKWfHMgE=', 'A', 'A', '2023-07-02 16:25:11'),
(469, '1142500225', '', '', '', '', '', '', 'ltrinerd0', 'U2FsdGVkX19rmx61IE0cKIV9E3uVpVR4wMotKWfHMgE=', 'I', 'P', '2023-07-02 16:25:11'),
(470, '6003521147', '', '', '', '', '', '', 'sklasend1', 'U2FsdGVkX19rmx61IE0cKIV9E3uVpVR4wMotKWfHMgE=', 'A', 'P', '2023-07-02 16:25:11'),
(471, '9998625742', '', '', '', '', '', '', 'cbillhamd2', 'U2FsdGVkX19rmx61IE0cKIV9E3uVpVR4wMotKWfHMgE=', 'I', 'A', '2023-07-02 16:25:11'),
(472, '6436658785', '', '', '', '', '', '', 'vquadrid3', 'U2FsdGVkX19rmx61IE0cKIV9E3uVpVR4wMotKWfHMgE=', 'I', 'A', '2023-07-02 16:25:11'),
(473, '3569432017', '', '', '', '', '', '', 'acalcottd4', 'U2FsdGVkX19rmx61IE0cKIV9E3uVpVR4wMotKWfHMgE=', 'I', 'P', '2023-07-02 16:25:11'),
(474, '5589776317', '', '', '', '', '', '', 'mjolyd5', 'U2FsdGVkX19rmx61IE0cKIV9E3uVpVR4wMotKWfHMgE=', 'A', 'A', '2023-07-02 16:25:11'),
(475, '6473578641', '', '', '', '', '', '', 'jwainscoat', 'U2FsdGVkX19rmx61IE0cKIV9E3uVpVR4wMotKWfHMgE=', 'A', 'A', '2023-07-02 16:25:11'),
(476, '0430967705', '', '', '', '', '', '', 'whutchence', 'U2FsdGVkX19rmx61IE0cKIV9E3uVpVR4wMotKWfHMgE=', 'I', 'P', '2023-07-02 16:25:11'),
(477, '4518524128', '', '', '', '', '', '', 'cdeathd8', 'U2FsdGVkX19rmx61IE0cKIV9E3uVpVR4wMotKWfHMgE=', 'I', 'A', '2023-07-02 16:25:11'),
(478, '8126154837', '', '', '', '', '', '', 'ccowerdd9', 'U2FsdGVkX19rmx61IE0cKIV9E3uVpVR4wMotKWfHMgE=', 'A', 'A', '2023-07-02 16:25:11'),
(479, '9615633488', '', '', '', '', '', '', 'emackeggda', 'U2FsdGVkX19rmx61IE0cKIV9E3uVpVR4wMotKWfHMgE=', 'I', 'A', '2023-07-02 16:25:11'),
(480, '6021223845', '', '', '', '', '', '', 'mlangfatdb', 'U2FsdGVkX19rmx61IE0cKIV9E3uVpVR4wMotKWfHMgE=', 'I', 'A', '2023-07-02 16:25:11'),
(481, '1601966725', '', '', '', '', '', '', 'lspoordc', 'U2FsdGVkX19rmx61IE0cKIV9E3uVpVR4wMotKWfHMgE=', 'I', 'A', '2023-07-02 16:25:11'),
(482, '9045454394', '', '', '', '', '', '', 'aflintiffd', 'U2FsdGVkX19rmx61IE0cKIV9E3uVpVR4wMotKWfHMgE=', 'A', 'A', '2023-07-02 16:25:11'),
(483, '4539863576', '', '', '', '', '', '', 'jvandervel', 'U2FsdGVkX19rmx61IE0cKIV9E3uVpVR4wMotKWfHMgE=', 'I', 'P', '2023-07-02 16:25:11'),
(484, '9561221160', '', '', '', '', '', '', 'dputtondf', 'U2FsdGVkX19rmx61IE0cKIV9E3uVpVR4wMotKWfHMgE=', 'A', 'A', '2023-07-02 16:25:11'),
(485, '0246163771', '', '', '', '', '', '', 'byeilesdg', 'U2FsdGVkX19rmx61IE0cKIV9E3uVpVR4wMotKWfHMgE=', 'I', 'P', '2023-07-02 16:25:11'),
(486, '4498662407', '', '', '', '', '', '', 'bbixleydh', 'U2FsdGVkX19rmx61IE0cKIV9E3uVpVR4wMotKWfHMgE=', 'A', 'P', '2023-07-02 16:25:11'),
(487, '0349269432', '', '', '', '', '', '', 'tbenezedi', 'U2FsdGVkX19rmx61IE0cKIV9E3uVpVR4wMotKWfHMgE=', 'A', 'P', '2023-07-02 16:25:11'),
(488, '8748110523', '', '', '', '', '', '', 'tpritchard', 'U2FsdGVkX19rmx61IE0cKIV9E3uVpVR4wMotKWfHMgE=', 'A', 'P', '2023-07-02 16:25:11'),
(489, '9117902878', '', '', '', '', '', '', 'bwolffersd', 'U2FsdGVkX19rmx61IE0cKIV9E3uVpVR4wMotKWfHMgE=', 'I', 'P', '2023-07-02 16:25:11'),
(490, '0164191518', '', '', '', '', '', '', 'dtucknuttd', 'U2FsdGVkX19rmx61IE0cKIV9E3uVpVR4wMotKWfHMgE=', 'I', 'P', '2023-07-02 16:25:11'),
(491, '2563896452', '', '', '', '', '', '', 'fforstdm', 'U2FsdGVkX19rmx61IE0cKIV9E3uVpVR4wMotKWfHMgE=', 'A', 'A', '2023-07-02 16:25:11'),
(492, '9036034647', '', '', '', '', '', '', 'agayedn', 'U2FsdGVkX19rmx61IE0cKIV9E3uVpVR4wMotKWfHMgE=', 'I', 'A', '2023-07-02 16:25:11'),
(493, '5495515358', '', '', '', '', '', '', 'hkremerdo', 'U2FsdGVkX19rmx61IE0cKIV9E3uVpVR4wMotKWfHMgE=', 'I', 'P', '2023-07-02 16:25:11'),
(494, '6245939682', '', '', '', '', '', '', 'mvitlerdp', 'U2FsdGVkX19rmx61IE0cKIV9E3uVpVR4wMotKWfHMgE=', 'I', 'A', '2023-07-02 16:25:11'),
(495, '8787342510', '', '', '', '', '', '', 'icasonidq', 'U2FsdGVkX19rmx61IE0cKIV9E3uVpVR4wMotKWfHMgE=', 'I', 'A', '2023-07-02 16:25:11'),
(496, '8699016735', '', '', '', '', '', '', 'tmarldr', 'U2FsdGVkX19rmx61IE0cKIV9E3uVpVR4wMotKWfHMgE=', 'A', 'P', '2023-07-02 16:25:11'),
(497, '0404057292', '', '', '', '', '', '', 'alaceyds', 'U2FsdGVkX19rmx61IE0cKIV9E3uVpVR4wMotKWfHMgE=', 'A', 'A', '2023-07-02 16:25:11'),
(498, '7776293350', '', '', '', '', '', '', 'dcreadydt', 'U2FsdGVkX19rmx61IE0cKIV9E3uVpVR4wMotKWfHMgE=', 'A', 'A', '2023-07-02 16:25:11'),
(499, '6044062082', '', '', '', '', '', '', 'tmacbethdu', 'U2FsdGVkX19rmx61IE0cKIV9E3uVpVR4wMotKWfHMgE=', 'A', 'A', '2023-07-02 16:25:11'),
(501, '7867319522', '', '', '', '', '', '', 'lreicherzd', 'U2FsdGVkX19rmx61IE0cKIV9E3uVpVR4wMotKWfHMgE=', 'I', 'P', '2023-07-02 16:25:11');

--
-- Índices para tablas volcadas
--

--
-- Indices de la tabla `anio_lectivo`
--
ALTER TABLE `anio_lectivo`
  ADD PRIMARY KEY (`AL_ID`),
  ADD UNIQUE KEY `AL_INI` (`AL_INI`),
  ADD UNIQUE KEY `AL_FIN` (`AL_FIN`),
  ADD KEY `USR_CREADOR_ID` (`USR_CREADOR_ID`);

--
-- Indices de la tabla `asg_prll_prf`
--
ALTER TABLE `asg_prll_prf`
  ADD PRIMARY KEY (`ASG_PRLL_PRF_ID`),
  ADD KEY `ASG_ID` (`ASG_ID`),
  ADD KEY `PRF_ID` (`PRF_ID`),
  ADD KEY `PRLL_ID` (`PRLL_ID`);

--
-- Indices de la tabla `asignatura`
--
ALTER TABLE `asignatura`
  ADD PRIMARY KEY (`ASG_ID`),
  ADD UNIQUE KEY `ASG_NOM` (`ASG_NOM`),
  ADD KEY `USR_CREADOR_ID` (`USR_CREADOR_ID`);

--
-- Indices de la tabla `calificacion`
--
ALTER TABLE `calificacion`
  ADD PRIMARY KEY (`CLF_ID`),
  ADD KEY `MTRC_ID` (`MTRC_ID`),
  ADD KEY `ASG_PRLL_PRF_ID` (`ASG_PRLL_PRF_ID`);

--
-- Indices de la tabla `curso`
--
ALTER TABLE `curso`
  ADD PRIMARY KEY (`CRS_ID`),
  ADD KEY `USR_CREADOR_ID` (`USR_CREADOR_ID`);

--
-- Indices de la tabla `estudiante`
--
ALTER TABLE `estudiante`
  ADD PRIMARY KEY (`EST_ID`),
  ADD UNIQUE KEY `EST_DNI` (`EST_DNI`),
  ADD KEY `REP_ID` (`REP_ID`),
  ADD KEY `USR_CREADOR_ID` (`USR_CREADOR_ID`);

--
-- Indices de la tabla `matricula`
--
ALTER TABLE `matricula`
  ADD PRIMARY KEY (`MTRC_ID`),
  ADD KEY `EST_ID` (`EST_ID`),
  ADD KEY `PRLL_ID` (`PRLL_ID`),
  ADD KEY `USR_CREADOR_ID` (`USR_CREADOR_ID`);

--
-- Indices de la tabla `paralelo`
--
ALTER TABLE `paralelo`
  ADD PRIMARY KEY (`PRLL_ID`),
  ADD UNIQUE KEY `CRS_ID` (`CRS_ID`,`AL_ID`),
  ADD KEY `PRF_ID` (`PRF_ID`),
  ADD KEY `AL_ID` (`AL_ID`),
  ADD KEY `USR_CREADOR_ID` (`USR_CREADOR_ID`);

--
-- Indices de la tabla `profesor`
--
ALTER TABLE `profesor`
  ADD PRIMARY KEY (`PRF_ID`),
  ADD UNIQUE KEY `PRF_DNI` (`PRF_DNI`),
  ADD KEY `USR_CREADOR_ID` (`USR_CREADOR_ID`);

--
-- Indices de la tabla `representante`
--
ALTER TABLE `representante`
  ADD PRIMARY KEY (`REP_ID`),
  ADD UNIQUE KEY `REP_DNI` (`REP_DNI`),
  ADD KEY `USR_CREADOR_ID` (`USR_CREADOR_ID`);

--
-- Indices de la tabla `usuario`
--
ALTER TABLE `usuario`
  ADD PRIMARY KEY (`USR_ID`),
  ADD UNIQUE KEY `USR` (`USR`),
  ADD UNIQUE KEY `USR_DNI` (`USR_DNI`);

--
-- AUTO_INCREMENT de las tablas volcadas
--

--
-- AUTO_INCREMENT de la tabla `anio_lectivo`
--
ALTER TABLE `anio_lectivo`
  MODIFY `AL_ID` int(11) NOT NULL AUTO_INCREMENT, AUTO_INCREMENT=19;

--
-- AUTO_INCREMENT de la tabla `asg_prll_prf`
--
ALTER TABLE `asg_prll_prf`
  MODIFY `ASG_PRLL_PRF_ID` int(11) NOT NULL AUTO_INCREMENT, AUTO_INCREMENT=1001;

--
-- AUTO_INCREMENT de la tabla `asignatura`
--
ALTER TABLE `asignatura`
  MODIFY `ASG_ID` int(11) NOT NULL AUTO_INCREMENT, AUTO_INCREMENT=16;

--
-- AUTO_INCREMENT de la tabla `calificacion`
--
ALTER TABLE `calificacion`
  MODIFY `CLF_ID` int(11) NOT NULL AUTO_INCREMENT, AUTO_INCREMENT=3;

--
-- AUTO_INCREMENT de la tabla `curso`
--
ALTER TABLE `curso`
  MODIFY `CRS_ID` int(11) NOT NULL AUTO_INCREMENT, AUTO_INCREMENT=14;

--
-- AUTO_INCREMENT de la tabla `estudiante`
--
ALTER TABLE `estudiante`
  MODIFY `EST_ID` int(11) NOT NULL AUTO_INCREMENT, AUTO_INCREMENT=1001;

--
-- AUTO_INCREMENT de la tabla `matricula`
--
ALTER TABLE `matricula`
  MODIFY `MTRC_ID` int(11) NOT NULL AUTO_INCREMENT, AUTO_INCREMENT=1001;

--
-- AUTO_INCREMENT de la tabla `paralelo`
--
ALTER TABLE `paralelo`
  MODIFY `PRLL_ID` int(11) NOT NULL AUTO_INCREMENT, AUTO_INCREMENT=237;

--
-- AUTO_INCREMENT de la tabla `profesor`
--
ALTER TABLE `profesor`
  MODIFY `PRF_ID` int(11) NOT NULL AUTO_INCREMENT, AUTO_INCREMENT=101;

--
-- AUTO_INCREMENT de la tabla `representante`
--
ALTER TABLE `representante`
  MODIFY `REP_ID` int(11) NOT NULL AUTO_INCREMENT, AUTO_INCREMENT=1001;

--
-- AUTO_INCREMENT de la tabla `usuario`
--
ALTER TABLE `usuario`
  MODIFY `USR_ID` int(11) NOT NULL AUTO_INCREMENT, AUTO_INCREMENT=502;

--
-- Restricciones para tablas volcadas
--

--
-- Filtros para la tabla `anio_lectivo`
--
ALTER TABLE `anio_lectivo`
  ADD CONSTRAINT `anio_lectivo_ibfk_1` FOREIGN KEY (`USR_CREADOR_ID`) REFERENCES `usuario` (`USR_ID`);

--
-- Filtros para la tabla `asg_prll_prf`
--
ALTER TABLE `asg_prll_prf`
  ADD CONSTRAINT `asg_prll_prf_ibfk_1` FOREIGN KEY (`ASG_ID`) REFERENCES `asignatura` (`ASG_ID`),
  ADD CONSTRAINT `asg_prll_prf_ibfk_2` FOREIGN KEY (`PRF_ID`) REFERENCES `profesor` (`PRF_ID`),
  ADD CONSTRAINT `asg_prll_prf_ibfk_3` FOREIGN KEY (`PRLL_ID`) REFERENCES `paralelo` (`PRLL_ID`);

--
-- Filtros para la tabla `asignatura`
--
ALTER TABLE `asignatura`
  ADD CONSTRAINT `asignatura_ibfk_1` FOREIGN KEY (`USR_CREADOR_ID`) REFERENCES `usuario` (`USR_ID`);

--
-- Filtros para la tabla `calificacion`
--
ALTER TABLE `calificacion`
  ADD CONSTRAINT `calificacion_ibfk_1` FOREIGN KEY (`MTRC_ID`) REFERENCES `matricula` (`MTRC_ID`),
  ADD CONSTRAINT `calificacion_ibfk_2` FOREIGN KEY (`ASG_PRLL_PRF_ID`) REFERENCES `asg_prll_prf` (`ASG_PRLL_PRF_ID`);

--
-- Filtros para la tabla `curso`
--
ALTER TABLE `curso`
  ADD CONSTRAINT `curso_ibfk_1` FOREIGN KEY (`USR_CREADOR_ID`) REFERENCES `usuario` (`USR_ID`);

--
-- Filtros para la tabla `estudiante`
--
ALTER TABLE `estudiante`
  ADD CONSTRAINT `estudiante_ibfk_1` FOREIGN KEY (`REP_ID`) REFERENCES `representante` (`REP_ID`),
  ADD CONSTRAINT `estudiante_ibfk_2` FOREIGN KEY (`USR_CREADOR_ID`) REFERENCES `usuario` (`USR_ID`);

--
-- Filtros para la tabla `matricula`
--
ALTER TABLE `matricula`
  ADD CONSTRAINT `matricula_ibfk_1` FOREIGN KEY (`EST_ID`) REFERENCES `estudiante` (`EST_ID`),
  ADD CONSTRAINT `matricula_ibfk_2` FOREIGN KEY (`PRLL_ID`) REFERENCES `paralelo` (`PRLL_ID`),
  ADD CONSTRAINT `matricula_ibfk_3` FOREIGN KEY (`USR_CREADOR_ID`) REFERENCES `usuario` (`USR_ID`);

--
-- Filtros para la tabla `paralelo`
--
ALTER TABLE `paralelo`
  ADD CONSTRAINT `paralelo_ibfk_1` FOREIGN KEY (`CRS_ID`) REFERENCES `curso` (`CRS_ID`),
  ADD CONSTRAINT `paralelo_ibfk_2` FOREIGN KEY (`PRF_ID`) REFERENCES `profesor` (`PRF_ID`),
  ADD CONSTRAINT `paralelo_ibfk_3` FOREIGN KEY (`AL_ID`) REFERENCES `anio_lectivo` (`AL_ID`),
  ADD CONSTRAINT `paralelo_ibfk_4` FOREIGN KEY (`USR_CREADOR_ID`) REFERENCES `usuario` (`USR_ID`);

--
-- Filtros para la tabla `profesor`
--
ALTER TABLE `profesor`
  ADD CONSTRAINT `profesor_ibfk_1` FOREIGN KEY (`USR_CREADOR_ID`) REFERENCES `usuario` (`USR_ID`);

--
-- Filtros para la tabla `representante`
--
ALTER TABLE `representante`
  ADD CONSTRAINT `representante_ibfk_1` FOREIGN KEY (`USR_CREADOR_ID`) REFERENCES `usuario` (`USR_ID`);
COMMIT;

/*!40101 SET CHARACTER_SET_CLIENT=@OLD_CHARACTER_SET_CLIENT */;
/*!40101 SET CHARACTER_SET_RESULTS=@OLD_CHARACTER_SET_RESULTS */;
/*!40101 SET COLLATION_CONNECTION=@OLD_COLLATION_CONNECTION */;
